#ifndef MOMO_SPRITES_H
#define MOMO_SPRITES_H

#define MOMO_SPRITE_WIDTH 144U
#define MOMO_SPRITE_HEIGHT 184U
#define MOMO_SPRITE_COUNT 8U

static const uint8_t momo_sprite_0[] = {
    0xFF, 0x00, 0xFF, 0x00, 0xFF, 0x00, 0xFF, 0x00, 0xFF, 0x00, 0xFF, 0x00, 0xFF, 0x00, 0xFF, 0x00, 0xFF, 0x00, 0xFF, 0x00,
    0x5F, 0x00, 0x08, 0x07, 0x38, 0x00, 0x08, 0x07, 0x47, 0x00, 0x07, 0x07, 0x01, 0x0E, 0x04, 0x07, 0x33, 0x00, 0x03, 0x07,
    0x02, 0x0E, 0x04, 0x07, 0x01, 0x10, 0x01, 0x07, 0x45, 0x00, 0x02, 0x07, 0x02, 0x06, 0x07, 0x07, 0x01, 0x10, 0x01, 0x0E,
    0x02, 0x07, 0x2F, 0x00, 0x02, 0x07, 0x01, 0x0F, 0x01, 0x0E, 0x04, 0x07, 0x01, 0x0E, 0x03, 0x07, 0x01, 0x0F, 0x01, 0x07,
    0x43, 0x00, 0x02, 0x07, 0x05, 0x06, 0x07, 0x07, 0x01, 0x0F, 0x01, 0x10, 0x02, 0x07, 0x2B, 0x00, 0x01, 0x07, 0x01, 0x0E,
    0x01, 0x10, 0x05, 0x07, 0x01, 0x0E, 0x06, 0x07, 0x01, 0x0F, 0x01, 0x07, 0x42, 0x00, 0x01, 0x07, 0x03, 0x06, 0x03, 0x05,
    0x03, 0x06, 0x06, 0x07, 0x01, 0x0E, 0x01, 0x10, 0x02, 0x07, 0x27, 0x00, 0x02, 0x07, 0x01, 0x10, 0x06, 0x07, 0x01, 0x0F,
    0x02, 0x07, 0x05, 0x06, 0x02, 0x07, 0x41, 0x00, 0x02, 0x07, 0x03, 0x06, 0x05, 0x05, 0x01, 0x06, 0x08, 0x07, 0x01, 0x10,
    0x01, 0x0F, 0x01, 0x07, 0x25, 0x00, 0x01, 0x07, 0x01, 0x0F, 0x07, 0x07, 0x01, 0x0E, 0x02, 0x07, 0x02, 0x06, 0x03, 0x05,
    0x01, 0x06, 0x03, 0x07, 0x40, 0x00, 0x02, 0x07, 0x02, 0x06, 0x02, 0x05, 0x01, 0x04, 0x01, 0x05, 0x05, 0x06, 0x08, 0x07,
    0x01, 0x10, 0x02, 0x07, 0x21, 0x00, 0x02, 0x07, 0x01, 0x0F, 0x07, 0x07, 0x01, 0x0E, 0x02, 0x07, 0x02, 0x06, 0x04, 0x05,
    0x01, 0x06, 0x03, 0x07, 0x40, 0x00, 0x01, 0x07, 0x01, 0x06, 0x01, 0x07, 0x02, 0x06, 0x01, 0x04, 0x03, 0x03, 0x01, 0x05,
    0x01, 0x06, 0x01, 0x05, 0x02, 0x06, 0x08, 0x07, 0x01, 0x0F, 0x01, 0x10, 0x01, 0x07, 0x1F, 0x00, 0x01, 0x07, 0x01, 0x0F,
    0x08, 0x07, 0x01, 0x0E, 0x03, 0x07, 0x01, 0x06, 0x01, 0x04, 0x02, 0x03, 0x01, 0x04, 0x01, 0x05, 0x01, 0x06, 0x03, 0x07,
    0x3F, 0x00, 0x02, 0x07, 0x01, 0x06, 0x01, 0x07, 0x02, 0x06, 0x01, 0x03, 0x02, 0x04, 0x02, 0x03, 0x01, 0x04, 0x01, 0x06,
    0x01, 0x05, 0x02, 0x06, 0x09, 0x07, 0x01, 0x10, 0x01, 0x07, 0x1D, 0x00, 0x01, 0x07, 0x01, 0x10, 0x08, 0x07, 0x01, 0x0E,
    0x03, 0x07, 0x01, 0x06, 0x01, 0x04, 0x01, 0x03, 0x02, 0x05, 0x01, 0x04, 0x01, 0x05, 0x02, 0x06, 0x03, 0x07, 0x3E, 0x00,
    0x02, 0x07, 0x01, 0x06, 0x01, 0x07, 0x01, 0x06, 0x01, 0x05, 0x05, 0x04, 0x01, 0x03, 0x01, 0x04, 0x01, 0x06, 0x01, 0x05,
    0x02, 0x06, 0x09, 0x07, 0x01, 0x10, 0x01, 0x0E, 0x01, 0x07, 0x1A, 0x00, 0x01, 0x07, 0x01, 0x0F, 0x08, 0x07, 0x01, 0x0E,
    0x03, 0x07, 0x01, 0x06, 0x02, 0x04, 0x02, 0x05, 0x01, 0x06, 0x01, 0x05, 0x01, 0x04, 0x02, 0x06, 0x03, 0x07, 0x3E, 0x00,
    0x04, 0x07, 0x01, 0x06, 0x01, 0x05, 0x01, 0x04, 0x01, 0x05, 0x04, 0x04, 0x01, 0x03, 0x01, 0x04, 0x04, 0x06, 0x09, 0x07,
    0x01, 0x10, 0x01, 0x0E, 0x01, 0x07, 0x04, 0x00, 0x0F, 0x07, 0x04, 0x00, 0x0B, 0x07, 0x01, 0x0E, 0x04, 0x07, 0x02, 0x04,
    0x05, 0x05, 0x01, 0x04, 0x01, 0x05, 0x01, 0x06, 0x03, 0x07, 0x3E, 0x00, 0x01, 0x07, 0x01, 0x06, 0x02, 0x07, 0x01, 0x06,
    0x01, 0x04, 0x03, 0x05, 0x04, 0x04, 0x01, 0x03, 0x01, 0x05, 0x03, 0x06, 0x0A, 0x07, 0x02, 0x0E, 0x04, 0x07, 0x01, 0x0F,
    0x0D, 0x10, 0x01, 0x0F, 0x01, 0x0E, 0x12, 0x07, 0x01, 0x05, 0x01, 0x04, 0x05, 0x05, 0x01, 0x06, 0x01, 0x04, 0x01, 0x05,
    0x01, 0x06, 0x03, 0x07, 0x3D, 0x00, 0x01, 0x07, 0x02, 0x06, 0x02, 0x07, 0x01, 0x06, 0x01, 0x04, 0x03, 0x05, 0x04, 0x04,
    0x02, 0x03, 0x04, 0x06, 0x0B, 0x07, 0x02, 0x10, 0x01, 0x0F, 0x0E, 0x07, 0x01, 0x0E, 0x01, 0x0F, 0x05, 0x10, 0x01, 0x0F,
    0x0C, 0x07, 0x01, 0x06, 0x01, 0x04, 0x06, 0x05, 0x01, 0x06, 0x01, 0x04, 0x01, 0x05, 0x01, 0x06, 0x03, 0x07, 0x3D, 0x00,
    0x02, 0x07, 0x01, 0x06, 0x02, 0x07, 0x01, 0x06, 0x01, 0x04, 0x04, 0x05, 0x04, 0x04, 0x01, 0x03, 0x01, 0x04, 0x01, 0x06,
    0x01, 0x05, 0x01, 0x06, 0x20, 0x07, 0x03, 0x0E, 0x01, 0x0F, 0x01, 0x10, 0x01, 0x0F, 0x05, 0x07, 0x01, 0x0E, 0x04, 0x07,
    0x01, 0x04, 0x07, 0x05, 0x01, 0x06, 0x02, 0x05, 0x01, 0x06, 0x04, 0x07, 0x3C, 0x00, 0x02, 0x07, 0x01, 0x06, 0x02, 0x07,
    0x01, 0x06, 0x01, 0x04, 0x05, 0x05, 0x03, 0x04, 0x02, 0x03, 0x01, 0x05, 0x01, 0x06, 0x01, 0x05, 0x01, 0x06, 0x23, 0x07,
    0x01, 0x0E, 0x02, 0x0F, 0x01, 0x0E, 0x07, 0x07, 0x01, 0x05, 0x01, 0x04, 0x03, 0x05, 0x04, 0x06, 0x03, 0x05, 0x01, 0x06,
    0x04, 0x07, 0x3C, 0x00, 0x02, 0x07, 0x01, 0x06, 0x02, 0x07, 0x01, 0x06, 0x01, 0x04, 0x06, 0x05, 0x03, 0x04, 0x01, 0x02,
    0x01, 0x03, 0x02, 0x06, 0x27, 0x07, 0x02, 0x0E, 0x06, 0x07, 0x01, 0x04, 0x04, 0x05, 0x05, 0x06, 0x02, 0x05, 0x01, 0x06,
    0x04, 0x07, 0x3C, 0x00, 0x02, 0x07, 0x01, 0x06, 0x02, 0x07, 0x01, 0x06, 0x01, 0x04, 0x06, 0x05, 0x02, 0x04, 0x02, 0x03,
    0x01, 0x05, 0x31, 0x07, 0x01, 0x05, 0x01, 0x04, 0x01, 0x05, 0x07, 0x06, 0x02, 0x05, 0x02, 0x06, 0x03, 0x07, 0x3C, 0x00,
    0x02, 0x07, 0x01, 0x06, 0x02, 0x07, 0x01, 0x06, 0x01, 0x04, 0x06, 0x05, 0x01, 0x04, 0x01, 0x03, 0x01, 0x04, 0x34, 0x07,
    0x01, 0x06, 0x02, 0x05, 0x06, 0x06, 0x02, 0x05, 0x01, 0x06, 0x04, 0x07, 0x3C, 0x00, 0x02, 0x07, 0x01, 0x06, 0x02, 0x07,
    0x01, 0x06, 0x01, 0x04, 0x05, 0x05, 0x02, 0x04, 0x01, 0x06, 0x37, 0x07, 0x01, 0x06, 0x02, 0x05, 0x04, 0x06, 0x02, 0x05,
    0x01, 0x06, 0x04, 0x07, 0x3C, 0x00, 0x02, 0x07, 0x01, 0x06, 0x02, 0x07, 0x01, 0x06, 0x01, 0x04, 0x04, 0x05, 0x01, 0x04,
    0x01, 0x05, 0x38, 0x07, 0x01, 0x0E, 0x02, 0x07, 0x02, 0x05, 0x01, 0x06, 0x01, 0x05, 0x01, 0x06, 0x02, 0x05, 0x01, 0x06,
    0x04, 0x07, 0x3C, 0x00, 0x02, 0x07, 0x01, 0x06, 0x03, 0x07, 0x01, 0x04, 0x03, 0x05, 0x01, 0x04, 0x01, 0x06, 0x3A, 0x07,
    0x01, 0x0E, 0x01, 0x0F, 0x01, 0x07, 0x02, 0x05, 0x01, 0x06, 0x02, 0x05, 0x01, 0x06, 0x05, 0x07, 0x3C, 0x00, 0x02, 0x07,
    0x01, 0x06, 0x03, 0x07, 0x01, 0x04, 0x03, 0x05, 0x01, 0x06, 0x3C, 0x07, 0x01, 0x0E, 0x01, 0x10, 0x01, 0x07, 0x01, 0x06,
    0x03, 0x05, 0x02, 0x06, 0x04, 0x07, 0x3C, 0x00, 0x02, 0x07, 0x01, 0x06, 0x03, 0x07, 0x01, 0x05, 0x01, 0x04, 0x01, 0x05,
    0x3F, 0x07, 0x01, 0x0F, 0x01, 0x10, 0x01, 0x0E, 0x01, 0x06, 0x01, 0x04, 0x01, 0x05, 0x06, 0x07, 0x3C, 0x00, 0x02, 0x07,
    0x01, 0x06, 0x04, 0x07, 0x01, 0x05, 0x41, 0x07, 0x01, 0x0F, 0x02, 0x10, 0x02, 0x06, 0x06, 0x07, 0x3C, 0x00, 0x02, 0x07,
    0x02, 0x06, 0x02, 0x07, 0x01, 0x06, 0x43, 0x07, 0x01, 0x0F, 0x02, 0x10, 0x04, 0x07, 0x01, 0x06, 0x02, 0x07, 0x3C, 0x00,
    0x02, 0x07, 0x02, 0x06, 0x01, 0x07, 0x01, 0x06, 0x45, 0x07, 0x01, 0x0F, 0x01, 0x10, 0x01, 0x0F, 0x03, 0x07, 0x01, 0x06,
    0x02, 0x07, 0x3C, 0x00, 0x01, 0x07, 0x04, 0x06, 0x33, 0x07, 0x01, 0x0E, 0x13, 0x07, 0x01, 0x0E, 0x01, 0x10, 0x01, 0x0F,
    0x02, 0x07, 0x01, 0x06, 0x02, 0x07, 0x3C, 0x00, 0x01, 0x07, 0x03, 0x06, 0x2D, 0x07, 0x0B, 0x0E, 0x11, 0x07, 0x01, 0x0F,
    0x01, 0x10, 0x01, 0x0F, 0x01, 0x07, 0x01, 0x06, 0x01, 0x07, 0x3E, 0x00, 0x01, 0x06, 0x01, 0x05, 0x2E, 0x07, 0x0D, 0x0E,
    0x10, 0x07, 0x01, 0x0F, 0x01, 0x10, 0x03, 0x07, 0x3E, 0x00, 0x01, 0x06, 0x2E, 0x07, 0x0D, 0x0E, 0x12, 0x07, 0x01, 0x0F,
    0x01, 0x10, 0x01, 0x0E, 0x01, 0x07, 0x3E, 0x00, 0x01, 0x07, 0x01, 0x0E, 0x07, 0x07, 0x01, 0x06, 0x27, 0x07, 0x0A, 0x0E,
    0x13, 0x07, 0x01, 0x0E, 0x01, 0x0F, 0x01, 0x10, 0x01, 0x07, 0x3D, 0x00, 0x09, 0x07, 0x07, 0x06, 0x24, 0x07, 0x02, 0x0E,
    0x1B, 0x07, 0x01, 0x10, 0x01, 0x0F, 0x3D, 0x00, 0x07, 0x07, 0x02, 0x06, 0x30, 0x07, 0x01, 0x0E, 0x02, 0x0F, 0x06, 0x10,
    0x03, 0x0F, 0x01, 0x0E, 0x0B, 0x07, 0x01, 0x0E, 0x01, 0x10, 0x01, 0x07, 0x3B, 0x00, 0x01, 0x07, 0x01, 0x0E, 0x0B, 0x07,
    0x04, 0x06, 0x06, 0x05, 0x03, 0x06, 0x1C, 0x07, 0x01, 0x0E, 0x01, 0x0F, 0x01, 0x0E, 0x03, 0x07, 0x04, 0x06, 0x05, 0x05,
    0x03, 0x06, 0x0B, 0x07, 0x01, 0x0F, 0x01, 0x10, 0x01, 0x07, 0x39, 0x00, 0x08, 0x07, 0x01, 0x06, 0x01, 0x05, 0x01, 0x03,
    0x12, 0x02, 0x01, 0x03, 0x01, 0x04, 0x01, 0x05, 0x01, 0x06, 0x17, 0x07, 0x01, 0x05, 0x01, 0x04, 0x02, 0x03, 0x01, 0x02,
    0x09, 0x03, 0x02, 0x04, 0x04, 0x03, 0x02, 0x04, 0x01, 0x05, 0x06, 0x07, 0x01, 0x10, 0x01, 0x0E, 0x39, 0x00, 0x05, 0x07,
    0x01, 0x06, 0x01, 0x04, 0x14, 0x02, 0x02, 0x03, 0x02, 0x02, 0x03, 0x03, 0x01, 0x05, 0x12, 0x07, 0x01, 0x06, 0x01, 0x03,
    0x02, 0x02, 0x01, 0x03, 0x02, 0x04, 0x06, 0x03, 0x03, 0x02, 0x05, 0x03, 0x03, 0x04, 0x04, 0x03, 0x01, 0x05, 0x02, 0x07,
    0x01, 0x0E, 0x01, 0x07, 0x01, 0x10, 0x01, 0x07, 0x37, 0x00, 0x01, 0x07, 0x01, 0x0E, 0x03, 0x07, 0x01, 0x03, 0x04, 0x02,
    0x01, 0x03, 0x16, 0x02, 0x03, 0x03, 0x01, 0x04, 0x10, 0x07, 0x01, 0x03, 0x01, 0x02, 0x03, 0x03, 0x15, 0x02, 0x04, 0x03,
    0x01, 0x02, 0x01, 0x04, 0x01, 0x07, 0x01, 0x10, 0x01, 0x0E, 0x01, 0x10, 0x01, 0x07, 0x36, 0x00, 0x03, 0x07, 0x01, 0x05,
    0x03, 0x02, 0x01, 0x03, 0x05, 0x02, 0x01, 0x03, 0x01, 0x04, 0x02, 0x05, 0x05, 0x06, 0x02, 0x05, 0x01, 0x06, 0x02, 0x05,
    0x02, 0x04, 0x02, 0x03, 0x04, 0x02, 0x01, 0x03, 0x01, 0x04, 0x01, 0x03, 0x0E, 0x07, 0x02, 0x02, 0x02, 0x03, 0x03, 0x02,
    0x01, 0x03, 0x03, 0x04, 0x01, 0x05, 0x0A, 0x06, 0x01, 0x05, 0x01, 0x04, 0x01, 0x03, 0x03, 0x02, 0x03, 0x03, 0x01, 0x02,
    0x01, 0x03, 0x01, 0x02, 0x01, 0x06, 0x01, 0x0E, 0x01, 0x0F, 0x01, 0x0E, 0x35, 0x00, 0x03, 0x07, 0x01, 0x05, 0x02, 0x02,
    0x01, 0x03, 0x05, 0x02, 0x01, 0x06, 0x04, 0x07, 0x03, 0x06, 0x0D, 0x05, 0x01, 0x04, 0x04, 0x02, 0x01, 0x04, 0x01, 0x03,
    0x0C, 0x07, 0x02, 0x02, 0x01, 0x03, 0x02, 0x02, 0x01, 0x03, 0x01, 0x04, 0x0D, 0x05, 0x02, 0x06, 0x05, 0x07, 0x01, 0x06,
    0x03, 0x02, 0x04, 0x03, 0x01, 0x02, 0x01, 0x06, 0x02, 0x10, 0x01, 0x07, 0x33, 0x00, 0x04, 0x07, 0x02, 0x02, 0x01, 0x03,
    0x04, 0x02, 0x01, 0x04, 0x02, 0x07, 0x01, 0x06, 0x09, 0x05, 0x01, 0x04, 0x01, 0x07, 0x01, 0x06, 0x01, 0x04, 0x02, 0x05,
    0x04, 0x04, 0x02, 0x05, 0x01, 0x04, 0x03, 0x02, 0x01, 0x03, 0x01, 0x05, 0x0A, 0x07, 0x01, 0x04, 0x01, 0x02, 0x02, 0x03,
    0x01, 0x02, 0x01, 0x03, 0x08, 0x05, 0x01, 0x04, 0x01, 0x06, 0x01, 0x07, 0x09, 0x05, 0x02, 0x06, 0x02, 0x07, 0x01, 0x04,
    0x01, 0x02, 0x04, 0x03, 0x02, 0x02, 0x01, 0x07, 0x02, 0x0F, 0x01, 0x07, 0x32, 0x00, 0x03, 0x07, 0x01, 0x06, 0x04, 0x02,
    0x01, 0x03, 0x01, 0x02, 0x01, 0x04, 0x01, 0x07, 0x01, 0x06, 0x0C, 0x05, 0x01, 0x0F, 0x01, 0x07, 0x08, 0x05, 0x01, 0x04,
    0x01, 0x05, 0x01, 0x03, 0x02, 0x02, 0x02, 0x03, 0x0A, 0x07, 0x02, 0x02, 0x01, 0x03, 0x01, 0x02, 0x01, 0x04, 0x04, 0x05,
    0x05, 0x06, 0x01, 0x05, 0x01, 0x07, 0x01, 0x0E, 0x03, 0x06, 0x08, 0x05, 0x01, 0x06, 0x02, 0x07, 0x01, 0x03, 0x01, 0x02,
    0x04, 0x03, 0x01, 0x02, 0x01, 0x07, 0x01, 0x0F, 0x01, 0x10, 0x01, 0x07, 0x31, 0x00, 0x01, 0x07, 0x01, 0x0E, 0x02, 0x07,
    0x01, 0x05, 0x01, 0x02, 0x01, 0x03, 0x04, 0x02, 0x01, 0x07, 0x01, 0x06, 0x09, 0x05, 0x02, 0x06, 0x01, 0x05, 0x01, 0x06,
    0x01, 0x10, 0x01, 0x07, 0x01, 0x05, 0x04, 0x06, 0x04, 0x05, 0x01, 0x04, 0x01, 0x05, 0x03, 0x02, 0x01, 0x03, 0x01, 0x05,
    0x01, 0x06, 0x01, 0x05, 0x04, 0x04, 0x02, 0x05, 0x01, 0x03, 0x01, 0x02, 0x01, 0x03, 0x02, 0x02, 0x0B, 0x06, 0x01, 0x07,
    0x01, 0x10, 0x07, 0x06, 0x06, 0x05, 0x02, 0x07, 0x02, 0x02, 0x03, 0x03, 0x01, 0x02, 0x01, 0x06, 0x01, 0x0F, 0x01, 0x07,
    0x01, 0x10, 0x01, 0x07, 0x2F, 0x00, 0x05, 0x07, 0x01, 0x05, 0x01, 0x02, 0x01, 0x03, 0x03, 0x02, 0x01, 0x04, 0x01, 0x07,
    0x06, 0x05, 0x07, 0x06, 0x01, 0x07, 0x01, 0x10, 0x01, 0x0E, 0x07, 0x06, 0x04, 0x05, 0x01, 0x03, 0x02, 0x02, 0x01, 0x03,
    0x05, 0x02, 0x02, 0x03, 0x01, 0x04, 0x04, 0x03, 0x01, 0x02, 0x01, 0x04, 0x01, 0x07, 0x01, 0x06, 0x09, 0x07, 0x01, 0x0E,
    0x01, 0x10, 0x03, 0x07, 0x06, 0x06, 0x04, 0x05, 0x01, 0x06, 0x01, 0x07, 0x01, 0x03, 0x01, 0x02, 0x03, 0x03, 0x01, 0x02,
    0x01, 0x06, 0x01, 0x0E, 0x01, 0x07, 0x01, 0x0F, 0x01, 0x0E, 0x2F, 0x00, 0x05, 0x07, 0x01, 0x04, 0x01, 0x02, 0x01, 0x03,
    0x01, 0x02, 0x01, 0x03, 0x01, 0x02, 0x01, 0x05, 0x01, 0x06, 0x03, 0x05, 0x0A, 0x06, 0x01, 0x0E, 0x02, 0x10, 0x01, 0x07,
    0x08, 0x06, 0x02, 0x05, 0x01, 0x04, 0x01, 0x02, 0x02, 0x03, 0x06, 0x02, 0x04, 0x03, 0x01, 0x02, 0x01, 0x03, 0x01, 0x02,
    0x01, 0x06, 0x0B, 0x07, 0x02, 0x10, 0x07, 0x07, 0x03, 0x06, 0x04, 0x05, 0x01, 0x07, 0x01, 0x04, 0x01, 0x02, 0x03, 0x03,
    0x01, 0x02, 0x01, 0x06, 0x01, 0x0E, 0x02, 0x07, 0x01, 0x10, 0x01, 0x07, 0x2D, 0x00, 0x06, 0x07, 0x01, 0x06, 0x03, 0x02,
    0x01, 0x03, 0x01, 0x02, 0x01, 0x05, 0x01, 0x06, 0x02, 0x05, 0x0A, 0x06, 0x01, 0x07, 0x01, 0x10, 0x01, 0x0F, 0x01, 0x10,
    0x01, 0x07, 0x09, 0x06, 0x02, 0x05, 0x02, 0x02, 0x01, 0x03, 0x04, 0x02, 0x07, 0x03, 0x02, 0x02, 0x0C, 0x07, 0x03, 0x10,
    0x07, 0x07, 0x03, 0x06, 0x03, 0x05, 0x01, 0x06, 0x01, 0x05, 0x01, 0x02, 0x02, 0x03, 0x02, 0x02, 0x04, 0x07, 0x01, 0x0E,
    0x01, 0x0F, 0x01, 0x07, 0x2C, 0x00, 0x04, 0x07, 0x02, 0x06, 0x01, 0x07, 0x01, 0x06, 0x02, 0x02, 0x01, 0x03, 0x01, 0x02,
    0x01, 0x05, 0x01, 0x06, 0x01, 0x05, 0x0B, 0x06, 0x01, 0x0E, 0x01, 0x10, 0x01, 0x0F, 0x02, 0x10, 0x01, 0x07, 0x08, 0x06,
    0x02, 0x05, 0x02, 0x02, 0x01, 0x03, 0x08, 0x02, 0x03, 0x03, 0x02, 0x02, 0x0B, 0x07, 0x02, 0x10, 0x01, 0x0F, 0x01, 0x10,
    0x08, 0x07, 0x03, 0x06, 0x02, 0x05, 0x01, 0x06, 0x01, 0x05, 0x01, 0x02, 0x01, 0x03, 0x02, 0x02, 0x06, 0x07, 0x01, 0x10,
    0x01, 0x07, 0x2B, 0x00, 0x05, 0x07, 0x03, 0x06, 0x01, 0x07, 0x01, 0x04, 0x01, 0x02, 0x01, 0x03, 0x01, 0x02, 0x01, 0x05,
    0x0C, 0x06, 0x01, 0x07, 0x01, 0x10, 0x01, 0x0F, 0x03, 0x10, 0x01, 0x0E, 0x08, 0x06, 0x02, 0x05, 0x02, 0x02, 0x01, 0x03,
    0x03, 0x02, 0x04, 0x03, 0x02, 0x02, 0x02, 0x03, 0x02, 0x02, 0x0A, 0x07, 0x01, 0x0F, 0x03, 0x10, 0x01, 0x0F, 0x01, 0x10,
    0x08, 0x07, 0x02, 0x06, 0x04, 0x05, 0x01, 0x02, 0x01, 0x03, 0x01, 0x02, 0x01, 0x05, 0x06, 0x07, 0x01, 0x0E, 0x01, 0x0F,
    0x01, 0x07, 0x2A, 0x00, 0x04, 0x07, 0x05, 0x06, 0x01, 0x05, 0x03, 0x02, 0x01, 0x05, 0x0B, 0x06, 0x01, 0x07, 0x01, 0x10,
    0x01, 0x0F, 0x05, 0x10, 0x01, 0x0F, 0x01, 0x07, 0x07, 0x06, 0x01, 0x05, 0x02, 0x02, 0x01, 0x03, 0x01, 0x02, 0x01, 0x03,
    0x01, 0x05, 0x05, 0x04, 0x01, 0x03, 0x04, 0x02, 0x09, 0x07, 0x01, 0x0F, 0x07, 0x10, 0x08, 0x07, 0x02, 0x06, 0x01, 0x05,
    0x01, 0x06, 0x01, 0x05, 0x01, 0x02, 0x01, 0x03, 0x01, 0x02, 0x08, 0x07, 0x01, 0x10, 0x01, 0x07, 0x29, 0x00, 0x04, 0x07,
    0x06, 0x06, 0x01, 0x05, 0x03, 0x02, 0x01, 0x05, 0x09, 0x06, 0x01, 0x07, 0x01, 0x0E, 0x01, 0x10, 0x01, 0x0F, 0x05, 0x10,
    0x01, 0x0F, 0x02, 0x10, 0x02, 0x07, 0x05, 0x06, 0x01, 0x05, 0x03, 0x02, 0x01, 0x03, 0x06, 0x05, 0x02, 0x04, 0x02, 0x02,
    0x01, 0x03, 0x01, 0x02, 0x05, 0x07, 0x01, 0x06, 0x02, 0x07, 0x0A, 0x10, 0x01, 0x0E, 0x05, 0x07, 0x03, 0x06, 0x01, 0x05,
    0x01, 0x06, 0x01, 0x04, 0x01, 0x02, 0x01, 0x03, 0x01, 0x02, 0x08, 0x07, 0x02, 0x0E, 0x29, 0x00, 0x03, 0x07, 0x08, 0x06,
    0x03, 0x02, 0x01, 0x05, 0x01, 0x07, 0x06, 0x06, 0x01, 0x07, 0x01, 0x0E, 0x02, 0x10, 0x01, 0x0F, 0x04, 0x10, 0x02, 0x0F,
    0x05, 0x10, 0x03, 0x07, 0x02, 0x06, 0x01, 0x04, 0x01, 0x02, 0x01, 0x03, 0x01, 0x02, 0x01, 0x04, 0x06, 0x06, 0x02, 0x05,
    0x01, 0x03, 0x03, 0x02, 0x06, 0x07, 0x0B, 0x10, 0x01, 0x0F, 0x02, 0x10, 0x01, 0x0E, 0x04, 0x07, 0x02, 0x06, 0x01, 0x05,
    0x01, 0x06, 0x01, 0x04, 0x03, 0x02, 0x09, 0x07, 0x01, 0x10, 0x01, 0x07, 0x28, 0x00, 0x03, 0x07, 0x06, 0x06, 0x01, 0x05,
    0x01, 0x06, 0x01, 0x03, 0x02, 0x02, 0x01, 0x04, 0x01, 0x07, 0x04, 0x06, 0x01, 0x07, 0x01, 0x0E, 0x08, 0x10, 0x02, 0x0F,
    0x04, 0x10, 0x01, 0x0F, 0x03, 0x10, 0x01, 0x07, 0x02, 0x06, 0x01, 0x04, 0x01, 0x02, 0x01, 0x03, 0x01, 0x02, 0x01, 0x06,
    0x01, 0x07, 0x03, 0x06, 0x01, 0x07, 0x02, 0x06, 0x01, 0x05, 0x01, 0x04, 0x03, 0x02, 0x01, 0x06, 0x03, 0x07, 0x01, 0x0F,
    0x03, 0x10, 0x01, 0x0F, 0x09, 0x10, 0x01, 0x0F, 0x03, 0x10, 0x04, 0x07, 0x01, 0x06, 0x01, 0x05, 0x01, 0x06, 0x01, 0x03,
    0x02, 0x02, 0x01, 0x03, 0x09, 0x07, 0x01, 0x0F, 0x01, 0x07, 0x27, 0x00, 0x03, 0x07, 0x07, 0x06, 0x01, 0x05, 0x01, 0x07,
    0x01, 0x04, 0x02, 0x02, 0x01, 0x03, 0x01, 0x07, 0x06, 0x06, 0x02, 0x07, 0x01, 0x0E, 0x02, 0x10, 0x01, 0x0F, 0x09, 0x10,
    0x03, 0x07, 0x03, 0x06, 0x01, 0x03, 0x03, 0x02, 0x08, 0x07, 0x01, 0x06, 0x01, 0x04, 0x03, 0x02, 0x01, 0x05, 0x06, 0x07,
    0x01, 0x0F, 0x06, 0x10, 0x01, 0x0F, 0x04, 0x10, 0x01, 0x0E, 0x05, 0x07, 0x02, 0x06, 0x01, 0x05, 0x01, 0x06, 0x03, 0x02,
    0x01, 0x05, 0x0A, 0x07, 0x01, 0x0E, 0x01, 0x07, 0x26, 0x00, 0x03, 0x07, 0x07, 0x06, 0x01, 0x05, 0x01, 0x06, 0x01, 0x05,
    0x01, 0x02, 0x02, 0x03, 0x0A, 0x06, 0x01, 0x07, 0x01, 0x0F, 0x01, 0x10, 0x01, 0x0F, 0x03, 0x10, 0x02, 0x0F, 0x01, 0x10,
    0x01, 0x0E, 0x01, 0x07, 0x06, 0x06, 0x03, 0x02, 0x01, 0x04, 0x01, 0x07, 0x01, 0x06, 0x06, 0x07, 0x01, 0x06, 0x01, 0x05,
    0x03, 0x02, 0x01, 0x03, 0x08, 0x07, 0x09, 0x10, 0x07, 0x07, 0x02, 0x06, 0x02, 0x05, 0x01, 0x02, 0x01, 0x03, 0x01, 0x02,
    0x01, 0x06, 0x0A, 0x07, 0x01, 0x10, 0x01, 0x07, 0x26, 0x00, 0x02, 0x07, 0x08, 0x06, 0x01, 0x05, 0x02, 0x06, 0x03, 0x02,
    0x01, 0x06, 0x01, 0x07, 0x09, 0x06, 0x01, 0x07, 0x01, 0x0F, 0x01, 0x10, 0x01, 0x0F, 0x01, 0x10, 0x02, 0x0F, 0x01, 0x10,
    0x01, 0x07, 0x07, 0x06, 0x01, 0x05, 0x03, 0x02, 0x01, 0x06, 0x01, 0x07, 0x01, 0x06, 0x06, 0x07, 0x01, 0x06, 0x01, 0x05,
    0x01, 0x03, 0x03, 0x02, 0x09, 0x07, 0x06, 0x10, 0x01, 0x0F, 0x09, 0x07, 0x02, 0x06, 0x01, 0x04, 0x01, 0x02, 0x01, 0x03,
    0x01, 0x02, 0x0B, 0x07, 0x01, 0x0E, 0x01, 0x07, 0x26, 0x00, 0x02, 0x07, 0x08, 0x06, 0x02, 0x05, 0x01, 0x07, 0x01, 0x03,
    0x01, 0x02, 0x01, 0x03, 0x01, 0x04, 0x01, 0x07, 0x0A, 0x06, 0x01, 0x07, 0x03, 0x10, 0x01, 0x0F, 0x01, 0x10, 0x01, 0x07,
    0x08, 0x06, 0x01, 0x03, 0x03, 0x02, 0x0A, 0x07, 0x01, 0x06, 0x01, 0x04, 0x03, 0x02, 0x01, 0x05, 0x09, 0x07, 0x05, 0x10,
    0x0A, 0x07, 0x02, 0x06, 0x01, 0x03, 0x02, 0x02, 0x01, 0x03, 0x0D, 0x07, 0x25, 0x00, 0x02, 0x07, 0x0A, 0x06, 0x01, 0x05,
    0x01, 0x06, 0x01, 0x04, 0x01, 0x02, 0x02, 0x03, 0x0C, 0x06, 0x01, 0x07, 0x01, 0x10, 0x01, 0x0F, 0x01, 0x10, 0x01, 0x0F,
    0x01, 0x07, 0x06, 0x06, 0x01, 0x07, 0x01, 0x06, 0x03, 0x02, 0x01, 0x04, 0x0A, 0x07, 0x01, 0x06, 0x01, 0x05, 0x01, 0x03,
    0x02, 0x02, 0x01, 0x03, 0x09, 0x07, 0x01, 0x0E, 0x03, 0x10, 0x0A, 0x07, 0x02, 0x06, 0x01, 0x05, 0x01, 0x02, 0x01, 0x03,
    0x01, 0x02, 0x01, 0x06, 0x0D, 0x07, 0x25, 0x00, 0x02, 0x07, 0x0A, 0x06, 0x01, 0x05, 0x02, 0x06, 0x02, 0x02, 0x01, 0x03,
    0x01, 0x05, 0x01, 0x07, 0x0B, 0x06, 0x01, 0x0F, 0x02, 0x10, 0x01, 0x07, 0x07, 0x06, 0x01, 0x07, 0x01, 0x04, 0x03, 0x02,
    0x01, 0x06, 0x0B, 0x07, 0x01, 0x05, 0x01, 0x04, 0x03, 0x02, 0x01, 0x05, 0x09, 0x07, 0x02, 0x10, 0x01, 0x0F, 0x0A, 0x07,
    0x02, 0x06, 0x01, 0x04, 0x03, 0x02, 0x0E, 0x07, 0x25, 0x00, 0x02, 0x07, 0x0A, 0x06, 0x02, 0x05, 0x01, 0x07, 0x01, 0x04,
    0x01, 0x02, 0x02, 0x03, 0x01, 0x06, 0x01, 0x07, 0x0A, 0x06, 0x01, 0x07, 0x01, 0x10, 0x01, 0x0F, 0x07, 0x06, 0x01, 0x07,
    0x01, 0x06, 0x03, 0x02, 0x01, 0x03, 0x02, 0x07, 0x01, 0x06, 0x09, 0x07, 0x01, 0x06, 0x01, 0x05, 0x03, 0x02, 0x01, 0x03,
    0x09, 0x07, 0x01, 0x0F, 0x01, 0x10, 0x0A, 0x07, 0x01, 0x06, 0x01, 0x07, 0x01, 0x05, 0x01, 0x02, 0x01, 0x03, 0x01, 0x02,
    0x01, 0x05, 0x0E, 0x07, 0x25, 0x00, 0x02, 0x07, 0x0B, 0x06, 0x01, 0x05, 0x02, 0x06, 0x02, 0x02, 0x01, 0x04, 0x01, 0x03,
    0x01, 0x07, 0x0A, 0x06, 0x01, 0x07, 0x01, 0x10, 0x01, 0x07, 0x06, 0x06, 0x02, 0x07, 0x04, 0x02, 0x02, 0x07, 0x01, 0x06,
    0x0A, 0x07, 0x01, 0x06, 0x01, 0x05, 0x01, 0x04, 0x02, 0x02, 0x02, 0x03, 0x07, 0x07, 0x01, 0x06, 0x01, 0x07, 0x01, 0x10,
    0x08, 0x07, 0x02, 0x06, 0x02, 0x07, 0x01, 0x02, 0x01, 0x03, 0x02, 0x02, 0x0F, 0x07, 0x26, 0x00, 0x01, 0x07, 0x0B, 0x06,
    0x02, 0x05, 0x01, 0x06, 0x01, 0x05, 0x02, 0x02, 0x01, 0x04, 0x01, 0x03, 0x01, 0x06, 0x01, 0x07, 0x09, 0x06, 0x01, 0x0F,
    0x01, 0x07, 0x05, 0x06, 0x02, 0x07, 0x01, 0x03, 0x03, 0x02, 0x01, 0x04, 0x01, 0x07, 0x02, 0x06, 0x0B, 0x07, 0x01, 0x06,
    0x01, 0x05, 0x01, 0x03, 0x03, 0x02, 0x01, 0x04, 0x08, 0x07, 0x01, 0x10, 0x05, 0x07, 0x02, 0x06, 0x03, 0x07, 0x01, 0x06,
    0x01, 0x02, 0x02, 0x03, 0x01, 0x02, 0x01, 0x06, 0x09, 0x07, 0x03, 0x06, 0x03, 0x07, 0x26, 0x00, 0x02, 0x07, 0x0A, 0x06,
    0x03, 0x05, 0x01, 0x06, 0x01, 0x04, 0x02, 0x02, 0x02, 0x03, 0x01, 0x05, 0x01, 0x06, 0x04, 0x07, 0x04, 0x06, 0x02, 0x07,
    0x01, 0x06, 0x04, 0x07, 0x01, 0x05, 0x04, 0x02, 0x01, 0x03, 0x04, 0x07, 0x03, 0x06, 0x02, 0x07, 0x01, 0x06, 0x06, 0x07,
    0x01, 0x06, 0x01, 0x05, 0x03, 0x02, 0x02, 0x03, 0x01, 0x05, 0x07, 0x07, 0x01, 0x06, 0x08, 0x07, 0x01, 0x04, 0x01, 0x02,
    0x02, 0x03, 0x01, 0x02, 0x01, 0x04, 0x08, 0x07, 0x06, 0x06, 0x02, 0x07, 0x26, 0x00, 0x02, 0x07, 0x0A, 0x06, 0x04, 0x05,
    0x01, 0x07, 0x01, 0x04, 0x05, 0x02, 0x01, 0x03, 0x01, 0x05, 0x02, 0x06, 0x07, 0x07, 0x01, 0x06, 0x01, 0x05, 0x01, 0x04,
    0x05, 0x02, 0x01, 0x03, 0x03, 0x07, 0x01, 0x04, 0x01, 0x06, 0x04, 0x07, 0x02, 0x02, 0x01, 0x06, 0x04, 0x07, 0x01, 0x04,
    0x01, 0x06, 0x02, 0x05, 0x03, 0x02, 0x02, 0x03, 0x01, 0x04, 0x01, 0x05, 0x03, 0x06, 0x06, 0x07, 0x02, 0x06, 0x01, 0x05,
    0x04, 0x03, 0x02, 0x02, 0x01, 0x04, 0x07, 0x07, 0x08, 0x06, 0x02, 0x07, 0x26, 0x00, 0x02, 0x07, 0x0B, 0x06, 0x04, 0x05,
    0x01, 0x06, 0x01, 0x05, 0x0A, 0x02, 0x04, 0x03, 0x08, 0x02, 0x01, 0x04, 0x01, 0x06, 0x01, 0x07, 0x01, 0x06, 0x02, 0x07,
    0x01, 0x02, 0x01, 0x03, 0x01, 0x05, 0x01, 0x04, 0x01, 0x02, 0x01, 0x05, 0x01, 0x06, 0x01, 0x02, 0x01, 0x03, 0x01, 0x05,
    0x01, 0x03, 0x01, 0x02, 0x02, 0x07, 0x01, 0x06, 0x02, 0x05, 0x01, 0x03, 0x03, 0x02, 0x05, 0x03, 0x04, 0x04, 0x07, 0x03,
    0x03, 0x02, 0x01, 0x05, 0x03, 0x07, 0x0C, 0x06, 0x02, 0x07, 0x28, 0x00, 0x02, 0x07, 0x0B, 0x06, 0x04, 0x05, 0x02, 0x06,
    0x01, 0x04, 0x12, 0x02, 0x01, 0x03, 0x01, 0x05, 0x01, 0x06, 0x01, 0x07, 0x03, 0x06, 0x01, 0x07, 0x01, 0x06, 0x01, 0x03,
    0x01, 0x02, 0x01, 0x04, 0x04, 0x07, 0x01, 0x04, 0x01, 0x02, 0x01, 0x03, 0x01, 0x06, 0x02, 0x07, 0x02, 0x06, 0x02, 0x05,
    0x01, 0x04, 0x01, 0x03, 0x06, 0x02, 0x06, 0x03, 0x06, 0x02, 0x01, 0x04, 0x01, 0x06, 0x01, 0x07, 0x01, 0x06, 0x01, 0x07,
    0x0D, 0x06, 0x02, 0x07, 0x28, 0x00, 0x02, 0x07, 0x0B, 0x06, 0x06, 0x05, 0x02, 0x06, 0x01, 0x05, 0x01, 0x04, 0x01, 0x03,
    0x0B, 0x02, 0x01, 0x03, 0x01, 0x04, 0x01, 0x05, 0x08, 0x06, 0x06, 0x07, 0x01, 0x06, 0x05, 0x07, 0x01, 0x06, 0x01, 0x07,
    0x04, 0x06, 0x03, 0x05, 0x01, 0x04, 0x01, 0x03, 0x0C, 0x02, 0x01, 0x04, 0x01, 0x05, 0x13, 0x06, 0x02, 0x07, 0x29, 0x00,
    0x02, 0x07, 0x0B, 0x06, 0x07, 0x05, 0x04, 0x06, 0x04, 0x05, 0x02, 0x04, 0x06, 0x05, 0x15, 0x06, 0x01, 0x07, 0x02, 0x06,
    0x01, 0x07, 0x03, 0x06, 0x08, 0x05, 0x03, 0x04, 0x04, 0x05, 0x15, 0x06, 0x02, 0x07, 0x2B, 0x00, 0x01, 0x07, 0x0C, 0x06,
    0x15, 0x05, 0x1F, 0x06, 0x0F, 0x05, 0x12, 0x06, 0x02, 0x07, 0x2C, 0x00, 0x02, 0x07, 0x0C, 0x06, 0x10, 0x05, 0x28, 0x06,
    0x05, 0x05, 0x17, 0x06, 0x02, 0x07, 0x2D, 0x00, 0x02, 0x07, 0x09, 0x06, 0x02, 0x05, 0x02, 0x06, 0x0B, 0x05, 0x46, 0x06,
    0x02, 0x07, 0x2F, 0x00, 0x02, 0x07, 0x07, 0x06, 0x02, 0x05, 0x04, 0x06, 0x02, 0x05, 0x4D, 0x06, 0x02, 0x07, 0x31, 0x00,
    0x02, 0x07, 0x05, 0x06, 0x09, 0x05, 0x4C, 0x06, 0x02, 0x07, 0x33, 0x00, 0x02, 0x07, 0x05, 0x06, 0x08, 0x05, 0x4A, 0x06,
    0x03, 0x07, 0x36, 0x00, 0x02, 0x07, 0x03, 0x06, 0x0C, 0x05, 0x45, 0x06, 0x02, 0x07, 0x39, 0x00, 0x02, 0x07, 0x02, 0x06,
    0x0D, 0x05, 0x01, 0x06, 0x01, 0x05, 0x01, 0x06, 0x02, 0x05, 0x3D, 0x06, 0x03, 0x07, 0x3C, 0x00, 0x02, 0x07, 0x02, 0x06,
    0x13, 0x05, 0x38, 0x06, 0x03, 0x07, 0x40, 0x00, 0x01, 0x07, 0x03, 0x06, 0x14, 0x05, 0x33, 0x06, 0x03, 0x07, 0x44, 0x00,
    0x02, 0x07, 0x03, 0x06, 0x11, 0x05, 0x2B, 0x06, 0x03, 0x05, 0x02, 0x06, 0x01, 0x07, 0x01, 0x06, 0x02, 0x07, 0x48, 0x00,
    0x03, 0x07, 0x04, 0x06, 0x07, 0x05, 0x01, 0x06, 0x01, 0x05, 0x29, 0x06, 0x01, 0x05, 0x03, 0x06, 0x01, 0x05, 0x05, 0x06,
    0x03, 0x07, 0x4E, 0x00, 0x01, 0x07, 0x02, 0x06, 0x0B, 0x05, 0x0E, 0x06, 0x08, 0x05, 0x11, 0x06, 0x06, 0x05, 0x01, 0x06,
    0x02, 0x07, 0x55, 0x00, 0x02, 0x05, 0x04, 0x04, 0x02, 0x03, 0x01, 0x04, 0x02, 0x03, 0x02, 0x04, 0x01, 0x03, 0x03, 0x04,
    0x06, 0x05, 0x01, 0x06, 0x0A, 0x05, 0x03, 0x06, 0x04, 0x05, 0x07, 0x04, 0x01, 0x03, 0x06, 0x04, 0x01, 0x05, 0x57, 0x00,
    0x01, 0x06, 0x01, 0x07, 0x01, 0x06, 0x0A, 0x05, 0x03, 0x04, 0x05, 0x03, 0x01, 0x02, 0x01, 0x03, 0x02, 0x04, 0x09, 0x05,
    0x02, 0x04, 0x06, 0x03, 0x04, 0x04, 0x03, 0x05, 0x07, 0x06, 0x02, 0x07, 0x56, 0x00, 0x01, 0x07, 0x0A, 0x06, 0x09, 0x07,
    0x02, 0x06, 0x01, 0x05, 0x01, 0x03, 0x01, 0x02, 0x01, 0x03, 0x07, 0x04, 0x01, 0x03, 0x02, 0x02, 0x01, 0x03, 0x01, 0x05,
    0x02, 0x06, 0x0E, 0x07, 0x02, 0x06, 0x02, 0x07, 0x56, 0x00, 0x01, 0x07, 0x08, 0x06, 0x10, 0x07, 0x01, 0x05, 0x01, 0x04,
    0x05, 0x05, 0x02, 0x04, 0x01, 0x05, 0x17, 0x07, 0x56, 0x00, 0x02, 0x07, 0x05, 0x06, 0x14, 0x07, 0x02, 0x05, 0x02, 0x06,
    0x02, 0x05, 0x07, 0x07, 0x01, 0x0E, 0x11, 0x07, 0x56, 0x00, 0x03, 0x07, 0x06, 0x06, 0x0E, 0x07, 0x02, 0x0E, 0x03, 0x07,
    0x03, 0x06, 0x01, 0x05, 0x07, 0x07, 0x01, 0x0E, 0x12, 0x07, 0x57, 0x00, 0x02, 0x05, 0x09, 0x06, 0x0F, 0x07, 0x01, 0x0F,
    0x01, 0x07, 0x02, 0x06, 0x06, 0x07, 0x01, 0x0E, 0x10, 0x07, 0x01, 0x06, 0x02, 0x05, 0x56, 0x00, 0x02, 0x06, 0x01, 0x05,
    0x03, 0x03, 0x01, 0x04, 0x01, 0x05, 0x02, 0x06, 0x01, 0x07, 0x01, 0x06, 0x01, 0x07, 0x04, 0x06, 0x0A, 0x07, 0x01, 0x0F,
    0x02, 0x0E, 0x02, 0x06, 0x06, 0x07, 0x01, 0x0E, 0x0C, 0x07, 0x01, 0x06, 0x01, 0x05, 0x04, 0x04, 0x01, 0x06, 0x02, 0x07,
    0x53, 0x00, 0x02, 0x07, 0x01, 0x05, 0x04, 0x04, 0x03, 0x03, 0x02, 0x04, 0x01, 0x05, 0x03, 0x06, 0x03, 0x07, 0x03, 0x06,
    0x07, 0x07, 0x02, 0x0E, 0x01, 0x07, 0x01, 0x06, 0x0F, 0x07, 0x01, 0x06, 0x01, 0x05, 0x04, 0x04, 0x02, 0x05, 0x02, 0x06,
    0x01, 0x05, 0x01, 0x06, 0x02, 0x07, 0x51, 0x00, 0x01, 0x06, 0x01, 0x07, 0x01, 0x06, 0x06, 0x05, 0x03, 0x04, 0x05, 0x03,
    0x01, 0x04, 0x02, 0x05, 0x02, 0x06, 0x03, 0x07, 0x01, 0x06, 0x05, 0x07, 0x01, 0x0F, 0x09, 0x07, 0x01, 0x06, 0x02, 0x07,
    0x01, 0x06, 0x01, 0x05, 0x02, 0x04, 0x01, 0x03, 0x02, 0x04, 0x02, 0x05, 0x04, 0x06, 0x01, 0x05, 0x02, 0x06, 0x01, 0x05,
    0x01, 0x06, 0x02, 0x07, 0x4F, 0x00, 0x02, 0x07, 0x01, 0x06, 0x0C, 0x05, 0x02, 0x04, 0x02, 0x03, 0x02, 0x02, 0x02, 0x03,
    0x01, 0x04, 0x02, 0x05, 0x06, 0x07, 0x01, 0x0F, 0x08, 0x07, 0x01, 0x06, 0x01, 0x05, 0x01, 0x04, 0x02, 0x03, 0x01, 0x04,
    0x02, 0x05, 0x0F, 0x06, 0x02, 0x07, 0x4E, 0x00, 0x01, 0x07, 0x01, 0x06, 0x14, 0x05, 0x01, 0x04, 0x03, 0x03, 0x01, 0x04,
    0x02, 0x06, 0x02, 0x07, 0x01, 0x0E, 0x01, 0x0F, 0x07, 0x07, 0x01, 0x04, 0x01, 0x03, 0x01, 0x04, 0x02, 0x05, 0x13, 0x06,
    0x02, 0x07, 0x4D, 0x00, 0x01, 0x07, 0x01, 0x06, 0x0F, 0x05, 0x09, 0x06, 0x01, 0x05, 0x01, 0x03, 0x01, 0x02, 0x01, 0x06,
    0x03, 0x07, 0x01, 0x0E, 0x06, 0x07, 0x01, 0x05, 0x01, 0x04, 0x01, 0x06, 0x03, 0x07, 0x0C, 0x06, 0x01, 0x05, 0x07, 0x06,
    0x02, 0x07, 0x4B, 0x00, 0x02, 0x07, 0x14, 0x05, 0x02, 0x06, 0x01, 0x05, 0x01, 0x04, 0x02, 0x05, 0x01, 0x06, 0x01, 0x04,
    0x01, 0x05, 0x02, 0x07, 0x01, 0x0F, 0x01, 0x0E, 0x01, 0x06, 0x03, 0x07, 0x01, 0x0F, 0x01, 0x07, 0x01, 0x05, 0x02, 0x06,
    0x02, 0x04, 0x01, 0x05, 0x0C, 0x06, 0x01, 0x05, 0x08, 0x06, 0x02, 0x07, 0x49, 0x00, 0x02, 0x07, 0x08, 0x05, 0x01, 0x06,
    0x0C, 0x05, 0x01, 0x06, 0x01, 0x05, 0x01, 0x04, 0x01, 0x06, 0x01, 0x07, 0x01, 0x06, 0x03, 0x04, 0x03, 0x07, 0x01, 0x05,
    0x01, 0x04, 0x01, 0x05, 0x03, 0x07, 0x01, 0x06, 0x01, 0x04, 0x01, 0x05, 0x01, 0x04, 0x01, 0x05, 0x02, 0x07, 0x0C, 0x06,
    0x01, 0x05, 0x09, 0x06, 0x02, 0x07, 0x47, 0x00, 0x02, 0x07, 0x01, 0x06, 0x07, 0x05, 0x01, 0x06, 0x0C, 0x05, 0x01, 0x06,
    0x03, 0x05, 0x01, 0x07, 0x01, 0x0F, 0x01, 0x07, 0x01, 0x05, 0x04, 0x06, 0x01, 0x07, 0x01, 0x04, 0x02, 0x07, 0x01, 0x06,
    0x05, 0x07, 0x01, 0x06, 0x01, 0x05, 0x01, 0x10, 0x01, 0x07, 0x01, 0x05, 0x09, 0x06, 0x03, 0x05, 0x0A, 0x06, 0x02, 0x07,
    0x45, 0x00, 0x02, 0x07, 0x01, 0x06, 0x07, 0x05, 0x02, 0x06, 0x02, 0x05, 0x01, 0x04, 0x09, 0x05, 0x01, 0x06, 0x04, 0x04,
    0x02, 0x05, 0x08, 0x04, 0x01, 0x03, 0x05, 0x04, 0x01, 0x05, 0x02, 0x04, 0x02, 0x05, 0x01, 0x04, 0x09, 0x06, 0x03, 0x05,
    0x0B, 0x06, 0x01, 0x07, 0x01, 0x06, 0x44, 0x00, 0x03, 0x06, 0x05, 0x05, 0x05, 0x06, 0x01, 0x05, 0x01, 0x04, 0x08, 0x05,
    0x01, 0x06, 0x01, 0x05, 0x01, 0x04, 0x01, 0x03, 0x01, 0x05, 0x02, 0x06, 0x01, 0x05, 0x03, 0x02, 0x03, 0x06, 0x02, 0x04,
    0x01, 0x05, 0x02, 0x06, 0x01, 0x07, 0x01, 0x05, 0x02, 0x02, 0x01, 0x04, 0x02, 0x06, 0x02, 0x05, 0x01, 0x07, 0x08, 0x06,
    0x05, 0x05, 0x09, 0x06, 0x02, 0x07, 0x43, 0x00, 0x01, 0x06, 0x01, 0x07, 0x06, 0x05, 0x05, 0x06, 0x02, 0x05, 0x01, 0x04,
    0x0B, 0x05, 0x05, 0x03, 0x01, 0x05, 0x02, 0x04, 0x04, 0x07, 0x01, 0x05, 0x03, 0x07, 0x01, 0x10, 0x01, 0x07, 0x01, 0x04,
    0x01, 0x05, 0x01, 0x02, 0x01, 0x03, 0x02, 0x04, 0x0A, 0x06, 0x02, 0x05, 0x01, 0x04, 0x02, 0x05, 0x09, 0x06, 0x01, 0x05,
    0x02, 0x07, 0x41, 0x00, 0x02, 0x07, 0x01, 0x05, 0x01, 0x06, 0x04, 0x05, 0x05, 0x06, 0x01, 0x05, 0x01, 0x06, 0x03, 0x04,
    0x0B, 0x05, 0x01, 0x04, 0x01, 0x03, 0x01, 0x04, 0x02, 0x06, 0x02, 0x05, 0x03, 0x07, 0x01, 0x0F, 0x04, 0x07, 0x01, 0x0E,
    0x01, 0x07, 0x02, 0x06, 0x01, 0x05, 0x02, 0x04, 0x0C, 0x06, 0x01, 0x05, 0x01, 0x04, 0x03, 0x05, 0x07, 0x06, 0x01, 0x07,
    0x01, 0x06, 0x01, 0x05, 0x02, 0x07, 0x3F, 0x00, 0x02, 0x06, 0x01, 0x05, 0x01, 0x06, 0x01, 0x05, 0x01, 0x04, 0x01, 0x06,
    0x02, 0x05, 0x05, 0x06, 0x02, 0x05, 0x01, 0x04, 0x01, 0x03, 0x01, 0x04, 0x0C, 0x05, 0x04, 0x06, 0x01, 0x05, 0x01, 0x04,
    0x03, 0x07, 0x01, 0x0E, 0x04, 0x07, 0x01, 0x0F, 0x01, 0x07, 0x01, 0x05, 0x10, 0x06, 0x01, 0x05, 0x02, 0x04, 0x02, 0x05,
    0x06, 0x06, 0x01, 0x07, 0x04, 0x06, 0x02, 0x07, 0x3E, 0x00, 0x02, 0x06, 0x03, 0x05, 0x01, 0x04, 0x02, 0x06, 0x01, 0x05,
    0x04, 0x06, 0x03, 0x05, 0x03, 0x04, 0x0A, 0x05, 0x04, 0x06, 0x01, 0x05, 0x01, 0x06, 0x01, 0x05, 0x01, 0x04, 0x02, 0x07,
    0x02, 0x0E, 0x04, 0x07, 0x01, 0x0F, 0x01, 0x07, 0x01, 0x05, 0x11, 0x06, 0x02, 0x04, 0x03, 0x05, 0x05, 0x06, 0x01, 0x07,
    0x02, 0x05, 0x01, 0x06, 0x01, 0x05, 0x01, 0x06, 0x01, 0x07, 0x3D, 0x00, 0x03, 0x06, 0x03, 0x05, 0x01, 0x06, 0x01, 0x05,
    0x01, 0x07, 0x05, 0x06, 0x03, 0x05, 0x01, 0x03, 0x01, 0x04, 0x0B, 0x05, 0x02, 0x06, 0x03, 0x05, 0x01, 0x06, 0x01, 0x05,
    0x01, 0x04, 0x03, 0x07, 0x01, 0x0F, 0x04, 0x07, 0x01, 0x0E, 0x01, 0x07, 0x01, 0x05, 0x03, 0x06, 0x01, 0x05, 0x0D, 0x06,
    0x02, 0x04, 0x04, 0x05, 0x04, 0x06, 0x03, 0x07, 0x01, 0x05, 0x02, 0x06, 0x02, 0x07, 0x3B, 0x00, 0x01, 0x05, 0x01, 0x06,
    0x01, 0x05, 0x01, 0x06, 0x01, 0x04, 0x03, 0x05, 0x02, 0x06, 0x01, 0x07, 0x01, 0x05, 0x02, 0x06, 0x03, 0x05, 0x01, 0x04,
    0x01, 0x03, 0x01, 0x04, 0x0A, 0x05, 0x01, 0x06, 0x01, 0x05, 0x02, 0x04, 0x02, 0x05, 0x01, 0x06, 0x01, 0x05, 0x01, 0x04,
    0x04, 0x07, 0x01, 0x05, 0x01, 0x06, 0x02, 0x07, 0x01, 0x0E, 0x01, 0x07, 0x03, 0x05, 0x01, 0x04, 0x02, 0x05, 0x0C, 0x06,
    0x01, 0x05, 0x01, 0x03, 0x06, 0x05, 0x02, 0x07, 0x01, 0x06, 0x02, 0x07, 0x01, 0x05, 0x02, 0x06, 0x01, 0x05, 0x01, 0x07,
    0x01, 0x06, 0x3A, 0x00, 0x01, 0x07, 0x01, 0x06, 0x01, 0x04, 0x03, 0x05, 0x01, 0x04, 0x02, 0x06, 0x01, 0x05, 0x01, 0x06,
    0x01, 0x07, 0x01, 0x05, 0x01, 0x06, 0x03, 0x05, 0x01, 0x04, 0x01, 0x03, 0x0A, 0x05, 0x01, 0x06, 0x03, 0x05, 0x01, 0x07,
    0x01, 0x10, 0x01, 0x07, 0x01, 0x04, 0x01, 0x05, 0x01, 0x04, 0x01, 0x06, 0x02, 0x07, 0x01, 0x04, 0x01, 0x06, 0x01, 0x07,
    0x01, 0x06, 0x02, 0x07, 0x01, 0x06, 0x02, 0x05, 0x01, 0x04, 0x01, 0x05, 0x01, 0x10, 0x01, 0x07, 0x01, 0x05, 0x0B, 0x06,
    0x01, 0x05, 0x01, 0x03, 0x01, 0x04, 0x04, 0x05, 0x01, 0x06, 0x01, 0x07, 0x01, 0x05, 0x01, 0x07, 0x01, 0x06, 0x01, 0x05,
    0x01, 0x07, 0x02, 0x06, 0x01, 0x05, 0x01, 0x06, 0x01, 0x07, 0x39, 0x00, 0x01, 0x07, 0x01, 0x0E, 0x01, 0x07, 0x01, 0x05,
    0x01, 0x04, 0x03, 0x05, 0x01, 0x04, 0x01, 0x05, 0x01, 0x07, 0x02, 0x06, 0x01, 0x07, 0x04, 0x05, 0x01, 0x03, 0x01, 0x04,
    0x0A, 0x05, 0x01, 0x06, 0x02, 0x05, 0x01, 0x04, 0x01, 0x06, 0x01, 0x07, 0x02, 0x05, 0x02, 0x06, 0x01, 0x05, 0x01, 0x06,
    0x01, 0x07, 0x01, 0x04, 0x02, 0x06, 0x01, 0x05, 0x01, 0x07, 0x01, 0x06, 0x03, 0x07, 0x01, 0x05, 0x01, 0x04, 0x02, 0x07,
    0x01, 0x04, 0x0C, 0x06, 0x01, 0x03, 0x01, 0x04, 0x04, 0x05, 0x02, 0x06, 0x01, 0x05, 0x04, 0x07, 0x03, 0x05, 0x01, 0x07,
    0x01, 0x10, 0x01, 0x07, 0x36, 0x00, 0x03, 0x07, 0x01, 0x06, 0x04, 0x05, 0x01, 0x04, 0x01, 0x05, 0x01, 0x06, 0x01, 0x07,
    0x01, 0x05, 0x03, 0x06, 0x04, 0x05, 0x01, 0x03, 0x01, 0x04, 0x0B, 0x05, 0x02, 0x04, 0x01, 0x05, 0x01, 0x04, 0x02, 0x05,
    0x02, 0x03, 0x0B, 0x04, 0x01, 0x03, 0x01, 0x02, 0x02, 0x05, 0x01, 0x04, 0x02, 0x05, 0x0C, 0x06, 0x01, 0x04, 0x01, 0x03,
    0x01, 0x04, 0x03, 0x05, 0x01, 0x04, 0x01, 0x07, 0x01, 0x06, 0x01, 0x05, 0x01, 0x07, 0x01, 0x06, 0x01, 0x05, 0x01, 0x06,
    0x01, 0x07, 0x01, 0x06, 0x01, 0x05, 0x01, 0x06, 0x03, 0x07, 0x33, 0x00, 0x01, 0x07, 0x01, 0x10, 0x03, 0x07, 0x01, 0x06,
    0x01, 0x05, 0x01, 0x04, 0x01, 0x05, 0x02, 0x06, 0x01, 0x05, 0x02, 0x06, 0x01, 0x05, 0x01, 0x06, 0x01, 0x05, 0x01, 0x06,
    0x02, 0x05, 0x01, 0x04, 0x01, 0x03, 0x01, 0x04, 0x0B, 0x05, 0x01, 0x04, 0x01, 0x03, 0x01, 0x05, 0x01, 0x06, 0x01, 0x05,
    0x01, 0x04, 0x01, 0x03, 0x01, 0x02, 0x01, 0x03, 0x02, 0x07, 0x01, 0x06, 0x01, 0x05, 0x01, 0x04, 0x01, 0x05, 0x03, 0x07,
    0x01, 0x06, 0x01, 0x03, 0x01, 0x02, 0x01, 0x03, 0x01, 0x06, 0x01, 0x05, 0x01, 0x04, 0x01, 0x05, 0x0C, 0x06, 0x01, 0x05,
    0x01, 0x02, 0x01, 0x04, 0x06, 0x05, 0x03, 0x06, 0x01, 0x07, 0x01, 0x10, 0x01, 0x07, 0x01, 0x06, 0x02, 0x07, 0x01, 0x0E,
    0x02, 0x10, 0x01, 0x07, 0x31, 0x00, 0x01, 0x07, 0x01, 0x0E, 0x07, 0x07, 0x01, 0x05, 0x01, 0x06, 0x02, 0x07, 0x02, 0x05,
    0x01, 0x07, 0x05, 0x05, 0x01, 0x03, 0x01, 0x04, 0x0D, 0x05, 0x01, 0x04, 0x01, 0x03, 0x01, 0x02, 0x01, 0x03, 0x01, 0x05,
    0x01, 0x06, 0x02, 0x04, 0x04, 0x07, 0x01, 0x06, 0x03, 0x07, 0x01, 0x0F, 0x01, 0x07, 0x02, 0x05, 0x01, 0x03, 0x01, 0x02,
    0x01, 0x03, 0x01, 0x04, 0x0E, 0x06, 0x01, 0x02, 0x01, 0x04, 0x01, 0x05, 0x01, 0x04, 0x05, 0x05, 0x01, 0x07, 0x01, 0x10,
    0x01, 0x0F, 0x01, 0x07, 0x01, 0x06, 0x01, 0x07, 0x01, 0x0F, 0x01, 0x07, 0x02, 0x0E, 0x02, 0x0F, 0x01, 0x07, 0x30, 0x00,
    0x08, 0x07, 0x01, 0x0E, 0x01, 0x07, 0x02, 0x06, 0x01, 0x07, 0x01, 0x10, 0x01, 0x07, 0x03, 0x05, 0x01, 0x04, 0x02, 0x05,
    0x01, 0x02, 0x01, 0x04, 0x0F, 0x05, 0x01, 0x04, 0x01, 0x05, 0x02, 0x06, 0x02, 0x05, 0x03, 0x07, 0x01, 0x0E, 0x06, 0x07,
    0x01, 0x05, 0x01, 0x06, 0x02, 0x05, 0x10, 0x06, 0x02, 0x03, 0x01, 0x05, 0x01, 0x04, 0x02, 0x05, 0x01, 0x04, 0x01, 0x05,
    0x03, 0x07, 0x01, 0x06, 0x01, 0x07, 0x01, 0x0E, 0x02, 0x07, 0x01, 0x0E, 0x01, 0x07, 0x01, 0x0E, 0x01, 0x07, 0x01, 0x10,
    0x01, 0x07, 0x30, 0x00, 0x0A, 0x07, 0x01, 0x0E, 0x01, 0x07, 0x01, 0x06, 0x01, 0x07, 0x01, 0x0E, 0x01, 0x07, 0x04, 0x05,
    0x02, 0x03, 0x01, 0x04, 0x0E, 0x05, 0x03, 0x06, 0x01, 0x05, 0x01, 0x06, 0x02, 0x05, 0x04, 0x07, 0x01, 0x06, 0x03, 0x07,
    0x01, 0x0F, 0x01, 0x07, 0x01, 0x05, 0x11, 0x06, 0x01, 0x05, 0x01, 0x06, 0x01, 0x04, 0x01, 0x02, 0x01, 0x04, 0x01, 0x05,
    0x02, 0x04, 0x01, 0x05, 0x04, 0x06, 0x09, 0x07, 0x01, 0x0F, 0x01, 0x07, 0x2F, 0x00, 0x02, 0x07, 0x02, 0x06, 0x08, 0x07,
    0x01, 0x0E, 0x01, 0x07, 0x04, 0x06, 0x01, 0x05, 0x01, 0x04, 0x01, 0x05, 0x01, 0x02, 0x01, 0x03, 0x0F, 0x05, 0x02, 0x06,
    0x02, 0x05, 0x01, 0x06, 0x02, 0x05, 0x04, 0x07, 0x01, 0x06, 0x03, 0x07, 0x01, 0x0E, 0x01, 0x07, 0x01, 0x05, 0x13, 0x06,
    0x01, 0x05, 0x01, 0x02, 0x03, 0x04, 0x03, 0x05, 0x01, 0x06, 0x0D, 0x07, 0x30, 0x00, 0x02, 0x07, 0x02, 0x06, 0x0B, 0x07,
    0x04, 0x05, 0x01, 0x04, 0x01, 0x02, 0x01, 0x04, 0x10, 0x05, 0x01, 0x04, 0x02, 0x05, 0x01, 0x06, 0x01, 0x04, 0x01, 0x05,
    0x03, 0x07, 0x01, 0x0E, 0x01, 0x06, 0x03, 0x07, 0x01, 0x0E, 0x01, 0x07, 0x01, 0x05, 0x02, 0x06, 0x01, 0x05, 0x01, 0x04,
    0x01, 0x05, 0x0F, 0x06, 0x01, 0x02, 0x01, 0x03, 0x01, 0x04, 0x02, 0x05, 0x01, 0x04, 0x01, 0x06, 0x0E, 0x07, 0x30, 0x00,
    0x02, 0x07, 0x02, 0x06, 0x01, 0x07, 0x01, 0x06, 0x0A, 0x07, 0x01, 0x06, 0x02, 0x04, 0x01, 0x03, 0x01, 0x02, 0x0E, 0x05,
    0x01, 0x06, 0x01, 0x05, 0x01, 0x04, 0x01, 0x06, 0x01, 0x07, 0x02, 0x05, 0x01, 0x04, 0x01, 0x05, 0x03, 0x07, 0x01, 0x06,
    0x01, 0x04, 0x01, 0x05, 0x04, 0x07, 0x02, 0x05, 0x02, 0x04, 0x02, 0x07, 0x01, 0x05, 0x0C, 0x06, 0x01, 0x05, 0x01, 0x06,
    0x01, 0x04, 0x01, 0x03, 0x02, 0x04, 0x01, 0x05, 0x0D, 0x07, 0x01, 0x06, 0x02, 0x07, 0x31, 0x00, 0x01, 0x06, 0x02, 0x05,
    0x02, 0x06, 0x0C, 0x07, 0x01, 0x04, 0x01, 0x02, 0x01, 0x03, 0x0D, 0x05, 0x01, 0x06, 0x02, 0x05, 0x01, 0x04, 0x01, 0x07,
    0x01, 0x10, 0x01, 0x06, 0x03, 0x05, 0x03, 0x06, 0x01, 0x04, 0x01, 0x06, 0x01, 0x07, 0x01, 0x06, 0x03, 0x07, 0x02, 0x06,
    0x02, 0x05, 0x01, 0x10, 0x01, 0x07, 0x01, 0x05, 0x0C, 0x06, 0x01, 0x05, 0x01, 0x06, 0x01, 0x05, 0x01, 0x02, 0x01, 0x03,
    0x01, 0x06, 0x0C, 0x07, 0x02, 0x05, 0x02, 0x06, 0x32, 0x00, 0x02, 0x07, 0x01, 0x05, 0x02, 0x04, 0x01, 0x05, 0x01, 0x06,
    0x0B, 0x07, 0x01, 0x02, 0x01, 0x04, 0x0E, 0x05, 0x01, 0x04, 0x01, 0x05, 0x01, 0x04, 0x01, 0x05, 0x01, 0x06, 0x07, 0x05,
    0x01, 0x04, 0x03, 0x05, 0x02, 0x06, 0x01, 0x05, 0x02, 0x06, 0x01, 0x05, 0x01, 0x04, 0x02, 0x05, 0x01, 0x04, 0x0E, 0x06,
    0x01, 0x05, 0x01, 0x02, 0x01, 0x05, 0x01, 0x07, 0x01, 0x06, 0x09, 0x07, 0x01, 0x06, 0x01, 0x05, 0x01, 0x06, 0x01, 0x07,
    0x01, 0x0E, 0x01, 0x07, 0x32, 0x00, 0x02, 0x07, 0x02, 0x06, 0x01, 0x05, 0x02, 0x04, 0x01, 0x06, 0x0A, 0x07, 0x02, 0x04,
    0x0E, 0x05, 0x01, 0x03, 0x01, 0x04, 0x01, 0x06, 0x01, 0x05, 0x01, 0x06, 0x01, 0x04, 0x01, 0x02, 0x01, 0x03, 0x01, 0x04,
    0x02, 0x05, 0x02, 0x04, 0x01, 0x05, 0x02, 0x04, 0x03, 0x05, 0x01, 0x03, 0x01, 0x02, 0x01, 0x04, 0x01, 0x06, 0x03, 0x05,
    0x0E, 0x06, 0x01, 0x05, 0x01, 0x03, 0x01, 0x06, 0x09, 0x07, 0x01, 0x06, 0x01, 0x05, 0x01, 0x06, 0x03, 0x07, 0x01, 0x0E,
    0x01, 0x07, 0x31, 0x00, 0x02, 0x07, 0x05, 0x06, 0x01, 0x05, 0x02, 0x04, 0x01, 0x06, 0x08, 0x07, 0x01, 0x03, 0x01, 0x04,
    0x0E, 0x05, 0x01, 0x04, 0x01, 0x03, 0x01, 0x04, 0x01, 0x05, 0x02, 0x04, 0x02, 0x03, 0x04, 0x07, 0x01, 0x05, 0x01, 0x04,
    0x01, 0x06, 0x04, 0x07, 0x01, 0x05, 0x02, 0x03, 0x02, 0x05, 0x01, 0x04, 0x01, 0x05, 0x0E, 0x06, 0x01, 0x05, 0x01, 0x03,
    0x04, 0x06, 0x04, 0x07, 0x01, 0x06, 0x01, 0x05, 0x01, 0x06, 0x07, 0x07, 0x31, 0x00, 0x02, 0x07, 0x03, 0x06, 0x04, 0x07,
    0x01, 0x05, 0x01, 0x03, 0x01, 0x05, 0x06, 0x07, 0x01, 0x06, 0x01, 0x03, 0x01, 0x04, 0x0F, 0x05, 0x01, 0x04, 0x02, 0x03,
    0x01, 0x04, 0x01, 0x05, 0x01, 0x04, 0x01, 0x05, 0x05, 0x07, 0x01, 0x06, 0x06, 0x07, 0x01, 0x05, 0x01, 0x04, 0x01, 0x02,
    0x01, 0x03, 0x01, 0x05, 0x0E, 0x06, 0x01, 0x05, 0x01, 0x06, 0x01, 0x03, 0x01, 0x04, 0x05, 0x06, 0x01, 0x07, 0x02, 0x05,
    0x01, 0x06, 0x09, 0x07, 0x30, 0x00, 0x02, 0x07, 0x04, 0x06, 0x05, 0x07, 0x02, 0x04, 0x01, 0x06, 0x04, 0x07, 0x01, 0x04,
    0x01, 0x03, 0x13, 0x05, 0x01, 0x06, 0x01, 0x05, 0x01, 0x04, 0x06, 0x07, 0x01, 0x06, 0x06, 0x07, 0x01, 0x06, 0x02, 0x05,
    0x10, 0x06, 0x01, 0x05, 0x01, 0x06, 0x01, 0x04, 0x01, 0x03, 0x03, 0x06, 0x01, 0x07, 0x01, 0x06, 0x02, 0x05, 0x0B, 0x07,
    0x30, 0x00, 0x02, 0x07, 0x07, 0x06, 0x03, 0x07, 0x01, 0x05, 0x01, 0x04, 0x02, 0x06, 0x01, 0x07, 0x01, 0x06, 0x01, 0x02,
    0x01, 0x04, 0x13, 0x05, 0x01, 0x06, 0x02, 0x05, 0x06, 0x07, 0x02, 0x06, 0x04, 0x07, 0x01, 0x0E, 0x01, 0x07, 0x01, 0x05,
    0x13, 0x06, 0x01, 0x05, 0x01, 0x02, 0x01, 0x05, 0x03, 0x06, 0x01, 0x04, 0x01, 0x05, 0x0C, 0x07, 0x30, 0x00, 0x02, 0x07,
    0x07, 0x06, 0x04, 0x07, 0x01, 0x06, 0x01, 0x04, 0x02, 0x06, 0x02, 0x03, 0x02, 0x04, 0x14, 0x05, 0x07, 0x07, 0x02, 0x06,
    0x06, 0x07, 0x02, 0x05, 0x12, 0x06, 0x01, 0x05, 0x02, 0x03, 0x02, 0x06, 0x01, 0x04, 0x01, 0x05, 0x05, 0x07, 0x02, 0x06,
    0x06, 0x07, 0x30, 0x00, 0x02, 0x07, 0x03, 0x06, 0x02, 0x07, 0x02, 0x05, 0x05, 0x07, 0x01, 0x05, 0x01, 0x04, 0x01, 0x05,
    0x02, 0x03, 0x01, 0x04, 0x13, 0x05, 0x01, 0x04, 0x08, 0x07, 0x01, 0x04, 0x08, 0x07, 0x02, 0x05, 0x0F, 0x06, 0x03, 0x05,
    0x01, 0x04, 0x01, 0x03, 0x01, 0x05, 0x01, 0x04, 0x01, 0x05, 0x02, 0x06, 0x03, 0x07, 0x01, 0x06, 0x01, 0x05, 0x01, 0x06,
    0x06, 0x07, 0x30, 0x00, 0x02, 0x07, 0x03, 0x06, 0x02, 0x07, 0x02, 0x05, 0x01, 0x06, 0x04, 0x07, 0x01, 0x05, 0x01, 0x06,
    0x01, 0x04, 0x01, 0x03, 0x02, 0x04, 0x13, 0x05, 0x01, 0x06, 0x08, 0x07, 0x01, 0x03, 0x01, 0x06, 0x08, 0x07, 0x02, 0x05,
    0x0E, 0x06, 0x03, 0x05, 0x01, 0x04, 0x01, 0x03, 0x02, 0x04, 0x01, 0x05, 0x03, 0x06, 0x02, 0x07, 0x02, 0x05, 0x04, 0x07,
    0x01, 0x06, 0x02, 0x07, 0x31, 0x00, 0x01, 0x07, 0x03, 0x06, 0x02, 0x07, 0x01, 0x06, 0x01, 0x04, 0x02, 0x06, 0x03, 0x07,
    0x01, 0x06, 0x02, 0x05, 0x02, 0x03, 0x02, 0x04, 0x11, 0x05, 0x09, 0x07, 0x01, 0x06, 0x01, 0x03, 0x01, 0x06, 0x07, 0x07,
    0x01, 0x0E, 0x01, 0x07, 0x01, 0x06, 0x01, 0x05, 0x0D, 0x06, 0x03, 0x05, 0x02, 0x04, 0x03, 0x05, 0x03, 0x06, 0x02, 0x07,
    0x01, 0x05, 0x01, 0x06, 0x03, 0x07, 0x01, 0x06, 0x02, 0x07, 0x32, 0x00, 0x01, 0x07, 0x04, 0x06, 0x02, 0x07, 0x01, 0x04,
    0x01, 0x05, 0x02, 0x06, 0x01, 0x07, 0x01, 0x06, 0x01, 0x05, 0x02, 0x06, 0x01, 0x07, 0x01, 0x05, 0x04, 0x04, 0x0D, 0x05,
    0x01, 0x06, 0x0A, 0x07, 0x01, 0x05, 0x01, 0x04, 0x01, 0x05, 0x02, 0x06, 0x06, 0x07, 0x01, 0x0E, 0x01, 0x07, 0x01, 0x06,
    0x05, 0x05, 0x04, 0x06, 0x06, 0x05, 0x01, 0x06, 0x03, 0x07, 0x02, 0x05, 0x03, 0x06, 0x01, 0x07, 0x01, 0x06, 0x01, 0x05,
    0x01, 0x06, 0x03, 0x07, 0x01, 0x06, 0x02, 0x07, 0x32, 0x00, 0x02, 0x07, 0x04, 0x06, 0x01, 0x07, 0x01, 0x06, 0x01, 0x04,
    0x01, 0x05, 0x02, 0x06, 0x01, 0x05, 0x02, 0x06, 0x05, 0x07, 0x01, 0x06, 0x0B, 0x05, 0x02, 0x06, 0x0B, 0x07, 0x01, 0x06,
    0x02, 0x05, 0x01, 0x04, 0x02, 0x06, 0x08, 0x07, 0x01, 0x0E, 0x02, 0x07, 0x03, 0x06, 0x05, 0x05, 0x02, 0x06, 0x07, 0x07,
    0x01, 0x06, 0x01, 0x05, 0x01, 0x06, 0x01, 0x07, 0x01, 0x06, 0x02, 0x05, 0x01, 0x06, 0x01, 0x07, 0x03, 0x06, 0x02, 0x07,
    0x34, 0x00, 0x02, 0x07, 0x04, 0x06, 0x01, 0x07, 0x03, 0x05, 0x02, 0x00, 0x04, 0x06, 0x1C, 0x07, 0x02, 0x06, 0x01, 0x05,
    0x01, 0x04, 0x01, 0x05, 0x02, 0x06, 0x08, 0x07, 0x03, 0x0E, 0x11, 0x07, 0x01, 0x06, 0x02, 0x00, 0x02, 0x05, 0x06, 0x06,
    0x02, 0x07, 0x35, 0x00, 0x02, 0x07, 0x04, 0x06, 0x01, 0x07, 0x01, 0x06, 0x03, 0x00, 0x04, 0x06, 0x1B, 0x07, 0x01, 0x05,
    0x03, 0x06, 0x01, 0x05, 0x01, 0x04, 0x02, 0x06, 0x1C, 0x07, 0x01, 0x06, 0x03, 0x00, 0x01, 0x06, 0x01, 0x07, 0x03, 0x06,
    0x03, 0x07, 0x37, 0x00, 0x02, 0x07, 0x04, 0x06, 0x04, 0x00, 0x02, 0x07, 0x03, 0x06, 0x19, 0x07, 0x05, 0x06, 0x02, 0x05,
    0x01, 0x04, 0x03, 0x06, 0x1B, 0x07, 0x04, 0x00, 0x01, 0x07, 0x03, 0x06, 0x01, 0x07, 0x43, 0x00, 0x02, 0x07, 0x05, 0x06,
    0x16, 0x07, 0x01, 0x06, 0x01, 0x05, 0x05, 0x06, 0x03, 0x05, 0x03, 0x06, 0x1A, 0x07, 0x4D, 0x00, 0x01, 0x06, 0x01, 0x07,
    0x09, 0x06, 0x0F, 0x07, 0x01, 0x06, 0x02, 0x05, 0x06, 0x06, 0x03, 0x05, 0x01, 0x04, 0x03, 0x06, 0x01, 0x07, 0x01, 0x06,
    0x16, 0x07, 0x4F, 0x00, 0x02, 0x07, 0x0B, 0x06, 0x02, 0x07, 0x08, 0x06, 0x01, 0x07, 0x01, 0x06, 0x02, 0x05, 0x08, 0x06,
    0x03, 0x05, 0x01, 0x04, 0x01, 0x05, 0x05, 0x06, 0x13, 0x07, 0x51, 0x00, 0x02, 0x07, 0x11, 0x06, 0x01, 0x07, 0x02, 0x06,
    0x03, 0x05, 0x0A, 0x06, 0x06, 0x05, 0x07, 0x06, 0x0E, 0x07, 0x53, 0x00, 0x13, 0x06, 0x05, 0x05, 0x0A, 0x06, 0x08, 0x05,
    0x09, 0x06, 0x02, 0x07, 0x07, 0x06, 0x54, 0x00, 0x02, 0x06, 0x06, 0x05, 0x05, 0x06, 0x0B, 0x05, 0x0A, 0x06, 0x0E, 0x05,
    0x02, 0x06, 0x08, 0x05, 0x01, 0x06, 0x56, 0x00, 0x02, 0x06, 0x18, 0x05, 0x02, 0x06, 0x1A, 0x05, 0x03, 0x06, 0x01, 0x07,
    0x56, 0x00, 0x01, 0x07, 0x01, 0x06, 0x31, 0x05, 0x05, 0x06, 0x02, 0x07, 0x56, 0x00, 0x01, 0x07, 0x01, 0x06, 0x16, 0x05,
    0x03, 0x06, 0x03, 0x05, 0x03, 0x06, 0x0F, 0x05, 0x08, 0x06, 0x02, 0x07, 0x56, 0x00, 0x01, 0x07, 0x01, 0x06, 0x01, 0x05,
    0x01, 0x06, 0x0A, 0x05, 0x01, 0x06, 0x09, 0x05, 0x0A, 0x06, 0x0A, 0x05, 0x0C, 0x06, 0x02, 0x07, 0x56, 0x00, 0x02, 0x07,
    0x01, 0x05, 0x0F, 0x06, 0x04, 0x05, 0x01, 0x04, 0x01, 0x05, 0x01, 0x06, 0x08, 0x00, 0x01, 0x06, 0x01, 0x05, 0x01, 0x04,
    0x06, 0x05, 0x0E, 0x06, 0x02, 0x07, 0x56, 0x00, 0x02, 0x07, 0x11, 0x06, 0x04, 0x05, 0x01, 0x06, 0x0A, 0x00, 0x07, 0x05,
    0x0F, 0x06, 0x02, 0x07, 0x56, 0x00, 0x02, 0x07, 0x12, 0x06, 0x02, 0x05, 0x02, 0x06, 0x0A, 0x00, 0x01, 0x06, 0x05, 0x05,
    0x10, 0x06, 0x02, 0x07, 0x56, 0x00, 0x02, 0x07, 0x12, 0x06, 0x02, 0x05, 0x01, 0x06, 0x01, 0x07, 0x0A, 0x00, 0x02, 0x06,
    0x04, 0x05, 0x10, 0x06, 0x02, 0x07, 0x56, 0x00, 0x02, 0x07, 0x04, 0x05, 0x0F, 0x06, 0x01, 0x05, 0x01, 0x06, 0x01, 0x07,
    0x0A, 0x00, 0x01, 0x07, 0x01, 0x06, 0x03, 0x05, 0x0C, 0x06, 0x01, 0x07, 0x04, 0x06, 0x02, 0x07, 0x56, 0x00, 0x01, 0x06,
    0x01, 0x07, 0x0B, 0x06, 0x01, 0x07, 0x07, 0x06, 0x01, 0x05, 0x01, 0x06, 0x01, 0x07, 0x0A, 0x00, 0x01, 0x07, 0x01, 0x06,
    0x03, 0x05, 0x06, 0x06, 0x0D, 0x07, 0x56, 0x00, 0x04, 0x07, 0x08, 0x06, 0x05, 0x07, 0x04, 0x06, 0x01, 0x05, 0x01, 0x06,
    0x01, 0x07, 0x0A, 0x00, 0x01, 0x07, 0x01, 0x06, 0x03, 0x05, 0x04, 0x06, 0x0D, 0x07, 0x01, 0x10, 0x01, 0x07, 0x56, 0x00,
    0x03, 0x07, 0x14, 0x06, 0x01, 0x07, 0x0A, 0x00, 0x01, 0x07, 0x01, 0x06, 0x02, 0x05, 0x09, 0x06, 0x09, 0x07, 0x01, 0x10,
    0x01, 0x07, 0x55, 0x00, 0x04, 0x07, 0x01, 0x06, 0x0D, 0x07, 0x05, 0x06, 0x02, 0x07, 0x0A, 0x00, 0x01, 0x07, 0x01, 0x06,
    0x02, 0x05, 0x05, 0x06, 0x02, 0x07, 0x02, 0x06, 0x0A, 0x07, 0x01, 0x10, 0x01, 0x07, 0x54, 0x00, 0x02, 0x07, 0x01, 0x06,
    0x02, 0x07, 0x01, 0x06, 0x0D, 0x07, 0x04, 0x06, 0x02, 0x07, 0x0A, 0x00, 0x01, 0x07, 0x01, 0x06, 0x01, 0x05, 0x04, 0x06,
    0x04, 0x07, 0x02, 0x06, 0x0C, 0x07, 0x53, 0x00, 0x02, 0x07, 0x02, 0x06, 0x01, 0x07, 0x02, 0x06, 0x08, 0x07, 0x01, 0x06,
    0x05, 0x07, 0x03, 0x06, 0x02, 0x07, 0x0A, 0x00, 0x01, 0x07, 0x01, 0x06, 0x02, 0x05, 0x04, 0x06, 0x03, 0x07, 0x02, 0x06,
    0x0D, 0x07, 0x52, 0x00, 0x02, 0x07, 0x02, 0x06, 0x01, 0x07, 0x03, 0x06, 0x06, 0x07, 0x02, 0x06, 0x05, 0x07, 0x04, 0x06,
    0x01, 0x07, 0x0A, 0x00, 0x02, 0x06, 0x02, 0x05, 0x04, 0x06, 0x03, 0x07, 0x02, 0x06, 0x07, 0x07, 0x01, 0x06, 0x02, 0x07,
    0x01, 0x06, 0x02, 0x07, 0x52, 0x00, 0x02, 0x07, 0x02, 0x06, 0x01, 0x07, 0x01, 0x05, 0x03, 0x06, 0x05, 0x07, 0x02, 0x06,
    0x04, 0x07, 0x05, 0x06, 0x0B, 0x00, 0x02, 0x06, 0x02, 0x05, 0x05, 0x06, 0x02, 0x07, 0x02, 0x06, 0x07, 0x07, 0x01, 0x06,
    0x05, 0x07, 0x52, 0x00, 0x01, 0x07, 0x03, 0x06, 0x01, 0x07, 0x01, 0x05, 0x05, 0x06, 0x03, 0x07, 0x02, 0x06, 0x04, 0x07,
    0x03, 0x06, 0x01, 0x07, 0x01, 0x06, 0x0C, 0x00, 0x01, 0x05, 0x02, 0x06, 0x01, 0x05, 0x05, 0x06, 0x01, 0x07, 0x04, 0x06,
    0x05, 0x07, 0x02, 0x06, 0x03, 0x07, 0x54, 0x00, 0x02, 0x07, 0x02, 0x06, 0x01, 0x05, 0x07, 0x06, 0x01, 0x07, 0x01, 0x05,
    0x01, 0x06, 0x03, 0x07, 0x02, 0x06, 0x02, 0x07, 0x01, 0x06, 0x0D, 0x00, 0x02, 0x05, 0x07, 0x06, 0x01, 0x07, 0x02, 0x05,
    0x05, 0x06, 0x02, 0x07, 0x02, 0x06, 0x03, 0x07, 0x55, 0x00, 0x03, 0x06, 0x01, 0x05, 0x01, 0x06, 0x01, 0x07, 0x03, 0x06,
    0x03, 0x07, 0x01, 0x05, 0x01, 0x06, 0x05, 0x07, 0x02, 0x06, 0x10, 0x00, 0x01, 0x05, 0x05, 0x06, 0x02, 0x07, 0x01, 0x05,
    0x03, 0x06, 0x04, 0x07, 0x01, 0x06, 0x01, 0x05, 0x03, 0x07, 0x58, 0x00, 0x01, 0x05, 0x02, 0x04, 0x07, 0x06, 0x01, 0x04,
    0x06, 0x06, 0x14, 0x00, 0x01, 0x05, 0x05, 0x06, 0x01, 0x04, 0x06, 0x06, 0x01, 0x07, 0x02, 0x04, 0x01, 0x06, 0xFF, 0x00,
    0xFF, 0x00, 0xFF, 0x00, 0xFF, 0x00, 0xFF, 0x00, 0xC1, 0x00,
};

static const uint8_t momo_sprite_1[] = {
    0xFF, 0x00, 0xFF, 0x00, 0xFF, 0x00, 0xFF, 0x00, 0xFF, 0x00, 0xFF, 0x00, 0xFF, 0x00, 0xFF, 0x00, 0xFF, 0x00, 0xFF, 0x00,
    0x5F, 0x00, 0x08, 0x07, 0x39, 0x00, 0x07, 0x07, 0x47, 0x00, 0x07, 0x07, 0x01, 0x0F, 0x04, 0x07, 0x33, 0x00, 0x03, 0x07,
    0x02, 0x0F, 0x03, 0x07, 0x01, 0x0E, 0x01, 0x10, 0x01, 0x07, 0x45, 0x00, 0x0B, 0x07, 0x01, 0x10, 0x03, 0x07, 0x2F, 0x00,
    0x02, 0x07, 0x01, 0x10, 0x01, 0x0F, 0x04, 0x07, 0x01, 0x0E, 0x03, 0x07, 0x01, 0x10, 0x01, 0x07, 0x43, 0x00, 0x02, 0x07,
    0x05, 0x06, 0x07, 0x07, 0x01, 0x10, 0x01, 0x0F, 0x02, 0x07, 0x2B, 0x00, 0x01, 0x07, 0x01, 0x0E, 0x01, 0x10, 0x05, 0x07,
    0x01, 0x0F, 0x01, 0x0E, 0x05, 0x07, 0x01, 0x0F, 0x01, 0x07, 0x42, 0x00, 0x02, 0x07, 0x07, 0x06, 0x07, 0x07, 0x02, 0x10,
    0x02, 0x07, 0x27, 0x00, 0x02, 0x07, 0x01, 0x10, 0x06, 0x07, 0x01, 0x0F, 0x03, 0x07, 0x03, 0x06, 0x03, 0x07, 0x41, 0x00,
    0x02, 0x07, 0x01, 0x06, 0x01, 0x07, 0x01, 0x06, 0x02, 0x05, 0x04, 0x06, 0x08, 0x07, 0x01, 0x10, 0x01, 0x0E, 0x01, 0x07,
    0x25, 0x00, 0x01, 0x07, 0x01, 0x10, 0x01, 0x0E, 0x05, 0x07, 0x01, 0x0E, 0x01, 0x0F, 0x03, 0x07, 0x02, 0x06, 0x02, 0x05,
    0x01, 0x06, 0x03, 0x07, 0x40, 0x00, 0x02, 0x07, 0x01, 0x06, 0x01, 0x07, 0x01, 0x06, 0x03, 0x05, 0x04, 0x06, 0x09, 0x07,
    0x01, 0x10, 0x01, 0x0E, 0x01, 0x07, 0x21, 0x00, 0x01, 0x07, 0x01, 0x0E, 0x01, 0x10, 0x06, 0x07, 0x01, 0x0E, 0x01, 0x0F,
    0x03, 0x07, 0x01, 0x06, 0x04, 0x05, 0x01, 0x06, 0x01, 0x07, 0x01, 0x0E, 0x01, 0x07, 0x40, 0x00, 0x01, 0x07, 0x01, 0x06,
    0x02, 0x07, 0x01, 0x06, 0x01, 0x05, 0x02, 0x03, 0x01, 0x04, 0x01, 0x05, 0x03, 0x06, 0x09, 0x07, 0x01, 0x10, 0x01, 0x0F,
    0x01, 0x07, 0x1F, 0x00, 0x01, 0x07, 0x01, 0x10, 0x07, 0x07, 0x01, 0x0E, 0x01, 0x0F, 0x03, 0x07, 0x01, 0x06, 0x01, 0x04,
    0x01, 0x03, 0x02, 0x04, 0x01, 0x05, 0x01, 0x06, 0x03, 0x07, 0x3F, 0x00, 0x02, 0x07, 0x01, 0x06, 0x02, 0x07, 0x01, 0x06,
    0x03, 0x04, 0x02, 0x03, 0x01, 0x05, 0x03, 0x06, 0x0A, 0x07, 0x01, 0x10, 0x01, 0x07, 0x1D, 0x00, 0x01, 0x07, 0x01, 0x10,
    0x07, 0x07, 0x01, 0x0E, 0x01, 0x0F, 0x03, 0x07, 0x01, 0x06, 0x02, 0x04, 0x02, 0x05, 0x01, 0x04, 0x01, 0x05, 0x01, 0x06,
    0x04, 0x07, 0x3E, 0x00, 0x05, 0x07, 0x01, 0x06, 0x01, 0x04, 0x01, 0x05, 0x03, 0x04, 0x01, 0x03, 0x01, 0x05, 0x03, 0x06,
    0x0A, 0x07, 0x01, 0x10, 0x02, 0x07, 0x1A, 0x00, 0x01, 0x07, 0x01, 0x10, 0x07, 0x07, 0x01, 0x0E, 0x01, 0x0F, 0x03, 0x07,
    0x01, 0x06, 0x02, 0x04, 0x01, 0x05, 0x02, 0x06, 0x02, 0x05, 0x01, 0x06, 0x04, 0x07, 0x3E, 0x00, 0x05, 0x07, 0x01, 0x05,
    0x01, 0x04, 0x02, 0x05, 0x03, 0x04, 0x01, 0x03, 0x01, 0x05, 0x03, 0x06, 0x0A, 0x07, 0x01, 0x10, 0x01, 0x0F, 0x01, 0x07,
    0x04, 0x00, 0x0F, 0x07, 0x04, 0x00, 0x01, 0x07, 0x01, 0x0E, 0x01, 0x0F, 0x08, 0x07, 0x01, 0x0F, 0x04, 0x07, 0x02, 0x04,
    0x02, 0x05, 0x02, 0x06, 0x01, 0x05, 0x01, 0x04, 0x02, 0x06, 0x01, 0x07, 0x01, 0x0E, 0x01, 0x07, 0x3E, 0x00, 0x05, 0x07,
    0x05, 0x05, 0x03, 0x04, 0x01, 0x03, 0x04, 0x06, 0x0A, 0x07, 0x01, 0x10, 0x01, 0x0E, 0x04, 0x07, 0x01, 0x0F, 0x0D, 0x10,
    0x02, 0x0E, 0x04, 0x07, 0x01, 0x0E, 0x08, 0x07, 0x02, 0x0E, 0x03, 0x07, 0x01, 0x05, 0x01, 0x04, 0x02, 0x05, 0x04, 0x06,
    0x01, 0x04, 0x02, 0x06, 0x03, 0x07, 0x3E, 0x00, 0x04, 0x07, 0x01, 0x06, 0x05, 0x05, 0x03, 0x04, 0x02, 0x03, 0x03, 0x06,
    0x0B, 0x07, 0x01, 0x0E, 0x03, 0x10, 0x01, 0x0E, 0x0A, 0x07, 0x03, 0x0E, 0x02, 0x0F, 0x05, 0x10, 0x01, 0x0F, 0x07, 0x07,
    0x02, 0x0E, 0x03, 0x07, 0x01, 0x06, 0x01, 0x04, 0x02, 0x05, 0x05, 0x06, 0x02, 0x05, 0x01, 0x06, 0x03, 0x07, 0x3D, 0x00,
    0x05, 0x07, 0x01, 0x06, 0x06, 0x05, 0x03, 0x04, 0x01, 0x03, 0x01, 0x05, 0x03, 0x06, 0x1E, 0x07, 0x02, 0x0E, 0x03, 0x0F,
    0x03, 0x10, 0x01, 0x0E, 0x03, 0x07, 0x01, 0x0E, 0x01, 0x0F, 0x04, 0x07, 0x01, 0x04, 0x02, 0x05, 0x06, 0x06, 0x02, 0x05,
    0x01, 0x06, 0x03, 0x07, 0x3D, 0x00, 0x05, 0x07, 0x01, 0x06, 0x01, 0x05, 0x01, 0x06, 0x05, 0x05, 0x03, 0x04, 0x01, 0x03,
    0x03, 0x06, 0x21, 0x07, 0x03, 0x0E, 0x04, 0x0F, 0x03, 0x07, 0x01, 0x0E, 0x03, 0x07, 0x03, 0x05, 0x07, 0x06, 0x02, 0x05,
    0x01, 0x06, 0x04, 0x07, 0x3C, 0x00, 0x05, 0x07, 0x01, 0x06, 0x08, 0x05, 0x02, 0x04, 0x01, 0x02, 0x01, 0x04, 0x01, 0x07,
    0x01, 0x06, 0x25, 0x07, 0x02, 0x0E, 0x02, 0x0F, 0x01, 0x0E, 0x05, 0x07, 0x01, 0x04, 0x01, 0x05, 0x08, 0x06, 0x02, 0x05,
    0x01, 0x06, 0x04, 0x07, 0x3C, 0x00, 0x05, 0x07, 0x01, 0x06, 0x01, 0x05, 0x01, 0x06, 0x06, 0x05, 0x02, 0x04, 0x01, 0x03,
    0x01, 0x05, 0x29, 0x07, 0x04, 0x0E, 0x04, 0x07, 0x02, 0x05, 0x08, 0x06, 0x02, 0x05, 0x01, 0x06, 0x04, 0x07, 0x3C, 0x00,
    0x05, 0x07, 0x01, 0x06, 0x01, 0x05, 0x02, 0x06, 0x05, 0x05, 0x02, 0x04, 0x2E, 0x07, 0x03, 0x0E, 0x03, 0x07, 0x01, 0x06,
    0x01, 0x05, 0x07, 0x06, 0x02, 0x05, 0x05, 0x07, 0x3C, 0x00, 0x05, 0x07, 0x01, 0x06, 0x01, 0x05, 0x02, 0x06, 0x03, 0x05,
    0x02, 0x04, 0x01, 0x06, 0x31, 0x07, 0x03, 0x0E, 0x01, 0x07, 0x01, 0x0E, 0x01, 0x07, 0x01, 0x06, 0x01, 0x05, 0x05, 0x06,
    0x01, 0x05, 0x01, 0x06, 0x05, 0x07, 0x3C, 0x00, 0x05, 0x07, 0x01, 0x06, 0x01, 0x05, 0x02, 0x06, 0x04, 0x05, 0x35, 0x07,
    0x01, 0x0E, 0x02, 0x07, 0x01, 0x0E, 0x01, 0x07, 0x01, 0x06, 0x01, 0x05, 0x04, 0x06, 0x01, 0x05, 0x01, 0x06, 0x05, 0x07,
    0x3C, 0x00, 0x06, 0x07, 0x02, 0x05, 0x01, 0x06, 0x02, 0x05, 0x01, 0x06, 0x38, 0x07, 0x02, 0x0E, 0x02, 0x0F, 0x01, 0x07,
    0x02, 0x05, 0x02, 0x06, 0x01, 0x05, 0x01, 0x06, 0x05, 0x07, 0x3C, 0x00, 0x06, 0x07, 0x04, 0x05, 0x01, 0x06, 0x3B, 0x07,
    0x02, 0x0E, 0x01, 0x10, 0x01, 0x07, 0x01, 0x06, 0x01, 0x05, 0x01, 0x06, 0x01, 0x05, 0x01, 0x06, 0x05, 0x07, 0x3C, 0x00,
    0x06, 0x07, 0x01, 0x05, 0x01, 0x04, 0x01, 0x05, 0x3E, 0x07, 0x01, 0x0E, 0x01, 0x0F, 0x01, 0x10, 0x01, 0x07, 0x01, 0x06,
    0x02, 0x05, 0x06, 0x07, 0x3C, 0x00, 0x02, 0x07, 0x01, 0x06, 0x04, 0x07, 0x01, 0x05, 0x2F, 0x07, 0x02, 0x0E, 0x0F, 0x07,
    0x01, 0x0E, 0x01, 0x0F, 0x01, 0x10, 0x01, 0x0F, 0x01, 0x06, 0x07, 0x07, 0x3C, 0x00, 0x02, 0x07, 0x01, 0x06, 0x30, 0x07,
    0x06, 0x0E, 0x10, 0x07, 0x01, 0x0E, 0x01, 0x0F, 0x02, 0x10, 0x07, 0x07, 0x3C, 0x00, 0x02, 0x07, 0x01, 0x06, 0x02, 0x07,
    0x01, 0x06, 0x2A, 0x07, 0x0C, 0x0E, 0x0E, 0x07, 0x01, 0x0E, 0x03, 0x0F, 0x06, 0x07, 0x3C, 0x00, 0x02, 0x07, 0x03, 0x06,
    0x28, 0x07, 0x01, 0x0E, 0x02, 0x07, 0x04, 0x0E, 0x01, 0x07, 0x08, 0x0E, 0x0E, 0x07, 0x01, 0x0E, 0x01, 0x0F, 0x01, 0x10,
    0x01, 0x0F, 0x05, 0x07, 0x3C, 0x00, 0x02, 0x07, 0x02, 0x06, 0x29, 0x07, 0x0A, 0x0E, 0x02, 0x0F, 0x06, 0x0E, 0x0D, 0x07,
    0x01, 0x0E, 0x01, 0x0F, 0x01, 0x10, 0x01, 0x0E, 0x03, 0x07, 0x3E, 0x00, 0x01, 0x07, 0x01, 0x06, 0x2A, 0x07, 0x06, 0x0E,
    0x02, 0x0F, 0x01, 0x0E, 0x05, 0x0F, 0x05, 0x0E, 0x0D, 0x07, 0x01, 0x0E, 0x01, 0x0F, 0x01, 0x10, 0x03, 0x07, 0x3E, 0x00,
    0x2C, 0x07, 0x06, 0x0E, 0x09, 0x0F, 0x05, 0x0E, 0x0D, 0x07, 0x01, 0x0E, 0x01, 0x0F, 0x01, 0x10, 0x01, 0x0E, 0x01, 0x07,
    0x3E, 0x00, 0x01, 0x07, 0x01, 0x0F, 0x2B, 0x07, 0x06, 0x0E, 0x06, 0x0F, 0x01, 0x0E, 0x01, 0x0F, 0x05, 0x0E, 0x0E, 0x07,
    0x01, 0x0E, 0x01, 0x0F, 0x01, 0x10, 0x01, 0x07, 0x3D, 0x00, 0x2F, 0x07, 0x05, 0x0E, 0x01, 0x0F, 0x07, 0x0E, 0x14, 0x07,
    0x01, 0x0E, 0x01, 0x10, 0x01, 0x0E, 0x3D, 0x00, 0x01, 0x07, 0x01, 0x10, 0x2E, 0x07, 0x01, 0x0E, 0x02, 0x07, 0x02, 0x0E,
    0x04, 0x07, 0x01, 0x0F, 0x0B, 0x10, 0x01, 0x0F, 0x01, 0x0E, 0x09, 0x07, 0x01, 0x0E, 0x01, 0x0F, 0x01, 0x10, 0x01, 0x07,
    0x3B, 0x00, 0x01, 0x07, 0x01, 0x10, 0x0D, 0x07, 0x0A, 0x06, 0x1D, 0x07, 0x01, 0x0F, 0x01, 0x10, 0x01, 0x0F, 0x04, 0x07,
    0x0A, 0x06, 0x0B, 0x07, 0x01, 0x0E, 0x01, 0x0F, 0x01, 0x10, 0x01, 0x07, 0x3A, 0x00, 0x08, 0x07, 0x01, 0x05, 0x01, 0x04,
    0x01, 0x03, 0x10, 0x02, 0x02, 0x03, 0x01, 0x04, 0x01, 0x05, 0x15, 0x07, 0x01, 0x0F, 0x02, 0x07, 0x01, 0x05, 0x01, 0x04,
    0x12, 0x03, 0x01, 0x04, 0x01, 0x05, 0x01, 0x06, 0x02, 0x07, 0x01, 0x0E, 0x03, 0x07, 0x01, 0x10, 0x01, 0x0E, 0x39, 0x00,
    0x01, 0x07, 0x01, 0x0F, 0x04, 0x07, 0x01, 0x04, 0x12, 0x02, 0x01, 0x03, 0x01, 0x02, 0x02, 0x03, 0x03, 0x02, 0x01, 0x03,
    0x01, 0x04, 0x01, 0x05, 0x12, 0x07, 0x01, 0x06, 0x01, 0x03, 0x01, 0x02, 0x02, 0x03, 0x04, 0x04, 0x09, 0x03, 0x01, 0x04,
    0x01, 0x03, 0x04, 0x04, 0x03, 0x03, 0x01, 0x04, 0x01, 0x05, 0x02, 0x07, 0x01, 0x0F, 0x01, 0x0E, 0x01, 0x10, 0x01, 0x07,
    0x37, 0x00, 0x01, 0x07, 0x01, 0x0F, 0x03, 0x07, 0x01, 0x04, 0x04, 0x02, 0x02, 0x03, 0x14, 0x02, 0x04, 0x03, 0x01, 0x04,
    0x10, 0x07, 0x01, 0x03, 0x01, 0x02, 0x03, 0x03, 0x14, 0x02, 0x06, 0x03, 0x01, 0x05, 0x01, 0x07, 0x01, 0x10, 0x02, 0x0F,
    0x01, 0x07, 0x36, 0x00, 0x03, 0x07, 0x01, 0x05, 0x04, 0x02, 0x01, 0x03, 0x04, 0x02, 0x01, 0x03, 0x01, 0x04, 0x03, 0x05,
    0x07, 0x06, 0x03, 0x05, 0x02, 0x04, 0x01, 0x03, 0x04, 0x02, 0x01, 0x03, 0x01, 0x04, 0x01, 0x03, 0x0E, 0x07, 0x02, 0x02,
    0x02, 0x03, 0x03, 0x02, 0x01, 0x03, 0x02, 0x04, 0x02, 0x05, 0x04, 0x06, 0x02, 0x07, 0x04, 0x06, 0x01, 0x05, 0x01, 0x04,
    0x04, 0x02, 0x06, 0x03, 0x01, 0x07, 0x02, 0x10, 0x01, 0x07, 0x35, 0x00, 0x01, 0x07, 0x01, 0x0F, 0x01, 0x07, 0x01, 0x06,
    0x02, 0x02, 0x03, 0x03, 0x03, 0x02, 0x01, 0x05, 0x05, 0x07, 0x03, 0x06, 0x0C, 0x05, 0x01, 0x04, 0x04, 0x02, 0x02, 0x04,
    0x0C, 0x07, 0x02, 0x02, 0x01, 0x04, 0x02, 0x02, 0x01, 0x03, 0x01, 0x04, 0x02, 0x05, 0x01, 0x06, 0x09, 0x05, 0x02, 0x06,
    0x06, 0x07, 0x01, 0x05, 0x02, 0x02, 0x05, 0x03, 0x01, 0x02, 0x01, 0x07, 0x02, 0x10, 0x01, 0x07, 0x33, 0x00, 0x04, 0x07,
    0x02, 0x02, 0x03, 0x03, 0x02, 0x02, 0x01, 0x04, 0x02, 0x07, 0x02, 0x06, 0x14, 0x05, 0x01, 0x03, 0x02, 0x02, 0x02, 0x03,
    0x01, 0x05, 0x0A, 0x07, 0x01, 0x04, 0x01, 0x02, 0x02, 0x03, 0x01, 0x02, 0x01, 0x04, 0x13, 0x05, 0x02, 0x06, 0x03, 0x07,
    0x01, 0x03, 0x01, 0x02, 0x04, 0x03, 0x02, 0x02, 0x01, 0x07, 0x02, 0x0F, 0x01, 0x07, 0x32, 0x00, 0x03, 0x07, 0x01, 0x06,
    0x01, 0x02, 0x04, 0x03, 0x01, 0x02, 0x01, 0x03, 0x01, 0x07, 0x02, 0x06, 0x0A, 0x05, 0x06, 0x06, 0x07, 0x05, 0x01, 0x03,
    0x02, 0x02, 0x02, 0x03, 0x0A, 0x07, 0x01, 0x02, 0x02, 0x03, 0x01, 0x02, 0x01, 0x04, 0x01, 0x06, 0x02, 0x05, 0x0E, 0x06,
    0x05, 0x05, 0x02, 0x06, 0x02, 0x07, 0x01, 0x03, 0x01, 0x02, 0x04, 0x03, 0x01, 0x02, 0x01, 0x07, 0x02, 0x10, 0x01, 0x07,
    0x31, 0x00, 0x01, 0x07, 0x01, 0x10, 0x02, 0x07, 0x01, 0x05, 0x01, 0x02, 0x03, 0x03, 0x02, 0x02, 0x01, 0x07, 0x01, 0x06,
    0x05, 0x05, 0x11, 0x06, 0x04, 0x05, 0x02, 0x02, 0x02, 0x03, 0x01, 0x05, 0x01, 0x06, 0x02, 0x05, 0x01, 0x04, 0x03, 0x05,
    0x01, 0x06, 0x01, 0x03, 0x01, 0x02, 0x01, 0x03, 0x02, 0x02, 0x06, 0x06, 0x07, 0x07, 0x01, 0x06, 0x01, 0x07, 0x05, 0x06,
    0x05, 0x05, 0x01, 0x06, 0x01, 0x07, 0x01, 0x06, 0x01, 0x02, 0x04, 0x03, 0x01, 0x02, 0x01, 0x07, 0x01, 0x10, 0x01, 0x0E,
    0x01, 0x10, 0x01, 0x07, 0x30, 0x00, 0x04, 0x07, 0x01, 0x05, 0x01, 0x02, 0x03, 0x03, 0x01, 0x02, 0x01, 0x04, 0x01, 0x07,
    0x03, 0x05, 0x15, 0x06, 0x03, 0x05, 0x01, 0x04, 0x02, 0x02, 0x01, 0x03, 0x05, 0x02, 0x01, 0x03, 0x01, 0x04, 0x03, 0x03,
    0x01, 0x02, 0x01, 0x03, 0x01, 0x02, 0x01, 0x05, 0x11, 0x07, 0x06, 0x06, 0x03, 0x05, 0x01, 0x06, 0x01, 0x07, 0x02, 0x02,
    0x03, 0x03, 0x01, 0x02, 0x01, 0x06, 0x01, 0x0F, 0x01, 0x07, 0x01, 0x10, 0x01, 0x07, 0x2F, 0x00, 0x01, 0x07, 0x01, 0x0F,
    0x03, 0x07, 0x01, 0x04, 0x01, 0x02, 0x03, 0x03, 0x01, 0x02, 0x01, 0x05, 0x01, 0x06, 0x02, 0x05, 0x17, 0x06, 0x02, 0x05,
    0x01, 0x04, 0x01, 0x02, 0x02, 0x03, 0x03, 0x02, 0x01, 0x03, 0x02, 0x02, 0x06, 0x03, 0x01, 0x02, 0x16, 0x07, 0x03, 0x06,
    0x03, 0x05, 0x01, 0x07, 0x01, 0x04, 0x01, 0x02, 0x03, 0x03, 0x01, 0x02, 0x01, 0x06, 0x01, 0x0F, 0x01, 0x07, 0x01, 0x0E,
    0x01, 0x10, 0x01, 0x07, 0x2D, 0x00, 0x06, 0x07, 0x01, 0x06, 0x03, 0x02, 0x01, 0x03, 0x01, 0x02, 0x01, 0x05, 0x01, 0x06,
    0x01, 0x05, 0x0E, 0x06, 0x04, 0x07, 0x07, 0x06, 0x02, 0x05, 0x01, 0x02, 0x02, 0x03, 0x03, 0x02, 0x08, 0x03, 0x02, 0x02,
    0x17, 0x07, 0x03, 0x06, 0x02, 0x05, 0x01, 0x06, 0x01, 0x05, 0x01, 0x02, 0x02, 0x03, 0x02, 0x02, 0x04, 0x07, 0x01, 0x0F,
    0x01, 0x0E, 0x2D, 0x00, 0x01, 0x07, 0x01, 0x0E, 0x05, 0x07, 0x01, 0x06, 0x02, 0x02, 0x01, 0x03, 0x01, 0x02, 0x0D, 0x06,
    0x0C, 0x07, 0x04, 0x06, 0x01, 0x05, 0x02, 0x02, 0x01, 0x03, 0x08, 0x02, 0x03, 0x03, 0x01, 0x02, 0x01, 0x03, 0x17, 0x07,
    0x03, 0x06, 0x02, 0x05, 0x01, 0x06, 0x01, 0x05, 0x01, 0x02, 0x01, 0x03, 0x02, 0x02, 0x06, 0x07, 0x01, 0x10, 0x01, 0x07,
    0x2B, 0x00, 0x05, 0x07, 0x03, 0x06, 0x01, 0x07, 0x01, 0x04, 0x01, 0x02, 0x01, 0x03, 0x01, 0x02, 0x10, 0x06, 0x0A, 0x07,
    0x03, 0x06, 0x01, 0x05, 0x02, 0x02, 0x01, 0x03, 0x04, 0x02, 0x03, 0x03, 0x02, 0x02, 0x02, 0x03, 0x01, 0x02, 0x01, 0x03,
    0x19, 0x07, 0x02, 0x06, 0x01, 0x05, 0x01, 0x06, 0x01, 0x05, 0x01, 0x02, 0x01, 0x03, 0x01, 0x02, 0x01, 0x06, 0x06, 0x07,
    0x01, 0x0F, 0x01, 0x0E, 0x2B, 0x00, 0x05, 0x07, 0x04, 0x06, 0x01, 0x05, 0x01, 0x02, 0x01, 0x03, 0x01, 0x02, 0x0B, 0x06,
    0x0F, 0x07, 0x03, 0x06, 0x01, 0x05, 0x02, 0x02, 0x01, 0x03, 0x01, 0x02, 0x01, 0x03, 0x06, 0x05, 0x01, 0x03, 0x01, 0x02,
    0x01, 0x03, 0x01, 0x02, 0x01, 0x03, 0x0A, 0x07, 0x01, 0x0E, 0x01, 0x0F, 0x04, 0x0E, 0x09, 0x07, 0x02, 0x06, 0x01, 0x05,
    0x01, 0x06, 0x01, 0x05, 0x01, 0x02, 0x01, 0x03, 0x01, 0x02, 0x08, 0x07, 0x01, 0x10, 0x01, 0x07, 0x29, 0x00, 0x05, 0x07,
    0x06, 0x06, 0x01, 0x02, 0x01, 0x03, 0x01, 0x02, 0x01, 0x05, 0x01, 0x07, 0x07, 0x06, 0x04, 0x07, 0x01, 0x06, 0x01, 0x05,
    0x02, 0x03, 0x02, 0x04, 0x01, 0x06, 0x07, 0x07, 0x02, 0x06, 0x01, 0x05, 0x01, 0x02, 0x01, 0x03, 0x01, 0x02, 0x01, 0x03,
    0x02, 0x05, 0x01, 0x06, 0x04, 0x05, 0x01, 0x04, 0x02, 0x02, 0x02, 0x03, 0x07, 0x07, 0x01, 0x0E, 0x02, 0x07, 0x01, 0x05,
    0x01, 0x04, 0x01, 0x03, 0x02, 0x04, 0x01, 0x05, 0x09, 0x07, 0x02, 0x06, 0x01, 0x05, 0x01, 0x06, 0x01, 0x04, 0x01, 0x02,
    0x01, 0x03, 0x01, 0x02, 0x08, 0x07, 0x01, 0x0F, 0x01, 0x0E, 0x29, 0x00, 0x01, 0x07, 0x01, 0x0E, 0x02, 0x07, 0x07, 0x06,
    0x03, 0x02, 0x01, 0x05, 0x01, 0x07, 0x06, 0x06, 0x02, 0x07, 0x01, 0x06, 0x01, 0x03, 0x09, 0x02, 0x01, 0x03, 0x01, 0x06,
    0x04, 0x07, 0x02, 0x06, 0x01, 0x05, 0x01, 0x02, 0x01, 0x03, 0x01, 0x02, 0x01, 0x05, 0x01, 0x07, 0x03, 0x06, 0x01, 0x07,
    0x01, 0x06, 0x02, 0x05, 0x01, 0x03, 0x01, 0x02, 0x01, 0x03, 0x01, 0x02, 0x07, 0x07, 0x01, 0x04, 0x0A, 0x02, 0x01, 0x05,
    0x07, 0x07, 0x01, 0x06, 0x01, 0x05, 0x01, 0x06, 0x01, 0x04, 0x01, 0x02, 0x02, 0x03, 0x09, 0x07, 0x01, 0x10, 0x01, 0x07,
    0x28, 0x00, 0x04, 0x07, 0x06, 0x06, 0x01, 0x07, 0x01, 0x03, 0x02, 0x02, 0x01, 0x04, 0x01, 0x07, 0x05, 0x06, 0x02, 0x07,
    0x01, 0x03, 0x0D, 0x02, 0x01, 0x03, 0x03, 0x07, 0x02, 0x06, 0x01, 0x04, 0x01, 0x02, 0x01, 0x03, 0x01, 0x02, 0x01, 0x06,
    0x06, 0x07, 0x02, 0x06, 0x01, 0x04, 0x03, 0x02, 0x05, 0x07, 0x01, 0x06, 0x0E, 0x02, 0x01, 0x05, 0x05, 0x07, 0x01, 0x06,
    0x01, 0x05, 0x01, 0x06, 0x01, 0x03, 0x02, 0x02, 0x01, 0x04, 0x09, 0x07, 0x01, 0x10, 0x01, 0x07, 0x27, 0x00, 0x05, 0x07,
    0x06, 0x06, 0x01, 0x07, 0x01, 0x04, 0x02, 0x02, 0x01, 0x03, 0x01, 0x07, 0x04, 0x06, 0x02, 0x07, 0x04, 0x02, 0x01, 0x03,
    0x01, 0x04, 0x02, 0x06, 0x02, 0x07, 0x01, 0x06, 0x01, 0x05, 0x01, 0x03, 0x04, 0x02, 0x03, 0x07, 0x01, 0x06, 0x01, 0x03,
    0x02, 0x02, 0x01, 0x03, 0x08, 0x07, 0x01, 0x06, 0x01, 0x05, 0x03, 0x02, 0x01, 0x05, 0x03, 0x07, 0x01, 0x06, 0x04, 0x02,
    0x01, 0x04, 0x01, 0x06, 0x04, 0x07, 0x01, 0x06, 0x01, 0x04, 0x04, 0x02, 0x01, 0x03, 0x04, 0x07, 0x01, 0x06, 0x01, 0x05,
    0x01, 0x06, 0x03, 0x02, 0x01, 0x05, 0x09, 0x07, 0x02, 0x0E, 0x01, 0x07, 0x26, 0x00, 0x04, 0x07, 0x07, 0x06, 0x01, 0x07,
    0x01, 0x05, 0x02, 0x02, 0x01, 0x03, 0x02, 0x07, 0x03, 0x06, 0x01, 0x07, 0x01, 0x06, 0x02, 0x02, 0x01, 0x06, 0x0B, 0x07,
    0x01, 0x06, 0x01, 0x04, 0x01, 0x02, 0x03, 0x07, 0x01, 0x06, 0x03, 0x02, 0x01, 0x04, 0x08, 0x07, 0x01, 0x06, 0x01, 0x05,
    0x03, 0x02, 0x01, 0x04, 0x03, 0x07, 0x01, 0x06, 0x01, 0x02, 0x01, 0x05, 0x02, 0x07, 0x01, 0x0E, 0x06, 0x07, 0x01, 0x0E,
    0x02, 0x07, 0x01, 0x06, 0x02, 0x02, 0x04, 0x07, 0x03, 0x06, 0x01, 0x02, 0x01, 0x03, 0x01, 0x02, 0x0B, 0x07, 0x01, 0x10,
    0x01, 0x07, 0x26, 0x00, 0x03, 0x07, 0x0A, 0x06, 0x03, 0x02, 0x01, 0x06, 0x01, 0x07, 0x04, 0x06, 0x06, 0x07, 0x01, 0x06,
    0x0E, 0x07, 0x01, 0x05, 0x01, 0x02, 0x01, 0x03, 0x01, 0x02, 0x01, 0x06, 0x08, 0x07, 0x01, 0x06, 0x01, 0x05, 0x01, 0x03,
    0x01, 0x02, 0x01, 0x03, 0x01, 0x02, 0x04, 0x07, 0x01, 0x0E, 0x14, 0x07, 0x02, 0x06, 0x01, 0x04, 0x01, 0x02, 0x01, 0x03,
    0x01, 0x02, 0x0B, 0x07, 0x01, 0x10, 0x01, 0x07, 0x26, 0x00, 0x02, 0x07, 0x0A, 0x06, 0x01, 0x07, 0x01, 0x03, 0x01, 0x02,
    0x01, 0x03, 0x01, 0x04, 0x01, 0x07, 0x05, 0x06, 0x02, 0x07, 0x02, 0x06, 0x10, 0x07, 0x01, 0x03, 0x03, 0x02, 0x0A, 0x07,
    0x01, 0x06, 0x01, 0x04, 0x01, 0x02, 0x01, 0x03, 0x01, 0x02, 0x01, 0x06, 0x18, 0x07, 0x02, 0x06, 0x01, 0x03, 0x02, 0x02,
    0x01, 0x04, 0x0D, 0x07, 0x25, 0x00, 0x03, 0x07, 0x0A, 0x06, 0x01, 0x07, 0x01, 0x04, 0x01, 0x02, 0x02, 0x03, 0x01, 0x07,
    0x09, 0x06, 0x0F, 0x07, 0x01, 0x06, 0x03, 0x02, 0x01, 0x04, 0x0A, 0x07, 0x01, 0x06, 0x01, 0x05, 0x01, 0x03, 0x02, 0x02,
    0x01, 0x03, 0x18, 0x07, 0x01, 0x06, 0x01, 0x05, 0x01, 0x02, 0x01, 0x03, 0x01, 0x02, 0x01, 0x06, 0x0D, 0x07, 0x25, 0x00,
    0x03, 0x07, 0x0C, 0x06, 0x02, 0x02, 0x01, 0x03, 0x01, 0x05, 0x01, 0x07, 0x08, 0x06, 0x0F, 0x07, 0x01, 0x04, 0x03, 0x02,
    0x01, 0x06, 0x0B, 0x07, 0x01, 0x06, 0x01, 0x04, 0x03, 0x02, 0x01, 0x06, 0x16, 0x07, 0x01, 0x06, 0x01, 0x07, 0x01, 0x03,
    0x03, 0x02, 0x0E, 0x07, 0x25, 0x00, 0x02, 0x07, 0x0C, 0x06, 0x01, 0x07, 0x01, 0x04, 0x01, 0x02, 0x02, 0x03, 0x02, 0x07,
    0x09, 0x06, 0x02, 0x07, 0x01, 0x06, 0x01, 0x07, 0x02, 0x06, 0x02, 0x07, 0x03, 0x06, 0x01, 0x07, 0x01, 0x06, 0x03, 0x02,
    0x01, 0x04, 0x0C, 0x07, 0x01, 0x06, 0x01, 0x05, 0x03, 0x02, 0x01, 0x03, 0x17, 0x07, 0x01, 0x05, 0x01, 0x02, 0x01, 0x03,
    0x01, 0x02, 0x01, 0x05, 0x0E, 0x07, 0x25, 0x00, 0x02, 0x07, 0x0E, 0x06, 0x02, 0x02, 0x01, 0x04, 0x01, 0x03, 0x02, 0x07,
    0x12, 0x06, 0x02, 0x07, 0x04, 0x02, 0x0D, 0x07, 0x02, 0x06, 0x01, 0x04, 0x02, 0x02, 0x01, 0x03, 0x01, 0x04, 0x16, 0x07,
    0x01, 0x02, 0x01, 0x03, 0x02, 0x02, 0x0F, 0x07, 0x26, 0x00, 0x02, 0x07, 0x0C, 0x06, 0x01, 0x07, 0x01, 0x05, 0x02, 0x02,
    0x02, 0x04, 0x03, 0x07, 0x0E, 0x06, 0x03, 0x07, 0x01, 0x03, 0x03, 0x02, 0x01, 0x05, 0x0E, 0x07, 0x02, 0x06, 0x01, 0x03,
    0x02, 0x02, 0x01, 0x03, 0x01, 0x04, 0x13, 0x07, 0x01, 0x06, 0x02, 0x02, 0x01, 0x03, 0x01, 0x02, 0x01, 0x06, 0x0F, 0x07,
    0x26, 0x00, 0x02, 0x07, 0x0D, 0x06, 0x01, 0x07, 0x01, 0x03, 0x02, 0x02, 0x02, 0x03, 0x01, 0x05, 0x10, 0x07, 0x01, 0x05,
    0x04, 0x02, 0x01, 0x04, 0x10, 0x07, 0x01, 0x06, 0x01, 0x05, 0x02, 0x02, 0x02, 0x03, 0x01, 0x04, 0x01, 0x06, 0x10, 0x07,
    0x01, 0x04, 0x01, 0x02, 0x01, 0x04, 0x02, 0x02, 0x01, 0x05, 0x10, 0x07, 0x26, 0x00, 0x02, 0x07, 0x0E, 0x06, 0x01, 0x07,
    0x01, 0x03, 0x04, 0x02, 0x01, 0x03, 0x01, 0x04, 0x01, 0x05, 0x01, 0x06, 0x09, 0x07, 0x01, 0x06, 0x01, 0x04, 0x01, 0x03,
    0x04, 0x02, 0x01, 0x03, 0x03, 0x07, 0x01, 0x04, 0x05, 0x07, 0x02, 0x02, 0x05, 0x07, 0x01, 0x04, 0x01, 0x07, 0x01, 0x06,
    0x01, 0x05, 0x01, 0x03, 0x02, 0x02, 0x02, 0x03, 0x01, 0x04, 0x01, 0x05, 0x01, 0x06, 0x08, 0x07, 0x02, 0x06, 0x01, 0x05,
    0x01, 0x04, 0x03, 0x03, 0x02, 0x02, 0x01, 0x04, 0x11, 0x07, 0x26, 0x00, 0x02, 0x07, 0x0F, 0x06, 0x01, 0x07, 0x01, 0x05,
    0x09, 0x02, 0x05, 0x03, 0x08, 0x02, 0x01, 0x04, 0x04, 0x07, 0x01, 0x06, 0x01, 0x02, 0x01, 0x04, 0x01, 0x06, 0x01, 0x04,
    0x01, 0x02, 0x01, 0x06, 0x01, 0x05, 0x01, 0x02, 0x01, 0x03, 0x01, 0x05, 0x01, 0x03, 0x01, 0x02, 0x02, 0x07, 0x02, 0x06,
    0x01, 0x05, 0x01, 0x03, 0x03, 0x02, 0x04, 0x03, 0x05, 0x04, 0x04, 0x03, 0x01, 0x04, 0x02, 0x03, 0x03, 0x02, 0x01, 0x05,
    0x0B, 0x07, 0x03, 0x06, 0x03, 0x07, 0x28, 0x00, 0x02, 0x07, 0x0F, 0x06, 0x01, 0x07, 0x01, 0x06, 0x01, 0x04, 0x12, 0x02,
    0x01, 0x03, 0x01, 0x05, 0x06, 0x07, 0x01, 0x06, 0x01, 0x03, 0x01, 0x02, 0x01, 0x04, 0x04, 0x07, 0x01, 0x04, 0x01, 0x02,
    0x01, 0x04, 0x04, 0x07, 0x02, 0x06, 0x01, 0x05, 0x01, 0x04, 0x01, 0x03, 0x05, 0x02, 0x08, 0x03, 0x05, 0x02, 0x01, 0x04,
    0x01, 0x06, 0x0B, 0x07, 0x05, 0x06, 0x02, 0x07, 0x28, 0x00, 0x02, 0x07, 0x0F, 0x06, 0x01, 0x05, 0x03, 0x06, 0x01, 0x05,
    0x01, 0x04, 0x01, 0x03, 0x0B, 0x02, 0x01, 0x03, 0x01, 0x04, 0x01, 0x05, 0x03, 0x06, 0x01, 0x07, 0x01, 0x06, 0x02, 0x07,
    0x01, 0x06, 0x10, 0x07, 0x03, 0x06, 0x02, 0x05, 0x01, 0x04, 0x01, 0x03, 0x0B, 0x02, 0x01, 0x03, 0x01, 0x04, 0x01, 0x05,
    0x04, 0x06, 0x01, 0x07, 0x01, 0x06, 0x03, 0x07, 0x0A, 0x06, 0x01, 0x07, 0x2A, 0x00, 0x02, 0x07, 0x0F, 0x06, 0x03, 0x05,
    0x04, 0x06, 0x04, 0x05, 0x02, 0x04, 0x03, 0x05, 0x05, 0x06, 0x01, 0x07, 0x03, 0x06, 0x01, 0x07, 0x01, 0x06, 0x01, 0x07,
    0x02, 0x06, 0x0F, 0x07, 0x02, 0x06, 0x01, 0x05, 0x03, 0x06, 0x04, 0x05, 0x02, 0x04, 0x04, 0x05, 0x07, 0x06, 0x01, 0x07,
    0x0E, 0x06, 0x02, 0x07, 0x2B, 0x00, 0x01, 0x07, 0x12, 0x06, 0x04, 0x05, 0x16, 0x06, 0x11, 0x07, 0x04, 0x06, 0x02, 0x05,
    0x02, 0x06, 0x01, 0x05, 0x0B, 0x06, 0x01, 0x07, 0x0F, 0x06, 0x02, 0x07, 0x2C, 0x00, 0x02, 0x07, 0x2F, 0x06, 0x0C, 0x07,
    0x01, 0x06, 0x01, 0x07, 0x22, 0x06, 0x03, 0x07, 0x2D, 0x00, 0x02, 0x07, 0x31, 0x06, 0x08, 0x07, 0x25, 0x06, 0x02, 0x07,
    0x2F, 0x00, 0x02, 0x07, 0x5C, 0x06, 0x02, 0x07, 0x31, 0x00, 0x02, 0x07, 0x59, 0x06, 0x03, 0x07, 0x33, 0x00, 0x03, 0x07,
    0x56, 0x06, 0x03, 0x07, 0x36, 0x00, 0x02, 0x07, 0x53, 0x06, 0x03, 0x07, 0x39, 0x00, 0x03, 0x07, 0x50, 0x06, 0x03, 0x07,
    0x3C, 0x00, 0x03, 0x07, 0x4C, 0x06, 0x03, 0x07, 0x40, 0x00, 0x03, 0x07, 0x48, 0x06, 0x03, 0x07, 0x44, 0x00, 0x02, 0x07,
    0x01, 0x06, 0x01, 0x07, 0x03, 0x06, 0x01, 0x05, 0x3D, 0x06, 0x05, 0x07, 0x48, 0x00, 0x03, 0x07, 0x3D, 0x06, 0x06, 0x07,
    0x4E, 0x00, 0x02, 0x07, 0x01, 0x06, 0x03, 0x05, 0x33, 0x06, 0x01, 0x05, 0x02, 0x06, 0x02, 0x07, 0x55, 0x00, 0x01, 0x06,
    0x02, 0x05, 0x0C, 0x04, 0x05, 0x05, 0x09, 0x06, 0x02, 0x05, 0x07, 0x06, 0x06, 0x05, 0x0A, 0x04, 0x02, 0x05, 0x57, 0x00,
    0x01, 0x06, 0x01, 0x07, 0x02, 0x06, 0x01, 0x05, 0x01, 0x06, 0x07, 0x05, 0x04, 0x04, 0x06, 0x03, 0x01, 0x04, 0x0B, 0x05,
    0x01, 0x04, 0x06, 0x03, 0x03, 0x04, 0x04, 0x05, 0x07, 0x06, 0x02, 0x07, 0x56, 0x00, 0x02, 0x07, 0x05, 0x06, 0x01, 0x07,
    0x01, 0x06, 0x0C, 0x07, 0x01, 0x06, 0x01, 0x05, 0x01, 0x03, 0x01, 0x02, 0x01, 0x03, 0x07, 0x04, 0x01, 0x03, 0x02, 0x02,
    0x01, 0x03, 0x01, 0x05, 0x01, 0x06, 0x10, 0x07, 0x01, 0x06, 0x02, 0x07, 0x56, 0x00, 0x02, 0x07, 0x04, 0x06, 0x02, 0x07,
    0x01, 0x06, 0x0C, 0x07, 0x01, 0x0E, 0x03, 0x07, 0x01, 0x05, 0x01, 0x04, 0x06, 0x05, 0x01, 0x04, 0x01, 0x06, 0x17, 0x07,
    0x56, 0x00, 0x02, 0x07, 0x03, 0x06, 0x01, 0x07, 0x01, 0x06, 0x11, 0x07, 0x01, 0x0F, 0x02, 0x07, 0x01, 0x05, 0x03, 0x06,
    0x01, 0x05, 0x01, 0x06, 0x06, 0x07, 0x02, 0x0E, 0x11, 0x07, 0x56, 0x00, 0x04, 0x07, 0x04, 0x06, 0x0E, 0x07, 0x01, 0x0E,
    0x01, 0x0F, 0x01, 0x0E, 0x03, 0x07, 0x04, 0x06, 0x04, 0x07, 0x01, 0x0E, 0x01, 0x07, 0x04, 0x0E, 0x0E, 0x07, 0x01, 0x06,
    0x01, 0x07, 0x57, 0x00, 0x02, 0x05, 0x02, 0x06, 0x02, 0x07, 0x01, 0x06, 0x02, 0x07, 0x01, 0x06, 0x0B, 0x07, 0x05, 0x0E,
    0x01, 0x10, 0x01, 0x07, 0x02, 0x06, 0x03, 0x07, 0x01, 0x0E, 0x01, 0x07, 0x02, 0x0E, 0x04, 0x07, 0x01, 0x0E, 0x0B, 0x07,
    0x01, 0x06, 0x01, 0x05, 0x01, 0x06, 0x56, 0x00, 0x02, 0x06, 0x01, 0x05, 0x02, 0x03, 0x01, 0x04, 0x01, 0x05, 0x02, 0x06,
    0x05, 0x07, 0x03, 0x06, 0x09, 0x07, 0x01, 0x0E, 0x01, 0x0F, 0x02, 0x0E, 0x02, 0x06, 0x06, 0x07, 0x01, 0x0E, 0x0C, 0x07,
    0x02, 0x06, 0x01, 0x05, 0x02, 0x04, 0x01, 0x05, 0x01, 0x06, 0x01, 0x07, 0x54, 0x00, 0x02, 0x07, 0x01, 0x06, 0x02, 0x05,
    0x02, 0x04, 0x03, 0x03, 0x02, 0x04, 0x01, 0x05, 0x03, 0x06, 0x03, 0x07, 0x02, 0x06, 0x06, 0x07, 0x04, 0x0E, 0x11, 0x07,
    0x01, 0x06, 0x01, 0x05, 0x04, 0x04, 0x02, 0x05, 0x03, 0x06, 0x02, 0x07, 0x52, 0x00, 0x01, 0x06, 0x01, 0x07, 0x01, 0x06,
    0x07, 0x05, 0x02, 0x04, 0x04, 0x03, 0x01, 0x04, 0x03, 0x05, 0x01, 0x06, 0x09, 0x07, 0x02, 0x0E, 0x09, 0x07, 0x01, 0x06,
    0x02, 0x07, 0x02, 0x06, 0x01, 0x05, 0x01, 0x04, 0x01, 0x03, 0x02, 0x04, 0x01, 0x05, 0x09, 0x06, 0x02, 0x07, 0x50, 0x00,
    0x02, 0x07, 0x01, 0x06, 0x0C, 0x05, 0x03, 0x04, 0x04, 0x03, 0x02, 0x04, 0x01, 0x05, 0x01, 0x06, 0x05, 0x07, 0x01, 0x0E,
    0x01, 0x0F, 0x09, 0x07, 0x01, 0x05, 0x01, 0x04, 0x01, 0x03, 0x02, 0x04, 0x02, 0x05, 0x02, 0x06, 0x01, 0x07, 0x0B, 0x06,
    0x02, 0x07, 0x4F, 0x00, 0x02, 0x07, 0x05, 0x05, 0x01, 0x06, 0x06, 0x05, 0x03, 0x06, 0x05, 0x05, 0x01, 0x04, 0x03, 0x03,
    0x01, 0x05, 0x04, 0x07, 0x01, 0x0F, 0x01, 0x10, 0x03, 0x07, 0x01, 0x0E, 0x03, 0x07, 0x01, 0x05, 0x01, 0x03, 0x01, 0x04,
    0x02, 0x05, 0x01, 0x06, 0x02, 0x07, 0x10, 0x06, 0x02, 0x07, 0x4D, 0x00, 0x02, 0x07, 0x01, 0x05, 0x01, 0x06, 0x02, 0x05,
    0x02, 0x06, 0x08, 0x05, 0x0A, 0x06, 0x01, 0x05, 0x01, 0x04, 0x01, 0x03, 0x04, 0x07, 0x01, 0x0F, 0x04, 0x07, 0x01, 0x0E,
    0x01, 0x07, 0x02, 0x04, 0x01, 0x06, 0x03, 0x07, 0x0C, 0x06, 0x01, 0x05, 0x07, 0x06, 0x02, 0x07, 0x4B, 0x00, 0x02, 0x07,
    0x08, 0x06, 0x02, 0x05, 0x01, 0x06, 0x04, 0x05, 0x07, 0x06, 0x01, 0x05, 0x01, 0x04, 0x02, 0x05, 0x01, 0x06, 0x01, 0x04,
    0x01, 0x05, 0x02, 0x07, 0x02, 0x0F, 0x01, 0x06, 0x01, 0x07, 0x02, 0x0E, 0x01, 0x10, 0x01, 0x07, 0x01, 0x06, 0x01, 0x07,
    0x01, 0x06, 0x01, 0x04, 0x01, 0x05, 0x0D, 0x06, 0x01, 0x05, 0x08, 0x06, 0x02, 0x07, 0x49, 0x00, 0x02, 0x07, 0x01, 0x06,
    0x01, 0x05, 0x07, 0x06, 0x02, 0x05, 0x01, 0x06, 0x04, 0x05, 0x06, 0x06, 0x02, 0x05, 0x01, 0x06, 0x01, 0x07, 0x01, 0x06,
    0x02, 0x05, 0x01, 0x04, 0x03, 0x07, 0x01, 0x05, 0x01, 0x04, 0x01, 0x06, 0x03, 0x07, 0x01, 0x06, 0x02, 0x05, 0x01, 0x04,
    0x01, 0x05, 0x02, 0x07, 0x0C, 0x06, 0x01, 0x05, 0x09, 0x06, 0x02, 0x07, 0x47, 0x00, 0x02, 0x07, 0x0A, 0x06, 0x06, 0x05,
    0x06, 0x06, 0x03, 0x05, 0x01, 0x07, 0x01, 0x0F, 0x06, 0x06, 0x01, 0x07, 0x01, 0x05, 0x02, 0x07, 0x01, 0x06, 0x05, 0x07,
    0x02, 0x06, 0x01, 0x10, 0x01, 0x07, 0x01, 0x05, 0x0B, 0x06, 0x01, 0x05, 0x0A, 0x06, 0x02, 0x07, 0x45, 0x00, 0x01, 0x06,
    0x02, 0x07, 0x01, 0x05, 0x09, 0x06, 0x06, 0x05, 0x06, 0x06, 0x01, 0x05, 0x03, 0x04, 0x01, 0x06, 0x01, 0x05, 0x01, 0x04,
    0x01, 0x05, 0x01, 0x04, 0x01, 0x05, 0x01, 0x04, 0x01, 0x05, 0x01, 0x04, 0x01, 0x05, 0x02, 0x04, 0x05, 0x05, 0x02, 0x04,
    0x01, 0x06, 0x01, 0x05, 0x01, 0x04, 0x0A, 0x06, 0x02, 0x05, 0x0B, 0x06, 0x01, 0x07, 0x01, 0x06, 0x43, 0x00, 0x01, 0x05,
    0x01, 0x07, 0x02, 0x06, 0x01, 0x05, 0x09, 0x06, 0x07, 0x05, 0x05, 0x06, 0x02, 0x04, 0x01, 0x05, 0x02, 0x06, 0x01, 0x05,
    0x02, 0x02, 0x01, 0x03, 0x03, 0x06, 0x02, 0x04, 0x01, 0x05, 0x02, 0x06, 0x01, 0x07, 0x01, 0x05, 0x02, 0x02, 0x01, 0x05,
    0x02, 0x06, 0x02, 0x05, 0x01, 0x07, 0x09, 0x06, 0x02, 0x05, 0x0B, 0x06, 0x02, 0x07, 0x43, 0x00, 0x01, 0x06, 0x01, 0x07,
    0x01, 0x05, 0x01, 0x06, 0x01, 0x05, 0x09, 0x06, 0x01, 0x05, 0x01, 0x04, 0x05, 0x05, 0x04, 0x06, 0x02, 0x05, 0x01, 0x04,
    0x01, 0x03, 0x03, 0x04, 0x02, 0x05, 0x01, 0x04, 0x04, 0x07, 0x01, 0x05, 0x02, 0x07, 0x01, 0x0E, 0x01, 0x10, 0x01, 0x07,
    0x02, 0x05, 0x01, 0x02, 0x01, 0x03, 0x02, 0x04, 0x0B, 0x06, 0x03, 0x05, 0x0A, 0x06, 0x01, 0x05, 0x02, 0x07, 0x41, 0x00,
    0x02, 0x07, 0x03, 0x06, 0x02, 0x05, 0x08, 0x06, 0x01, 0x05, 0x01, 0x04, 0x05, 0x05, 0x05, 0x06, 0x02, 0x05, 0x02, 0x04,
    0x01, 0x05, 0x02, 0x06, 0x02, 0x05, 0x03, 0x07, 0x01, 0x0F, 0x04, 0x07, 0x01, 0x0F, 0x01, 0x07, 0x02, 0x06, 0x01, 0x05,
    0x01, 0x04, 0x01, 0x05, 0x01, 0x06, 0x01, 0x07, 0x0A, 0x06, 0x01, 0x05, 0x01, 0x04, 0x02, 0x05, 0x08, 0x06, 0x01, 0x07,
    0x02, 0x06, 0x02, 0x07, 0x3F, 0x00, 0x01, 0x06, 0x01, 0x07, 0x02, 0x06, 0x01, 0x05, 0x01, 0x04, 0x09, 0x06, 0x02, 0x05,
    0x02, 0x04, 0x04, 0x05, 0x05, 0x06, 0x01, 0x05, 0x06, 0x06, 0x02, 0x05, 0x03, 0x07, 0x01, 0x0E, 0x04, 0x07, 0x01, 0x10,
    0x01, 0x07, 0x01, 0x05, 0x10, 0x06, 0x01, 0x05, 0x01, 0x04, 0x02, 0x05, 0x07, 0x06, 0x03, 0x07, 0x02, 0x06, 0x01, 0x07,
    0x01, 0x06, 0x3E, 0x00, 0x01, 0x07, 0x01, 0x06, 0x04, 0x05, 0x08, 0x06, 0x02, 0x05, 0x02, 0x04, 0x05, 0x05, 0x0C, 0x06,
    0x02, 0x05, 0x02, 0x07, 0x02, 0x0E, 0x02, 0x07, 0x02, 0x0E, 0x01, 0x0F, 0x01, 0x07, 0x04, 0x06, 0x01, 0x07, 0x0D, 0x06,
    0x01, 0x04, 0x03, 0x05, 0x06, 0x06, 0x01, 0x07, 0x02, 0x05, 0x01, 0x06, 0x01, 0x05, 0x02, 0x07, 0x3D, 0x00, 0x03, 0x06,
    0x03, 0x05, 0x01, 0x06, 0x01, 0x05, 0x01, 0x07, 0x07, 0x06, 0x01, 0x05, 0x01, 0x03, 0x01, 0x04, 0x06, 0x05, 0x07, 0x06,
    0x02, 0x05, 0x02, 0x06, 0x02, 0x05, 0x03, 0x07, 0x01, 0x10, 0x03, 0x07, 0x01, 0x0E, 0x01, 0x0F, 0x01, 0x07, 0x01, 0x05,
    0x11, 0x06, 0x02, 0x04, 0x03, 0x05, 0x04, 0x06, 0x03, 0x07, 0x04, 0x06, 0x01, 0x07, 0x01, 0x06, 0x3B, 0x00, 0x01, 0x05,
    0x01, 0x07, 0x01, 0x06, 0x01, 0x05, 0x01, 0x04, 0x03, 0x05, 0x02, 0x06, 0x01, 0x07, 0x04, 0x06, 0x03, 0x05, 0x01, 0x03,
    0x06, 0x05, 0x06, 0x06, 0x04, 0x05, 0x02, 0x06, 0x02, 0x05, 0x04, 0x07, 0x01, 0x05, 0x01, 0x06, 0x01, 0x0E, 0x01, 0x07,
    0x01, 0x0F, 0x01, 0x07, 0x01, 0x05, 0x01, 0x06, 0x01, 0x05, 0x01, 0x04, 0x02, 0x05, 0x0C, 0x06, 0x01, 0x04, 0x01, 0x03,
    0x03, 0x05, 0x03, 0x06, 0x02, 0x07, 0x01, 0x06, 0x02, 0x07, 0x02, 0x06, 0x02, 0x05, 0x01, 0x07, 0x01, 0x06, 0x3A, 0x00,
    0x01, 0x07, 0x01, 0x06, 0x05, 0x05, 0x02, 0x06, 0x01, 0x05, 0x02, 0x06, 0x01, 0x05, 0x02, 0x06, 0x02, 0x05, 0x01, 0x04,
    0x01, 0x03, 0x06, 0x05, 0x06, 0x06, 0x02, 0x05, 0x01, 0x07, 0x01, 0x10, 0x01, 0x07, 0x01, 0x05, 0x01, 0x04, 0x01, 0x05,
    0x03, 0x07, 0x01, 0x04, 0x01, 0x06, 0x04, 0x07, 0x02, 0x06, 0x01, 0x05, 0x01, 0x04, 0x01, 0x06, 0x01, 0x10, 0x01, 0x07,
    0x01, 0x05, 0x0B, 0x06, 0x01, 0x05, 0x01, 0x03, 0x02, 0x05, 0x02, 0x06, 0x01, 0x05, 0x01, 0x06, 0x01, 0x07, 0x01, 0x05,
    0x03, 0x06, 0x01, 0x07, 0x02, 0x06, 0x01, 0x05, 0x02, 0x07, 0x39, 0x00, 0x01, 0x07, 0x01, 0x10, 0x01, 0x07, 0x01, 0x06,
    0x01, 0x04, 0x01, 0x05, 0x01, 0x06, 0x01, 0x05, 0x01, 0x04, 0x01, 0x05, 0x01, 0x07, 0x02, 0x06, 0x01, 0x07, 0x01, 0x05,
    0x02, 0x06, 0x01, 0x05, 0x01, 0x03, 0x01, 0x04, 0x06, 0x05, 0x05, 0x06, 0x01, 0x05, 0x02, 0x04, 0x01, 0x06, 0x01, 0x07,
    0x02, 0x05, 0x02, 0x06, 0x01, 0x05, 0x01, 0x06, 0x01, 0x07, 0x01, 0x04, 0x01, 0x07, 0x01, 0x06, 0x01, 0x05, 0x05, 0x07,
    0x02, 0x05, 0x02, 0x07, 0x01, 0x05, 0x0C, 0x06, 0x01, 0x03, 0x01, 0x04, 0x03, 0x05, 0x04, 0x06, 0x04, 0x07, 0x02, 0x05,
    0x01, 0x06, 0x01, 0x07, 0x01, 0x10, 0x01, 0x07, 0x36, 0x00, 0x03, 0x07, 0x02, 0x06, 0x05, 0x05, 0x01, 0x06, 0x01, 0x07,
    0x01, 0x05, 0x01, 0x07, 0x03, 0x06, 0x03, 0x05, 0x01, 0x03, 0x01, 0x04, 0x05, 0x05, 0x06, 0x06, 0x02, 0x04, 0x02, 0x05,
    0x01, 0x06, 0x01, 0x05, 0x01, 0x03, 0x06, 0x04, 0x01, 0x05, 0x03, 0x04, 0x01, 0x05, 0x01, 0x04, 0x01, 0x03, 0x01, 0x02,
    0x05, 0x05, 0x0C, 0x06, 0x02, 0x04, 0x03, 0x05, 0x01, 0x06, 0x01, 0x04, 0x01, 0x07, 0x02, 0x06, 0x01, 0x07, 0x01, 0x06,
    0x01, 0x05, 0x01, 0x06, 0x01, 0x07, 0x01, 0x06, 0x01, 0x05, 0x02, 0x07, 0x01, 0x0E, 0x01, 0x07, 0x33, 0x00, 0x01, 0x07,
    0x01, 0x10, 0x01, 0x0E, 0x02, 0x07, 0x01, 0x06, 0x02, 0x05, 0x01, 0x06, 0x01, 0x07, 0x01, 0x06, 0x01, 0x05, 0x01, 0x06,
    0x01, 0x07, 0x01, 0x05, 0x01, 0x06, 0x01, 0x05, 0x01, 0x06, 0x02, 0x05, 0x01, 0x04, 0x01, 0x03, 0x07, 0x05, 0x04, 0x06,
    0x01, 0x05, 0x01, 0x04, 0x01, 0x03, 0x01, 0x05, 0x01, 0x06, 0x01, 0x05, 0x01, 0x04, 0x01, 0x03, 0x01, 0x02, 0x01, 0x03,
    0x02, 0x07, 0x01, 0x06, 0x01, 0x05, 0x01, 0x04, 0x01, 0x06, 0x03, 0x07, 0x01, 0x06, 0x02, 0x03, 0x01, 0x04, 0x02, 0x06,
    0x01, 0x04, 0x01, 0x06, 0x01, 0x07, 0x0B, 0x06, 0x01, 0x05, 0x01, 0x03, 0x07, 0x05, 0x03, 0x06, 0x01, 0x0E, 0x01, 0x10,
    0x01, 0x07, 0x01, 0x06, 0x02, 0x07, 0x01, 0x0E, 0x02, 0x10, 0x01, 0x07, 0x31, 0x00, 0x01, 0x07, 0x01, 0x0F, 0x04, 0x07,
    0x02, 0x0E, 0x01, 0x07, 0x01, 0x05, 0x01, 0x06, 0x02, 0x07, 0x01, 0x05, 0x01, 0x06, 0x01, 0x07, 0x01, 0x06, 0x01, 0x05,
    0x01, 0x06, 0x02, 0x05, 0x01, 0x03, 0x01, 0x04, 0x07, 0x05, 0x04, 0x06, 0x02, 0x05, 0x01, 0x04, 0x03, 0x03, 0x01, 0x05,
    0x01, 0x06, 0x01, 0x04, 0x01, 0x05, 0x04, 0x07, 0x01, 0x06, 0x01, 0x07, 0x01, 0x0F, 0x01, 0x0E, 0x01, 0x0F, 0x01, 0x07,
    0x02, 0x05, 0x01, 0x03, 0x01, 0x02, 0x01, 0x03, 0x01, 0x05, 0x01, 0x07, 0x0C, 0x06, 0x01, 0x05, 0x01, 0x02, 0x01, 0x04,
    0x04, 0x05, 0x01, 0x06, 0x02, 0x05, 0x01, 0x07, 0x01, 0x10, 0x01, 0x0F, 0x03, 0x07, 0x01, 0x0F, 0x03, 0x0E, 0x01, 0x10,
    0x01, 0x0E, 0x01, 0x07, 0x30, 0x00, 0x08, 0x07, 0x01, 0x0F, 0x01, 0x07, 0x02, 0x06, 0x01, 0x07, 0x01, 0x10, 0x01, 0x07,
    0x06, 0x05, 0x01, 0x02, 0x08, 0x05, 0x04, 0x06, 0x05, 0x05, 0x03, 0x06, 0x02, 0x05, 0x03, 0x07, 0x01, 0x0F, 0x03, 0x07,
    0x01, 0x0E, 0x01, 0x0F, 0x01, 0x06, 0x01, 0x05, 0x01, 0x06, 0x02, 0x05, 0x01, 0x06, 0x01, 0x07, 0x0E, 0x06, 0x01, 0x03,
    0x01, 0x04, 0x02, 0x05, 0x01, 0x06, 0x03, 0x05, 0x03, 0x07, 0x01, 0x06, 0x01, 0x07, 0x06, 0x0E, 0x01, 0x07, 0x01, 0x10,
    0x01, 0x07, 0x30, 0x00, 0x0A, 0x07, 0x01, 0x0F, 0x01, 0x07, 0x01, 0x06, 0x01, 0x07, 0x01, 0x0E, 0x01, 0x07, 0x04, 0x05,
    0x01, 0x04, 0x01, 0x03, 0x08, 0x05, 0x05, 0x06, 0x01, 0x05, 0x06, 0x06, 0x02, 0x05, 0x07, 0x07, 0x01, 0x0E, 0x01, 0x10,
    0x01, 0x07, 0x01, 0x05, 0x13, 0x06, 0x01, 0x04, 0x01, 0x03, 0x01, 0x04, 0x02, 0x05, 0x01, 0x04, 0x01, 0x05, 0x04, 0x06,
    0x01, 0x07, 0x01, 0x0E, 0x01, 0x07, 0x02, 0x0E, 0x04, 0x07, 0x01, 0x10, 0x01, 0x07, 0x2F, 0x00, 0x03, 0x07, 0x01, 0x06,
    0x08, 0x07, 0x01, 0x0E, 0x01, 0x07, 0x02, 0x06, 0x02, 0x07, 0x01, 0x05, 0x01, 0x04, 0x01, 0x05, 0x02, 0x03, 0x09, 0x05,
    0x0B, 0x06, 0x02, 0x05, 0x04, 0x07, 0x01, 0x06, 0x03, 0x07, 0x01, 0x0F, 0x01, 0x07, 0x01, 0x05, 0x13, 0x06, 0x01, 0x05,
    0x01, 0x02, 0x02, 0x04, 0x01, 0x05, 0x01, 0x06, 0x02, 0x05, 0x01, 0x06, 0x0B, 0x07, 0x01, 0x0E, 0x01, 0x07, 0x30, 0x00,
    0x02, 0x07, 0x01, 0x06, 0x0A, 0x07, 0x01, 0x0E, 0x01, 0x07, 0x01, 0x06, 0x01, 0x05, 0x01, 0x06, 0x01, 0x05, 0x01, 0x04,
    0x01, 0x02, 0x01, 0x04, 0x08, 0x05, 0x07, 0x06, 0x01, 0x05, 0x01, 0x04, 0x02, 0x05, 0x01, 0x06, 0x01, 0x04, 0x01, 0x05,
    0x02, 0x07, 0x01, 0x0E, 0x01, 0x0F, 0x01, 0x06, 0x02, 0x07, 0x01, 0x0E, 0x01, 0x0F, 0x01, 0x07, 0x01, 0x05, 0x02, 0x06,
    0x03, 0x05, 0x0F, 0x06, 0x01, 0x02, 0x01, 0x04, 0x04, 0x05, 0x0F, 0x07, 0x30, 0x00, 0x02, 0x07, 0x01, 0x06, 0x0D, 0x07,
    0x01, 0x06, 0x02, 0x05, 0x01, 0x04, 0x01, 0x02, 0x09, 0x05, 0x06, 0x06, 0x01, 0x05, 0x01, 0x04, 0x01, 0x06, 0x01, 0x07,
    0x02, 0x05, 0x01, 0x04, 0x01, 0x05, 0x04, 0x07, 0x01, 0x05, 0x01, 0x06, 0x04, 0x07, 0x02, 0x05, 0x01, 0x04, 0x01, 0x05,
    0x02, 0x07, 0x0F, 0x06, 0x02, 0x03, 0x01, 0x05, 0x01, 0x04, 0x01, 0x05, 0x0D, 0x07, 0x01, 0x06, 0x02, 0x07, 0x31, 0x00,
    0x02, 0x06, 0x01, 0x05, 0x02, 0x06, 0x0C, 0x07, 0x01, 0x04, 0x01, 0x02, 0x01, 0x03, 0x09, 0x05, 0x02, 0x06, 0x02, 0x05,
    0x01, 0x06, 0x03, 0x05, 0x01, 0x07, 0x01, 0x10, 0x01, 0x06, 0x02, 0x05, 0x01, 0x06, 0x01, 0x07, 0x02, 0x06, 0x01, 0x04,
    0x02, 0x07, 0x01, 0x06, 0x01, 0x07, 0x01, 0x06, 0x01, 0x07, 0x02, 0x06, 0x01, 0x05, 0x01, 0x06, 0x01, 0x10, 0x01, 0x07,
    0x01, 0x05, 0x0E, 0x06, 0x01, 0x05, 0x01, 0x02, 0x01, 0x04, 0x01, 0x06, 0x0C, 0x07, 0x01, 0x05, 0x03, 0x06, 0x32, 0x00,
    0x02, 0x07, 0x03, 0x05, 0x01, 0x06, 0x0C, 0x07, 0x01, 0x02, 0x01, 0x04, 0x09, 0x05, 0x03, 0x06, 0x02, 0x05, 0x01, 0x04,
    0x01, 0x05, 0x01, 0x04, 0x01, 0x05, 0x01, 0x06, 0x02, 0x05, 0x01, 0x06, 0x02, 0x05, 0x02, 0x06, 0x01, 0x04, 0x03, 0x05,
    0x02, 0x06, 0x01, 0x05, 0x02, 0x07, 0x01, 0x05, 0x01, 0x04, 0x01, 0x06, 0x01, 0x05, 0x01, 0x04, 0x0E, 0x06, 0x01, 0x05,
    0x01, 0x02, 0x01, 0x05, 0x01, 0x07, 0x01, 0x06, 0x09, 0x07, 0x03, 0x06, 0x01, 0x07, 0x01, 0x0E, 0x01, 0x07, 0x32, 0x00,
    0x02, 0x07, 0x02, 0x06, 0x01, 0x05, 0x01, 0x04, 0x01, 0x05, 0x01, 0x06, 0x0A, 0x07, 0x01, 0x05, 0x01, 0x04, 0x08, 0x05,
    0x05, 0x06, 0x01, 0x05, 0x02, 0x04, 0x01, 0x06, 0x01, 0x05, 0x01, 0x06, 0x01, 0x05, 0x01, 0x02, 0x01, 0x03, 0x06, 0x05,
    0x01, 0x04, 0x04, 0x05, 0x01, 0x03, 0x01, 0x02, 0x01, 0x05, 0x01, 0x06, 0x03, 0x05, 0x0E, 0x06, 0x01, 0x05, 0x01, 0x03,
    0x0A, 0x07, 0x01, 0x06, 0x01, 0x05, 0x01, 0x06, 0x03, 0x07, 0x01, 0x10, 0x01, 0x07, 0x31, 0x00, 0x02, 0x07, 0x02, 0x06,
    0x03, 0x07, 0x01, 0x06, 0x02, 0x05, 0x01, 0x06, 0x08, 0x07, 0x02, 0x04, 0x08, 0x05, 0x05, 0x06, 0x01, 0x05, 0x01, 0x04,
    0x01, 0x03, 0x02, 0x05, 0x04, 0x04, 0x04, 0x07, 0x01, 0x05, 0x01, 0x04, 0x05, 0x07, 0x01, 0x04, 0x02, 0x03, 0x02, 0x05,
    0x01, 0x04, 0x0F, 0x06, 0x01, 0x05, 0x01, 0x03, 0x04, 0x06, 0x04, 0x07, 0x01, 0x06, 0x01, 0x05, 0x01, 0x06, 0x07, 0x07,
    0x31, 0x00, 0x02, 0x07, 0x02, 0x06, 0x05, 0x07, 0x01, 0x05, 0x01, 0x04, 0x01, 0x06, 0x06, 0x07, 0x01, 0x06, 0x01, 0x03,
    0x0A, 0x05, 0x03, 0x06, 0x03, 0x05, 0x01, 0x04, 0x02, 0x03, 0x01, 0x04, 0x01, 0x06, 0x02, 0x05, 0x05, 0x07, 0x01, 0x06,
    0x05, 0x07, 0x01, 0x06, 0x01, 0x05, 0x01, 0x04, 0x01, 0x02, 0x01, 0x03, 0x01, 0x05, 0x10, 0x06, 0x01, 0x03, 0x01, 0x05,
    0x05, 0x06, 0x01, 0x07, 0x01, 0x06, 0x01, 0x05, 0x0A, 0x07, 0x30, 0x00, 0x02, 0x07, 0x02, 0x06, 0x07, 0x07, 0x02, 0x05,
    0x01, 0x06, 0x04, 0x07, 0x01, 0x04, 0x01, 0x03, 0x0A, 0x05, 0x01, 0x06, 0x01, 0x05, 0x02, 0x06, 0x05, 0x05, 0x01, 0x06,
    0x02, 0x05, 0x06, 0x07, 0x01, 0x06, 0x06, 0x07, 0x01, 0x06, 0x01, 0x05, 0x13, 0x06, 0x01, 0x03, 0x01, 0x04, 0x03, 0x06,
    0x01, 0x07, 0x01, 0x06, 0x02, 0x05, 0x0B, 0x07, 0x30, 0x00, 0x02, 0x07, 0x02, 0x06, 0x08, 0x07, 0x01, 0x05, 0x01, 0x04,
    0x02, 0x06, 0x02, 0x07, 0x01, 0x02, 0x01, 0x04, 0x0A, 0x05, 0x05, 0x06, 0x02, 0x05, 0x03, 0x06, 0x02, 0x05, 0x06, 0x07,
    0x02, 0x06, 0x04, 0x07, 0x01, 0x0F, 0x01, 0x06, 0x01, 0x05, 0x13, 0x06, 0x01, 0x05, 0x01, 0x03, 0x02, 0x06, 0x01, 0x07,
    0x01, 0x06, 0x01, 0x05, 0x01, 0x06, 0x0C, 0x07, 0x30, 0x00, 0x02, 0x07, 0x03, 0x06, 0x02, 0x07, 0x02, 0x06, 0x04, 0x07,
    0x01, 0x06, 0x01, 0x04, 0x02, 0x06, 0x01, 0x04, 0x01, 0x03, 0x08, 0x05, 0x0C, 0x06, 0x02, 0x05, 0x07, 0x07, 0x01, 0x06,
    0x07, 0x07, 0x15, 0x06, 0x01, 0x03, 0x01, 0x04, 0x01, 0x07, 0x01, 0x06, 0x01, 0x04, 0x01, 0x06, 0x05, 0x07, 0x01, 0x06,
    0x07, 0x07, 0x30, 0x00, 0x02, 0x07, 0x03, 0x06, 0x02, 0x07, 0x02, 0x06, 0x05, 0x07, 0x01, 0x05, 0x01, 0x04, 0x01, 0x05,
    0x02, 0x04, 0x0A, 0x05, 0x09, 0x06, 0x01, 0x05, 0x01, 0x04, 0x08, 0x07, 0x01, 0x05, 0x06, 0x07, 0x01, 0x0E, 0x01, 0x07,
    0x01, 0x05, 0x13, 0x06, 0x02, 0x04, 0x01, 0x05, 0x01, 0x04, 0x01, 0x05, 0x05, 0x07, 0x01, 0x06, 0x01, 0x05, 0x07, 0x07,
    0x30, 0x00, 0x02, 0x07, 0x03, 0x06, 0x02, 0x07, 0x01, 0x06, 0x01, 0x05, 0x05, 0x07, 0x01, 0x05, 0x01, 0x06, 0x01, 0x05,
    0x01, 0x03, 0x01, 0x04, 0x0A, 0x05, 0x08, 0x06, 0x02, 0x05, 0x09, 0x07, 0x01, 0x03, 0x07, 0x07, 0x01, 0x0E, 0x01, 0x07,
    0x01, 0x05, 0x12, 0x06, 0x01, 0x04, 0x01, 0x03, 0x01, 0x05, 0x01, 0x03, 0x01, 0x05, 0x01, 0x06, 0x04, 0x07, 0x02, 0x05,
    0x07, 0x07, 0x31, 0x00, 0x01, 0x07, 0x03, 0x06, 0x02, 0x07, 0x01, 0x06, 0x01, 0x05, 0x02, 0x06, 0x03, 0x07, 0x01, 0x06,
    0x02, 0x05, 0x03, 0x04, 0x0B, 0x05, 0x04, 0x06, 0x03, 0x05, 0x09, 0x07, 0x01, 0x06, 0x01, 0x03, 0x01, 0x06, 0x07, 0x07,
    0x01, 0x0F, 0x01, 0x07, 0x01, 0x06, 0x01, 0x05, 0x0F, 0x06, 0x01, 0x05, 0x01, 0x04, 0x02, 0x05, 0x01, 0x04, 0x01, 0x05,
    0x02, 0x06, 0x03, 0x07, 0x01, 0x05, 0x01, 0x06, 0x06, 0x07, 0x32, 0x00, 0x02, 0x07, 0x02, 0x06, 0x03, 0x07, 0x01, 0x05,
    0x01, 0x06, 0x01, 0x07, 0x01, 0x06, 0x01, 0x07, 0x04, 0x06, 0x01, 0x07, 0x01, 0x05, 0x02, 0x04, 0x09, 0x05, 0x01, 0x06,
    0x05, 0x05, 0x01, 0x06, 0x0A, 0x07, 0x03, 0x05, 0x01, 0x06, 0x05, 0x07, 0x01, 0x0E, 0x01, 0x07, 0x01, 0x0E, 0x02, 0x07,
    0x01, 0x06, 0x02, 0x05, 0x07, 0x06, 0x04, 0x05, 0x02, 0x06, 0x02, 0x07, 0x01, 0x06, 0x01, 0x05, 0x04, 0x06, 0x01, 0x07,
    0x01, 0x06, 0x01, 0x05, 0x07, 0x07, 0x32, 0x00, 0x02, 0x07, 0x03, 0x06, 0x02, 0x07, 0x01, 0x06, 0x01, 0x04, 0x03, 0x06,
    0x01, 0x05, 0x02, 0x06, 0x06, 0x07, 0x01, 0x06, 0x0A, 0x05, 0x01, 0x06, 0x0C, 0x07, 0x01, 0x06, 0x02, 0x05, 0x01, 0x04,
    0x01, 0x06, 0x09, 0x07, 0x01, 0x0E, 0x02, 0x07, 0x0A, 0x06, 0x07, 0x07, 0x01, 0x06, 0x01, 0x05, 0x02, 0x07, 0x02, 0x06,
    0x01, 0x05, 0x07, 0x07, 0x34, 0x00, 0x02, 0x07, 0x03, 0x06, 0x02, 0x07, 0x02, 0x05, 0x01, 0x06, 0x02, 0x00, 0x03, 0x06,
    0x1D, 0x07, 0x03, 0x06, 0x02, 0x05, 0x02, 0x06, 0x08, 0x07, 0x01, 0x0E, 0x01, 0x0F, 0x01, 0x0E, 0x09, 0x07, 0x02, 0x0E,
    0x06, 0x07, 0x01, 0x06, 0x02, 0x00, 0x01, 0x05, 0x03, 0x06, 0x01, 0x07, 0x02, 0x06, 0x03, 0x07, 0x35, 0x00, 0x03, 0x07,
    0x03, 0x06, 0x01, 0x07, 0x01, 0x06, 0x03, 0x00, 0x01, 0x06, 0x01, 0x07, 0x01, 0x06, 0x1C, 0x07, 0x04, 0x06, 0x01, 0x05,
    0x01, 0x04, 0x01, 0x06, 0x09, 0x07, 0x01, 0x0E, 0x02, 0x07, 0x05, 0x0E, 0x01, 0x07, 0x01, 0x0E, 0x0A, 0x07, 0x01, 0x06,
    0x03, 0x00, 0x02, 0x07, 0x03, 0x06, 0x03, 0x07, 0x37, 0x00, 0x03, 0x07, 0x02, 0x06, 0x01, 0x07, 0x04, 0x00, 0x02, 0x07,
    0x02, 0x06, 0x1A, 0x07, 0x06, 0x06, 0x02, 0x05, 0x01, 0x06, 0x1D, 0x07, 0x03, 0x00, 0x06, 0x07, 0x43, 0x00, 0x02, 0x07,
    0x05, 0x06, 0x16, 0x07, 0x01, 0x06, 0x01, 0x05, 0x06, 0x06, 0x02, 0x05, 0x01, 0x06, 0x01, 0x07, 0x01, 0x06, 0x19, 0x07,
    0x4E, 0x00, 0x02, 0x07, 0x08, 0x06, 0x06, 0x07, 0x01, 0x06, 0x09, 0x07, 0x01, 0x06, 0x02, 0x05, 0x08, 0x06, 0x02, 0x05,
    0x02, 0x06, 0x19, 0x07, 0x4F, 0x00, 0x02, 0x07, 0x08, 0x06, 0x01, 0x07, 0x02, 0x06, 0x06, 0x07, 0x03, 0x06, 0x02, 0x07,
    0x01, 0x06, 0x02, 0x05, 0x09, 0x06, 0x04, 0x05, 0x01, 0x06, 0x02, 0x07, 0x01, 0x06, 0x14, 0x07, 0x51, 0x00, 0x02, 0x07,
    0x08, 0x06, 0x02, 0x07, 0x07, 0x06, 0x01, 0x07, 0x02, 0x06, 0x03, 0x05, 0x0C, 0x06, 0x04, 0x05, 0x01, 0x06, 0x02, 0x07,
    0x03, 0x06, 0x0F, 0x07, 0x53, 0x00, 0x01, 0x07, 0x04, 0x06, 0x01, 0x07, 0x09, 0x06, 0x01, 0x07, 0x03, 0x06, 0x03, 0x05,
    0x0F, 0x06, 0x05, 0x05, 0x07, 0x06, 0x04, 0x07, 0x06, 0x06, 0x55, 0x00, 0x01, 0x07, 0x01, 0x06, 0x04, 0x05, 0x08, 0x06,
    0x05, 0x05, 0x15, 0x06, 0x08, 0x05, 0x02, 0x06, 0x02, 0x05, 0x01, 0x06, 0x04, 0x05, 0x01, 0x06, 0x01, 0x07, 0x56, 0x00,
    0x01, 0x07, 0x03, 0x06, 0x0C, 0x05, 0x18, 0x06, 0x0E, 0x05, 0x02, 0x06, 0x02, 0x07, 0x56, 0x00, 0x01, 0x07, 0x06, 0x06,
    0x09, 0x05, 0x18, 0x06, 0x08, 0x05, 0x08, 0x06, 0x02, 0x07, 0x56, 0x00, 0x01, 0x07, 0x0F, 0x06, 0x05, 0x05, 0x0F, 0x06,
    0x06, 0x05, 0x0E, 0x06, 0x02, 0x07, 0x56, 0x00, 0x02, 0x07, 0x11, 0x06, 0x05, 0x05, 0x0A, 0x06, 0x05, 0x05, 0x11, 0x06,
    0x02, 0x07, 0x56, 0x00, 0x02, 0x07, 0x12, 0x06, 0x04, 0x05, 0x01, 0x06, 0x08, 0x00, 0x02, 0x06, 0x04, 0x05, 0x0C, 0x06,
    0x04, 0x07, 0x01, 0x06, 0x02, 0x07, 0x56, 0x00, 0x02, 0x07, 0x12, 0x06, 0x03, 0x05, 0x01, 0x06, 0x09, 0x00, 0x02, 0x06,
    0x03, 0x05, 0x0B, 0x06, 0x09, 0x07, 0x56, 0x00, 0x02, 0x07, 0x13, 0x06, 0x01, 0x05, 0x02, 0x06, 0x0A, 0x00, 0x01, 0x06,
    0x03, 0x05, 0x0A, 0x06, 0x0A, 0x07, 0x56, 0x00, 0x02, 0x07, 0x13, 0x06, 0x01, 0x05, 0x01, 0x06, 0x01, 0x07, 0x0A, 0x00,
    0x01, 0x07, 0x01, 0x06, 0x01, 0x05, 0x0B, 0x06, 0x0A, 0x07, 0x56, 0x00, 0x02, 0x07, 0x13, 0x06, 0x01, 0x05, 0x01, 0x06,
    0x01, 0x07, 0x0A, 0x00, 0x01, 0x07, 0x01, 0x06, 0x01, 0x05, 0x0C, 0x06, 0x05, 0x07, 0x01, 0x06, 0x02, 0x07, 0x57, 0x00,
    0x01, 0x06, 0x01, 0x07, 0x06, 0x06, 0x07, 0x07, 0x08, 0x06, 0x01, 0x07, 0x0A, 0x00, 0x01, 0x07, 0x01, 0x06, 0x01, 0x05,
    0x07, 0x06, 0x0D, 0x07, 0x57, 0x00, 0x05, 0x07, 0x02, 0x06, 0x0B, 0x07, 0x05, 0x06, 0x01, 0x07, 0x0A, 0x00, 0x01, 0x07,
    0x01, 0x06, 0x01, 0x05, 0x04, 0x06, 0x0E, 0x07, 0x01, 0x0E, 0x01, 0x0F, 0x01, 0x07, 0x56, 0x00, 0x0D, 0x07, 0x02, 0x06,
    0x04, 0x07, 0x03, 0x06, 0x02, 0x07, 0x0A, 0x00, 0x01, 0x07, 0x01, 0x06, 0x01, 0x05, 0x05, 0x06, 0x0E, 0x07, 0x01, 0x10,
    0x01, 0x07, 0x55, 0x00, 0x14, 0x07, 0x01, 0x06, 0x01, 0x07, 0x01, 0x06, 0x02, 0x07, 0x0A, 0x00, 0x01, 0x07, 0x06, 0x06,
    0x10, 0x07, 0x01, 0x10, 0x01, 0x07, 0x54, 0x00, 0x16, 0x07, 0x01, 0x06, 0x02, 0x07, 0x0A, 0x00, 0x02, 0x07, 0x05, 0x06,
    0x04, 0x07, 0x01, 0x06, 0x0B, 0x07, 0x01, 0x0F, 0x01, 0x07, 0x53, 0x00, 0x03, 0x07, 0x01, 0x06, 0x02, 0x07, 0x01, 0x06,
    0x08, 0x07, 0x01, 0x06, 0x06, 0x07, 0x02, 0x06, 0x02, 0x07, 0x0A, 0x00, 0x01, 0x07, 0x05, 0x06, 0x05, 0x07, 0x01, 0x06,
    0x0D, 0x07, 0x53, 0x00, 0x02, 0x07, 0x02, 0x06, 0x01, 0x07, 0x02, 0x06, 0x07, 0x07, 0x02, 0x06, 0x06, 0x07, 0x02, 0x06,
    0x02, 0x07, 0x0A, 0x00, 0x01, 0x07, 0x01, 0x06, 0x01, 0x05, 0x04, 0x06, 0x04, 0x07, 0x02, 0x06, 0x07, 0x07, 0x01, 0x06,
    0x05, 0x07, 0x52, 0x00, 0x02, 0x07, 0x02, 0x06, 0x01, 0x07, 0x02, 0x06, 0x07, 0x07, 0x01, 0x06, 0x07, 0x07, 0x02, 0x06,
    0x01, 0x07, 0x0B, 0x00, 0x07, 0x06, 0x04, 0x07, 0x02, 0x06, 0x07, 0x07, 0x01, 0x06, 0x04, 0x07, 0x53, 0x00, 0x02, 0x07,
    0x02, 0x06, 0x01, 0x07, 0x01, 0x05, 0x02, 0x06, 0x06, 0x07, 0x02, 0x06, 0x05, 0x07, 0x02, 0x06, 0x02, 0x07, 0x0C, 0x00,
    0x07, 0x06, 0x03, 0x07, 0x02, 0x06, 0x07, 0x07, 0x01, 0x06, 0x04, 0x07, 0x54, 0x00, 0x02, 0x07, 0x01, 0x06, 0x01, 0x07,
    0x01, 0x05, 0x04, 0x06, 0x04, 0x07, 0x02, 0x06, 0x07, 0x07, 0x01, 0x06, 0x0D, 0x00, 0x01, 0x05, 0x01, 0x06, 0x01, 0x07,
    0x05, 0x06, 0x02, 0x07, 0x04, 0x06, 0x05, 0x07, 0x01, 0x06, 0x04, 0x07, 0x55, 0x00, 0x03, 0x07, 0x01, 0x05, 0x01, 0x06,
    0x07, 0x07, 0x01, 0x06, 0x07, 0x07, 0x01, 0x06, 0x10, 0x00, 0x03, 0x06, 0x05, 0x07, 0x02, 0x06, 0x06, 0x07, 0x02, 0x06,
    0x03, 0x07, 0x58, 0x00, 0x01, 0x06, 0x01, 0x05, 0x01, 0x04, 0x02, 0x07, 0x02, 0x06, 0x03, 0x07, 0x01, 0x04, 0x01, 0x06,
    0x03, 0x07, 0x01, 0x06, 0x01, 0x07, 0x14, 0x00, 0x04, 0x06, 0x01, 0x07, 0x01, 0x06, 0x01, 0x04, 0x01, 0x06, 0x01, 0x07,
    0x01, 0x06, 0x04, 0x07, 0x01, 0x04, 0x01, 0x05, 0x01, 0x07, 0xFF, 0x00, 0xFF, 0x00, 0xFF, 0x00, 0xFF, 0x00, 0xFF, 0x00,
    0xC1, 0x00,
};

static const uint8_t momo_sprite_2[] = {
    0xFF, 0x00, 0x52, 0x00, 0x09, 0x07, 0x39, 0x00, 0x07, 0x07, 0x46, 0x00, 0x07, 0x07, 0x02, 0x0E, 0x04, 0x07, 0x33, 0x00,
    0x04, 0x07, 0x01, 0x0F, 0x04, 0x07, 0x01, 0x0F, 0x02, 0x07, 0x43, 0x00, 0x0B, 0x07, 0x01, 0x0E, 0x01, 0x10, 0x03, 0x07,
    0x2F, 0x00, 0x02, 0x07, 0x01, 0x0F, 0x01, 0x10, 0x08, 0x07, 0x01, 0x0E, 0x01, 0x07, 0x43, 0x00, 0x03, 0x07, 0x03, 0x06,
    0x08, 0x07, 0x01, 0x10, 0x01, 0x0F, 0x02, 0x07, 0x2B, 0x00, 0x02, 0x07, 0x01, 0x10, 0x0C, 0x07, 0x01, 0x10, 0x01, 0x07,
    0x41, 0x00, 0x03, 0x07, 0x06, 0x06, 0x08, 0x07, 0x02, 0x10, 0x02, 0x07, 0x27, 0x00, 0x02, 0x07, 0x01, 0x10, 0x06, 0x07,
    0x01, 0x0E, 0x04, 0x07, 0x02, 0x06, 0x03, 0x07, 0x41, 0x00, 0x03, 0x07, 0x07, 0x06, 0x09, 0x07, 0x01, 0x10, 0x01, 0x0F,
    0x01, 0x07, 0x25, 0x00, 0x01, 0x07, 0x01, 0x0E, 0x07, 0x07, 0x01, 0x0E, 0x04, 0x07, 0x03, 0x06, 0x02, 0x07, 0x01, 0x0E,
    0x01, 0x07, 0x3F, 0x00, 0x05, 0x07, 0x01, 0x06, 0x02, 0x05, 0x05, 0x06, 0x09, 0x07, 0x01, 0x10, 0x01, 0x0E, 0x01, 0x07,
    0x21, 0x00, 0x02, 0x07, 0x01, 0x0F, 0x06, 0x07, 0x02, 0x0E, 0x04, 0x07, 0x01, 0x06, 0x01, 0x05, 0x03, 0x06, 0x03, 0x07,
    0x3F, 0x00, 0x05, 0x07, 0x01, 0x06, 0x01, 0x04, 0x02, 0x03, 0x01, 0x04, 0x04, 0x06, 0x09, 0x07, 0x01, 0x10, 0x01, 0x0F,
    0x01, 0x07, 0x1F, 0x00, 0x01, 0x07, 0x01, 0x0F, 0x07, 0x07, 0x02, 0x0E, 0x04, 0x07, 0x01, 0x05, 0x03, 0x04, 0x02, 0x06,
    0x04, 0x07, 0x3E, 0x00, 0x05, 0x07, 0x01, 0x05, 0x01, 0x04, 0x01, 0x05, 0x01, 0x04, 0x01, 0x03, 0x01, 0x04, 0x01, 0x05,
    0x02, 0x06, 0x0B, 0x07, 0x01, 0x10, 0x01, 0x07, 0x1D, 0x00, 0x01, 0x07, 0x01, 0x0F, 0x07, 0x07, 0x02, 0x0E, 0x03, 0x07,
    0x01, 0x06, 0x02, 0x04, 0x01, 0x05, 0x01, 0x06, 0x01, 0x04, 0x01, 0x05, 0x01, 0x06, 0x02, 0x07, 0x01, 0x0E, 0x01, 0x07,
    0x3D, 0x00, 0x06, 0x07, 0x04, 0x05, 0x02, 0x04, 0x01, 0x03, 0x01, 0x05, 0x02, 0x06, 0x0B, 0x07, 0x01, 0x10, 0x01, 0x0E,
    0x01, 0x07, 0x08, 0x00, 0x08, 0x07, 0x09, 0x00, 0x0A, 0x07, 0x02, 0x0E, 0x04, 0x07, 0x02, 0x04, 0x01, 0x05, 0x03, 0x06,
    0x01, 0x05, 0x01, 0x06, 0x02, 0x07, 0x01, 0x0E, 0x01, 0x07, 0x3D, 0x00, 0x06, 0x07, 0x01, 0x05, 0x01, 0x06, 0x03, 0x05,
    0x02, 0x04, 0x01, 0x03, 0x03, 0x06, 0x0B, 0x07, 0x01, 0x10, 0x01, 0x0E, 0x09, 0x07, 0x06, 0x10, 0x03, 0x07, 0x01, 0x0E,
    0x04, 0x07, 0x01, 0x00, 0x0B, 0x07, 0x01, 0x0E, 0x04, 0x07, 0x01, 0x04, 0x01, 0x05, 0x05, 0x06, 0x01, 0x05, 0x02, 0x06,
    0x03, 0x07, 0x3D, 0x00, 0x05, 0x07, 0x01, 0x06, 0x01, 0x05, 0x01, 0x06, 0x04, 0x05, 0x03, 0x04, 0x03, 0x06, 0x0B, 0x07,
    0x03, 0x0E, 0x04, 0x10, 0x01, 0x0E, 0x07, 0x07, 0x02, 0x0E, 0x01, 0x0F, 0x06, 0x10, 0x01, 0x0E, 0x01, 0x0F, 0x01, 0x0E,
    0x07, 0x07, 0x02, 0x0E, 0x04, 0x07, 0x02, 0x05, 0x06, 0x06, 0x01, 0x05, 0x01, 0x06, 0x04, 0x07, 0x3D, 0x00, 0x05, 0x07,
    0x02, 0x05, 0x01, 0x06, 0x05, 0x05, 0x01, 0x04, 0x01, 0x03, 0x01, 0x04, 0x03, 0x06, 0x1F, 0x07, 0x02, 0x0E, 0x01, 0x0F,
    0x04, 0x10, 0x01, 0x0E, 0x05, 0x07, 0x01, 0x0F, 0x04, 0x07, 0x01, 0x06, 0x01, 0x04, 0x07, 0x06, 0x01, 0x05, 0x01, 0x06,
    0x05, 0x07, 0x3C, 0x00, 0x05, 0x07, 0x01, 0x05, 0x03, 0x06, 0x04, 0x05, 0x02, 0x04, 0x01, 0x03, 0x01, 0x05, 0x02, 0x06,
    0x23, 0x07, 0x01, 0x0E, 0x02, 0x0F, 0x01, 0x10, 0x01, 0x0F, 0x04, 0x07, 0x01, 0x0E, 0x04, 0x07, 0x02, 0x05, 0x08, 0x06,
    0x01, 0x05, 0x05, 0x07, 0x3C, 0x00, 0x05, 0x07, 0x01, 0x05, 0x04, 0x06, 0x04, 0x05, 0x01, 0x04, 0x01, 0x03, 0x01, 0x04,
    0x02, 0x06, 0x26, 0x07, 0x01, 0x0E, 0x02, 0x0F, 0x01, 0x0E, 0x06, 0x07, 0x02, 0x05, 0x09, 0x06, 0x01, 0x05, 0x05, 0x07,
    0x3B, 0x00, 0x01, 0x07, 0x01, 0x06, 0x04, 0x07, 0x01, 0x05, 0x04, 0x06, 0x05, 0x05, 0x01, 0x04, 0x01, 0x02, 0x01, 0x05,
    0x29, 0x07, 0x03, 0x0E, 0x05, 0x07, 0x02, 0x05, 0x09, 0x06, 0x01, 0x05, 0x05, 0x07, 0x3B, 0x00, 0x06, 0x07, 0x01, 0x05,
    0x05, 0x06, 0x03, 0x05, 0x02, 0x04, 0x01, 0x05, 0x2D, 0x07, 0x01, 0x0E, 0x04, 0x07, 0x01, 0x06, 0x02, 0x05, 0x08, 0x06,
    0x01, 0x05, 0x05, 0x07, 0x3B, 0x00, 0x06, 0x07, 0x01, 0x05, 0x05, 0x06, 0x02, 0x05, 0x01, 0x04, 0x01, 0x05, 0x36, 0x07,
    0x01, 0x06, 0x01, 0x05, 0x07, 0x06, 0x01, 0x05, 0x05, 0x07, 0x3B, 0x00, 0x06, 0x07, 0x01, 0x05, 0x05, 0x06, 0x02, 0x05,
    0x01, 0x06, 0x38, 0x07, 0x09, 0x06, 0x05, 0x07, 0x3B, 0x00, 0x02, 0x07, 0x01, 0x06, 0x03, 0x07, 0x01, 0x05, 0x04, 0x06,
    0x02, 0x05, 0x3C, 0x07, 0x07, 0x06, 0x05, 0x07, 0x3B, 0x00, 0x02, 0x07, 0x01, 0x06, 0x03, 0x07, 0x01, 0x05, 0x03, 0x06,
    0x01, 0x05, 0x01, 0x06, 0x3C, 0x07, 0x01, 0x0E, 0x01, 0x07, 0x01, 0x06, 0x01, 0x05, 0x02, 0x06, 0x01, 0x05, 0x01, 0x06,
    0x05, 0x07, 0x3B, 0x00, 0x02, 0x07, 0x01, 0x06, 0x03, 0x07, 0x01, 0x06, 0x01, 0x05, 0x01, 0x06, 0x01, 0x05, 0x01, 0x06,
    0x3C, 0x07, 0x02, 0x0E, 0x01, 0x0F, 0x01, 0x0E, 0x03, 0x06, 0x01, 0x05, 0x01, 0x06, 0x05, 0x07, 0x3B, 0x00, 0x02, 0x07,
    0x01, 0x06, 0x03, 0x07, 0x01, 0x06, 0x01, 0x04, 0x01, 0x05, 0x01, 0x06, 0x3E, 0x07, 0x01, 0x0E, 0x03, 0x0F, 0x01, 0x07,
    0x02, 0x05, 0x06, 0x07, 0x3B, 0x00, 0x02, 0x07, 0x01, 0x06, 0x04, 0x07, 0x01, 0x05, 0x01, 0x06, 0x2E, 0x07, 0x01, 0x0E,
    0x11, 0x07, 0x01, 0x0E, 0x01, 0x0F, 0x02, 0x10, 0x02, 0x06, 0x06, 0x07, 0x3B, 0x00, 0x01, 0x07, 0x02, 0x06, 0x2D, 0x07,
    0x04, 0x0E, 0x01, 0x07, 0x05, 0x0E, 0x10, 0x07, 0x01, 0x0E, 0x02, 0x0F, 0x01, 0x10, 0x07, 0x07, 0x3C, 0x00, 0x02, 0x06,
    0x29, 0x07, 0x0E, 0x0E, 0x11, 0x07, 0x01, 0x0E, 0x01, 0x0F, 0x02, 0x10, 0x06, 0x07, 0x3C, 0x00, 0x01, 0x07, 0x02, 0x06,
    0x28, 0x07, 0x11, 0x0E, 0x0F, 0x07, 0x01, 0x0E, 0x01, 0x0F, 0x01, 0x10, 0x01, 0x0F, 0x05, 0x07, 0x3C, 0x00, 0x01, 0x07,
    0x03, 0x06, 0x28, 0x07, 0x05, 0x0E, 0x09, 0x0F, 0x04, 0x0E, 0x0E, 0x07, 0x01, 0x0E, 0x01, 0x0F, 0x01, 0x10, 0x01, 0x0F,
    0x04, 0x07, 0x3C, 0x00, 0x01, 0x07, 0x02, 0x06, 0x28, 0x07, 0x05, 0x0E, 0x0B, 0x0F, 0x04, 0x0E, 0x0E, 0x07, 0x01, 0x0E,
    0x01, 0x0F, 0x01, 0x10, 0x01, 0x0E, 0x03, 0x07, 0x3C, 0x00, 0x2B, 0x07, 0x04, 0x0E, 0x0A, 0x0F, 0x06, 0x0E, 0x0F, 0x07,
    0x01, 0x0F, 0x02, 0x10, 0x02, 0x07, 0x3D, 0x00, 0x01, 0x06, 0x2B, 0x07, 0x04, 0x0E, 0x02, 0x0F, 0x01, 0x0E, 0x06, 0x0F,
    0x02, 0x0E, 0x13, 0x07, 0x01, 0x0E, 0x02, 0x0F, 0x01, 0x10, 0x01, 0x07, 0x3D, 0x00, 0x2E, 0x07, 0x05, 0x0E, 0x01, 0x0F,
    0x01, 0x0E, 0x02, 0x07, 0x01, 0x0E, 0x01, 0x0F, 0x0D, 0x10, 0x01, 0x0F, 0x01, 0x0E, 0x07, 0x07, 0x01, 0x0E, 0x01, 0x0F,
    0x01, 0x10, 0x01, 0x0E, 0x3C, 0x00, 0x0D, 0x07, 0x03, 0x06, 0x08, 0x05, 0x02, 0x06, 0x17, 0x07, 0x03, 0x0E, 0x01, 0x07,
    0x01, 0x0E, 0x02, 0x10, 0x01, 0x0E, 0x03, 0x07, 0x01, 0x06, 0x08, 0x05, 0x03, 0x06, 0x04, 0x07, 0x01, 0x0E, 0x04, 0x07,
    0x01, 0x0E, 0x01, 0x0F, 0x01, 0x10, 0x01, 0x07, 0x3B, 0x00, 0x07, 0x07, 0x01, 0x06, 0x01, 0x05, 0x01, 0x03, 0x13, 0x02,
    0x01, 0x04, 0x01, 0x05, 0x14, 0x07, 0x01, 0x0E, 0x01, 0x10, 0x01, 0x07, 0x01, 0x06, 0x01, 0x04, 0x01, 0x03, 0x02, 0x02,
    0x10, 0x03, 0x01, 0x04, 0x01, 0x05, 0x01, 0x06, 0x02, 0x07, 0x01, 0x0F, 0x02, 0x0E, 0x01, 0x0F, 0x01, 0x10, 0x01, 0x07,
    0x39, 0x00, 0x05, 0x07, 0x01, 0x06, 0x01, 0x04, 0x13, 0x02, 0x03, 0x03, 0x01, 0x02, 0x01, 0x03, 0x02, 0x02, 0x01, 0x03,
    0x01, 0x06, 0x10, 0x07, 0x01, 0x10, 0x01, 0x07, 0x01, 0x04, 0x02, 0x02, 0x01, 0x03, 0x04, 0x04, 0x05, 0x03, 0x01, 0x02,
    0x05, 0x03, 0x05, 0x04, 0x03, 0x03, 0x01, 0x04, 0x01, 0x06, 0x01, 0x07, 0x01, 0x10, 0x02, 0x0F, 0x01, 0x07, 0x39, 0x00,
    0x03, 0x07, 0x01, 0x06, 0x05, 0x02, 0x01, 0x03, 0x16, 0x02, 0x03, 0x03, 0x01, 0x04, 0x0E, 0x07, 0x01, 0x0F, 0x01, 0x06,
    0x02, 0x02, 0x03, 0x03, 0x13, 0x02, 0x03, 0x03, 0x01, 0x04, 0x01, 0x03, 0x01, 0x02, 0x01, 0x03, 0x01, 0x05, 0x01, 0x07,
    0x02, 0x10, 0x01, 0x07, 0x37, 0x00, 0x03, 0x07, 0x01, 0x03, 0x09, 0x02, 0x01, 0x03, 0x01, 0x04, 0x01, 0x05, 0x06, 0x06,
    0x02, 0x05, 0x01, 0x06, 0x03, 0x05, 0x01, 0x04, 0x01, 0x03, 0x05, 0x02, 0x02, 0x03, 0x01, 0x04, 0x0D, 0x07, 0x01, 0x05,
    0x02, 0x02, 0x02, 0x03, 0x03, 0x02, 0x01, 0x03, 0x02, 0x04, 0x02, 0x05, 0x03, 0x06, 0x02, 0x07, 0x04, 0x06, 0x01, 0x05,
    0x01, 0x04, 0x01, 0x03, 0x04, 0x02, 0x04, 0x03, 0x01, 0x02, 0x01, 0x03, 0x01, 0x07, 0x01, 0x10, 0x01, 0x0F, 0x01, 0x07,
    0x35, 0x00, 0x03, 0x07, 0x01, 0x03, 0x07, 0x02, 0x01, 0x03, 0x01, 0x06, 0x04, 0x07, 0x03, 0x06, 0x04, 0x05, 0x01, 0x06,
    0x08, 0x05, 0x01, 0x04, 0x03, 0x02, 0x02, 0x03, 0x01, 0x04, 0x0B, 0x07, 0x01, 0x06, 0x01, 0x02, 0x02, 0x03, 0x02, 0x02,
    0x01, 0x03, 0x0D, 0x05, 0x02, 0x06, 0x06, 0x07, 0x01, 0x04, 0x02, 0x02, 0x05, 0x03, 0x01, 0x02, 0x01, 0x07, 0x01, 0x10,
    0x01, 0x07, 0x35, 0x00, 0x02, 0x07, 0x01, 0x06, 0x07, 0x02, 0x01, 0x06, 0x02, 0x07, 0x02, 0x06, 0x08, 0x05, 0x01, 0x06,
    0x01, 0x07, 0x0A, 0x05, 0x03, 0x02, 0x01, 0x03, 0x01, 0x02, 0x0B, 0x07, 0x02, 0x02, 0x01, 0x03, 0x02, 0x02, 0x01, 0x04,
    0x09, 0x05, 0x02, 0x07, 0x08, 0x05, 0x02, 0x06, 0x03, 0x07, 0x02, 0x02, 0x04, 0x03, 0x01, 0x02, 0x01, 0x03, 0x02, 0x10,
    0x01, 0x07, 0x33, 0x00, 0x03, 0x07, 0x01, 0x03, 0x01, 0x02, 0x01, 0x03, 0x04, 0x02, 0x01, 0x06, 0x01, 0x07, 0x02, 0x06,
    0x06, 0x05, 0x03, 0x06, 0x01, 0x05, 0x01, 0x07, 0x01, 0x0F, 0x05, 0x06, 0x06, 0x05, 0x03, 0x02, 0x01, 0x03, 0x01, 0x04,
    0x09, 0x07, 0x01, 0x05, 0x01, 0x02, 0x01, 0x03, 0x02, 0x02, 0x01, 0x05, 0x0A, 0x06, 0x01, 0x0E, 0x01, 0x07, 0x05, 0x06,
    0x05, 0x05, 0x02, 0x06, 0x02, 0x07, 0x02, 0x02, 0x04, 0x03, 0x01, 0x02, 0x01, 0x07, 0x01, 0x10, 0x01, 0x07, 0x32, 0x00,
    0x04, 0x07, 0x04, 0x02, 0x01, 0x03, 0x01, 0x02, 0x01, 0x04, 0x01, 0x07, 0x02, 0x06, 0x03, 0x05, 0x08, 0x06, 0x01, 0x07,
    0x01, 0x10, 0x01, 0x07, 0x07, 0x06, 0x04, 0x05, 0x02, 0x02, 0x02, 0x03, 0x02, 0x05, 0x01, 0x04, 0x02, 0x03, 0x02, 0x04,
    0x02, 0x05, 0x02, 0x02, 0x01, 0x03, 0x01, 0x02, 0x01, 0x04, 0x01, 0x07, 0x01, 0x06, 0x09, 0x07, 0x01, 0x0F, 0x01, 0x0E,
    0x02, 0x07, 0x06, 0x06, 0x03, 0x05, 0x02, 0x06, 0x01, 0x07, 0x01, 0x06, 0x01, 0x02, 0x04, 0x03, 0x01, 0x02, 0x01, 0x07,
    0x02, 0x10, 0x01, 0x07, 0x31, 0x00, 0x04, 0x07, 0x06, 0x02, 0x02, 0x06, 0x03, 0x05, 0x09, 0x06, 0x01, 0x07, 0x01, 0x0F,
    0x01, 0x10, 0x01, 0x07, 0x04, 0x06, 0x01, 0x07, 0x03, 0x06, 0x03, 0x05, 0x02, 0x02, 0x01, 0x03, 0x01, 0x04, 0x05, 0x02,
    0x02, 0x03, 0x01, 0x04, 0x04, 0x03, 0x01, 0x02, 0x01, 0x06, 0x0B, 0x07, 0x02, 0x10, 0x06, 0x07, 0x04, 0x06, 0x02, 0x05,
    0x02, 0x06, 0x01, 0x07, 0x02, 0x02, 0x03, 0x03, 0x01, 0x02, 0x01, 0x06, 0x01, 0x10, 0x02, 0x0F, 0x01, 0x07, 0x2F, 0x00,
    0x05, 0x07, 0x06, 0x02, 0x0E, 0x06, 0x01, 0x07, 0x02, 0x10, 0x01, 0x0E, 0x07, 0x07, 0x02, 0x06, 0x02, 0x05, 0x01, 0x03,
    0x01, 0x02, 0x02, 0x03, 0x02, 0x02, 0x01, 0x03, 0x01, 0x02, 0x07, 0x03, 0x01, 0x02, 0x01, 0x03, 0x0C, 0x07, 0x02, 0x10,
    0x09, 0x07, 0x02, 0x06, 0x03, 0x05, 0x01, 0x07, 0x01, 0x04, 0x01, 0x02, 0x03, 0x03, 0x01, 0x02, 0x01, 0x06, 0x01, 0x10,
    0x01, 0x07, 0x01, 0x10, 0x01, 0x07, 0x2F, 0x00, 0x05, 0x07, 0x02, 0x02, 0x01, 0x03, 0x02, 0x02, 0x01, 0x03, 0x01, 0x07,
    0x01, 0x05, 0x09, 0x06, 0x02, 0x07, 0x01, 0x06, 0x01, 0x0F, 0x01, 0x10, 0x01, 0x0F, 0x01, 0x10, 0x01, 0x07, 0x01, 0x06,
    0x06, 0x07, 0x02, 0x06, 0x01, 0x05, 0x01, 0x04, 0x01, 0x02, 0x02, 0x03, 0x03, 0x02, 0x08, 0x03, 0x01, 0x02, 0x01, 0x04,
    0x0B, 0x07, 0x04, 0x10, 0x09, 0x07, 0x02, 0x06, 0x02, 0x05, 0x01, 0x07, 0x01, 0x04, 0x01, 0x02, 0x02, 0x03, 0x02, 0x02,
    0x01, 0x07, 0x01, 0x0F, 0x01, 0x07, 0x01, 0x0F, 0x01, 0x10, 0x01, 0x07, 0x2D, 0x00, 0x07, 0x07, 0x01, 0x03, 0x01, 0x02,
    0x01, 0x03, 0x01, 0x02, 0x01, 0x03, 0x01, 0x07, 0x09, 0x06, 0x02, 0x07, 0x01, 0x06, 0x01, 0x07, 0x01, 0x10, 0x01, 0x0F,
    0x02, 0x10, 0x01, 0x0F, 0x08, 0x07, 0x02, 0x06, 0x01, 0x04, 0x01, 0x02, 0x02, 0x03, 0x07, 0x02, 0x04, 0x03, 0x01, 0x02,
    0x01, 0x05, 0x0A, 0x07, 0x01, 0x0E, 0x01, 0x10, 0x02, 0x0F, 0x01, 0x10, 0x01, 0x0E, 0x08, 0x07, 0x02, 0x06, 0x02, 0x05,
    0x01, 0x06, 0x01, 0x05, 0x01, 0x02, 0x02, 0x03, 0x01, 0x02, 0x01, 0x06, 0x04, 0x07, 0x01, 0x10, 0x01, 0x07, 0x2D, 0x00,
    0x04, 0x07, 0x02, 0x06, 0x01, 0x07, 0x01, 0x06, 0x03, 0x02, 0x01, 0x03, 0x01, 0x07, 0x07, 0x06, 0x03, 0x07, 0x01, 0x06,
    0x01, 0x07, 0x01, 0x10, 0x01, 0x0F, 0x02, 0x10, 0x01, 0x0F, 0x01, 0x10, 0x01, 0x0E, 0x07, 0x07, 0x02, 0x06, 0x01, 0x04,
    0x01, 0x02, 0x02, 0x03, 0x02, 0x02, 0x04, 0x03, 0x03, 0x02, 0x02, 0x03, 0x01, 0x02, 0x01, 0x05, 0x0A, 0x07, 0x01, 0x10,
    0x01, 0x0F, 0x02, 0x10, 0x01, 0x0F, 0x01, 0x10, 0x09, 0x07, 0x02, 0x06, 0x01, 0x05, 0x01, 0x06, 0x01, 0x04, 0x01, 0x02,
    0x01, 0x03, 0x01, 0x02, 0x01, 0x05, 0x01, 0x0F, 0x04, 0x07, 0x01, 0x0F, 0x01, 0x10, 0x01, 0x07, 0x2B, 0x00, 0x04, 0x07,
    0x04, 0x06, 0x01, 0x07, 0x03, 0x02, 0x01, 0x04, 0x01, 0x07, 0x07, 0x06, 0x01, 0x07, 0x01, 0x06, 0x02, 0x07, 0x01, 0x10,
    0x02, 0x0F, 0x03, 0x10, 0x01, 0x0F, 0x01, 0x10, 0x01, 0x0E, 0x06, 0x07, 0x02, 0x06, 0x01, 0x04, 0x01, 0x02, 0x02, 0x03,
    0x01, 0x02, 0x01, 0x04, 0x05, 0x05, 0x01, 0x04, 0x02, 0x02, 0x01, 0x03, 0x01, 0x02, 0x01, 0x05, 0x09, 0x07, 0x01, 0x10,
    0x01, 0x0F, 0x01, 0x10, 0x01, 0x0F, 0x02, 0x10, 0x01, 0x0F, 0x01, 0x10, 0x08, 0x07, 0x02, 0x06, 0x01, 0x05, 0x01, 0x06,
    0x01, 0x04, 0x01, 0x02, 0x01, 0x03, 0x01, 0x02, 0x07, 0x07, 0x01, 0x10, 0x01, 0x0E, 0x2B, 0x00, 0x04, 0x07, 0x04, 0x06,
    0x01, 0x07, 0x01, 0x03, 0x02, 0x02, 0x01, 0x03, 0x01, 0x07, 0x07, 0x06, 0x02, 0x07, 0x01, 0x0E, 0x01, 0x10, 0x01, 0x0F,
    0x06, 0x10, 0x01, 0x0F, 0x02, 0x10, 0x04, 0x07, 0x03, 0x06, 0x01, 0x04, 0x01, 0x02, 0x01, 0x03, 0x01, 0x02, 0x01, 0x04,
    0x02, 0x05, 0x02, 0x06, 0x03, 0x05, 0x01, 0x04, 0x01, 0x02, 0x01, 0x03, 0x01, 0x02, 0x01, 0x04, 0x07, 0x07, 0x01, 0x0F,
    0x01, 0x10, 0x02, 0x0F, 0x01, 0x10, 0x05, 0x0F, 0x01, 0x10, 0x01, 0x0F, 0x07, 0x07, 0x01, 0x06, 0x01, 0x05, 0x01, 0x06,
    0x01, 0x04, 0x01, 0x02, 0x01, 0x03, 0x01, 0x02, 0x07, 0x07, 0x01, 0x0E, 0x01, 0x10, 0x01, 0x07, 0x29, 0x00, 0x04, 0x07,
    0x05, 0x06, 0x01, 0x07, 0x01, 0x04, 0x02, 0x02, 0x01, 0x03, 0x01, 0x07, 0x05, 0x06, 0x02, 0x07, 0x01, 0x0E, 0x03, 0x10,
    0x01, 0x0F, 0x01, 0x10, 0x01, 0x0F, 0x02, 0x10, 0x02, 0x0F, 0x05, 0x10, 0x01, 0x0E, 0x02, 0x07, 0x02, 0x06, 0x01, 0x03,
    0x01, 0x02, 0x01, 0x03, 0x01, 0x02, 0x02, 0x07, 0x01, 0x06, 0x03, 0x07, 0x01, 0x06, 0x01, 0x05, 0x01, 0x04, 0x03, 0x02,
    0x01, 0x03, 0x04, 0x07, 0x01, 0x0E, 0x03, 0x10, 0x01, 0x0F, 0x03, 0x10, 0x01, 0x0F, 0x01, 0x10, 0x01, 0x0F, 0x01, 0x10,
    0x01, 0x0F, 0x03, 0x10, 0x01, 0x0F, 0x05, 0x07, 0x01, 0x06, 0x01, 0x05, 0x01, 0x06, 0x01, 0x04, 0x03, 0x02, 0x08, 0x07,
    0x01, 0x10, 0x01, 0x07, 0x29, 0x00, 0x03, 0x07, 0x07, 0x06, 0x01, 0x05, 0x03, 0x02, 0x02, 0x07, 0x04, 0x06, 0x01, 0x07,
    0x01, 0x0F, 0x04, 0x10, 0x01, 0x0F, 0x03, 0x10, 0x01, 0x0F, 0x01, 0x10, 0x02, 0x0F, 0x04, 0x10, 0x01, 0x0F, 0x02, 0x07,
    0x02, 0x06, 0x03, 0x02, 0x01, 0x03, 0x07, 0x07, 0x01, 0x06, 0x01, 0x05, 0x01, 0x03, 0x03, 0x02, 0x04, 0x07, 0x01, 0x0F,
    0x06, 0x10, 0x02, 0x0F, 0x02, 0x10, 0x01, 0x0F, 0x05, 0x10, 0x01, 0x0F, 0x04, 0x07, 0x03, 0x06, 0x01, 0x03, 0x02, 0x02,
    0x01, 0x03, 0x08, 0x07, 0x01, 0x0E, 0x01, 0x0F, 0x01, 0x07, 0x27, 0x00, 0x04, 0x07, 0x08, 0x06, 0x03, 0x02, 0x01, 0x06,
    0x01, 0x07, 0x06, 0x06, 0x02, 0x07, 0x01, 0x0F, 0x01, 0x10, 0x01, 0x0F, 0x03, 0x10, 0x01, 0x0F, 0x02, 0x10, 0x01, 0x0F,
    0x02, 0x10, 0x01, 0x0E, 0x03, 0x07, 0x01, 0x06, 0x01, 0x07, 0x01, 0x06, 0x03, 0x02, 0x01, 0x05, 0x08, 0x07, 0x01, 0x06,
    0x01, 0x04, 0x03, 0x02, 0x07, 0x07, 0x04, 0x10, 0x01, 0x0F, 0x02, 0x10, 0x01, 0x0F, 0x04, 0x10, 0x07, 0x07, 0x03, 0x06,
    0x03, 0x02, 0x01, 0x05, 0x09, 0x07, 0x01, 0x10, 0x01, 0x07, 0x27, 0x00, 0x03, 0x07, 0x08, 0x06, 0x01, 0x07, 0x03, 0x02,
    0x01, 0x05, 0x01, 0x07, 0x08, 0x06, 0x02, 0x07, 0x06, 0x10, 0x01, 0x0F, 0x01, 0x10, 0x01, 0x0F, 0x02, 0x07, 0x01, 0x06,
    0x04, 0x07, 0x01, 0x05, 0x03, 0x02, 0x09, 0x07, 0x01, 0x06, 0x01, 0x04, 0x03, 0x02, 0x01, 0x06, 0x07, 0x07, 0x01, 0x0E,
    0x08, 0x10, 0x01, 0x0F, 0x08, 0x07, 0x03, 0x06, 0x01, 0x02, 0x01, 0x03, 0x01, 0x02, 0x01, 0x06, 0x09, 0x07, 0x01, 0x10,
    0x01, 0x0E, 0x27, 0x00, 0x03, 0x07, 0x08, 0x06, 0x01, 0x07, 0x01, 0x03, 0x02, 0x02, 0x01, 0x04, 0x01, 0x07, 0x0A, 0x06,
    0x01, 0x07, 0x01, 0x10, 0x01, 0x0F, 0x04, 0x10, 0x01, 0x0F, 0x01, 0x07, 0x01, 0x06, 0x03, 0x07, 0x01, 0x06, 0x02, 0x07,
    0x01, 0x03, 0x03, 0x02, 0x09, 0x07, 0x01, 0x06, 0x01, 0x05, 0x03, 0x02, 0x01, 0x03, 0x09, 0x07, 0x06, 0x10, 0x01, 0x0E,
    0x09, 0x07, 0x02, 0x06, 0x01, 0x05, 0x01, 0x02, 0x01, 0x03, 0x01, 0x02, 0x0B, 0x07, 0x01, 0x10, 0x01, 0x07, 0x25, 0x00,
    0x03, 0x07, 0x09, 0x06, 0x01, 0x07, 0x01, 0x05, 0x01, 0x02, 0x02, 0x03, 0x02, 0x07, 0x0A, 0x06, 0x01, 0x07, 0x05, 0x10,
    0x01, 0x07, 0x01, 0x06, 0x06, 0x07, 0x01, 0x06, 0x03, 0x02, 0x01, 0x04, 0x0A, 0x07, 0x01, 0x06, 0x01, 0x03, 0x03, 0x02,
    0x09, 0x07, 0x01, 0x0E, 0x04, 0x10, 0x01, 0x0F, 0x0A, 0x07, 0x02, 0x06, 0x01, 0x03, 0x02, 0x02, 0x01, 0x03, 0x0B, 0x07,
    0x01, 0x10, 0x01, 0x07, 0x25, 0x00, 0x03, 0x07, 0x0B, 0x06, 0x02, 0x02, 0x01, 0x03, 0x01, 0x06, 0x01, 0x07, 0x08, 0x06,
    0x01, 0x07, 0x01, 0x06, 0x01, 0x07, 0x01, 0x0F, 0x01, 0x10, 0x01, 0x0F, 0x01, 0x10, 0x01, 0x07, 0x01, 0x06, 0x07, 0x07,
    0x01, 0x04, 0x03, 0x02, 0x01, 0x06, 0x0A, 0x07, 0x01, 0x06, 0x01, 0x04, 0x03, 0x02, 0x01, 0x05, 0x09, 0x07, 0x04, 0x10,
    0x0B, 0x07, 0x02, 0x06, 0x01, 0x02, 0x01, 0x03, 0x01, 0x02, 0x01, 0x05, 0x0B, 0x07, 0x01, 0x10, 0x01, 0x07, 0x25, 0x00,
    0x02, 0x07, 0x0B, 0x06, 0x01, 0x07, 0x01, 0x03, 0x01, 0x02, 0x02, 0x03, 0x01, 0x07, 0x08, 0x06, 0x02, 0x07, 0x01, 0x06,
    0x01, 0x07, 0x02, 0x10, 0x01, 0x0F, 0x09, 0x07, 0x03, 0x02, 0x01, 0x03, 0x0C, 0x07, 0x01, 0x05, 0x04, 0x02, 0x09, 0x07,
    0x01, 0x0E, 0x02, 0x10, 0x01, 0x0E, 0x0A, 0x07, 0x01, 0x06, 0x01, 0x07, 0x01, 0x04, 0x01, 0x02, 0x01, 0x03, 0x01, 0x02,
    0x0C, 0x07, 0x01, 0x0E, 0x01, 0x07, 0x25, 0x00, 0x02, 0x07, 0x0B, 0x06, 0x01, 0x07, 0x01, 0x05, 0x02, 0x02, 0x01, 0x03,
    0x01, 0x05, 0x01, 0x07, 0x08, 0x06, 0x01, 0x07, 0x01, 0x06, 0x01, 0x07, 0x02, 0x10, 0x01, 0x07, 0x01, 0x06, 0x05, 0x07,
    0x01, 0x06, 0x01, 0x07, 0x01, 0x04, 0x03, 0x02, 0x01, 0x06, 0x0C, 0x07, 0x01, 0x06, 0x01, 0x04, 0x03, 0x02, 0x01, 0x05,
    0x09, 0x07, 0x02, 0x10, 0x0C, 0x07, 0x01, 0x06, 0x01, 0x02, 0x01, 0x03, 0x01, 0x02, 0x01, 0x04, 0x0E, 0x07, 0x25, 0x00,
    0x02, 0x07, 0x0C, 0x06, 0x01, 0x07, 0x02, 0x02, 0x01, 0x04, 0x01, 0x03, 0x01, 0x06, 0x01, 0x07, 0x0A, 0x06, 0x01, 0x07,
    0x01, 0x10, 0x01, 0x07, 0x01, 0x06, 0x01, 0x07, 0x02, 0x06, 0x01, 0x07, 0x01, 0x06, 0x01, 0x07, 0x01, 0x06, 0x03, 0x02,
    0x01, 0x03, 0x0D, 0x07, 0x01, 0x06, 0x01, 0x05, 0x01, 0x03, 0x01, 0x02, 0x01, 0x03, 0x01, 0x02, 0x01, 0x06, 0x08, 0x07,
    0x02, 0x0F, 0x0C, 0x07, 0x01, 0x03, 0x03, 0x02, 0x0F, 0x07, 0x25, 0x00, 0x02, 0x07, 0x0C, 0x06, 0x01, 0x07, 0x01, 0x06,
    0x02, 0x02, 0x01, 0x04, 0x01, 0x03, 0x02, 0x07, 0x09, 0x06, 0x01, 0x07, 0x01, 0x10, 0x01, 0x07, 0x04, 0x06, 0x02, 0x07,
    0x01, 0x06, 0x04, 0x02, 0x0F, 0x07, 0x01, 0x06, 0x01, 0x05, 0x02, 0x02, 0x02, 0x03, 0x01, 0x06, 0x07, 0x07, 0x01, 0x0E,
    0x0C, 0x07, 0x01, 0x03, 0x01, 0x02, 0x01, 0x04, 0x01, 0x02, 0x01, 0x04, 0x0F, 0x07, 0x25, 0x00, 0x02, 0x07, 0x0C, 0x06,
    0x01, 0x05, 0x01, 0x07, 0x01, 0x04, 0x02, 0x02, 0x02, 0x03, 0x01, 0x05, 0x05, 0x07, 0x04, 0x06, 0x02, 0x07, 0x01, 0x06,
    0x05, 0x07, 0x01, 0x04, 0x04, 0x02, 0x01, 0x05, 0x10, 0x07, 0x01, 0x05, 0x01, 0x04, 0x02, 0x02, 0x02, 0x03, 0x01, 0x05,
    0x11, 0x07, 0x01, 0x06, 0x01, 0x03, 0x01, 0x02, 0x01, 0x03, 0x01, 0x02, 0x01, 0x03, 0x10, 0x07, 0x25, 0x00, 0x02, 0x07,
    0x0E, 0x06, 0x01, 0x07, 0x01, 0x04, 0x02, 0x02, 0x01, 0x03, 0x01, 0x02, 0x01, 0x03, 0x01, 0x05, 0x01, 0x06, 0x0B, 0x07,
    0x01, 0x06, 0x01, 0x05, 0x05, 0x02, 0x01, 0x05, 0x02, 0x07, 0x01, 0x05, 0x01, 0x06, 0x04, 0x07, 0x01, 0x04, 0x01, 0x02,
    0x01, 0x04, 0x01, 0x06, 0x04, 0x07, 0x01, 0x05, 0x02, 0x06, 0x01, 0x04, 0x02, 0x02, 0x03, 0x03, 0x01, 0x05, 0x01, 0x06,
    0x0B, 0x07, 0x01, 0x06, 0x01, 0x05, 0x01, 0x03, 0x01, 0x02, 0x01, 0x04, 0x01, 0x03, 0x02, 0x02, 0x11, 0x07, 0x25, 0x00,
    0x02, 0x07, 0x0D, 0x06, 0x01, 0x05, 0x01, 0x06, 0x01, 0x07, 0x01, 0x04, 0x08, 0x02, 0x03, 0x03, 0x04, 0x04, 0x01, 0x03,
    0x07, 0x02, 0x01, 0x05, 0x03, 0x07, 0x0F, 0x02, 0x01, 0x07, 0x01, 0x06, 0x01, 0x05, 0x01, 0x04, 0x03, 0x02, 0x03, 0x03,
    0x03, 0x04, 0x01, 0x05, 0x01, 0x04, 0x01, 0x05, 0x03, 0x04, 0x06, 0x03, 0x02, 0x02, 0x01, 0x03, 0x12, 0x07, 0x26, 0x00,
    0x02, 0x07, 0x0C, 0x06, 0x03, 0x05, 0x01, 0x07, 0x01, 0x06, 0x01, 0x03, 0x13, 0x02, 0x01, 0x03, 0x01, 0x05, 0x04, 0x07,
    0x0F, 0x02, 0x02, 0x07, 0x01, 0x06, 0x02, 0x05, 0x01, 0x03, 0x04, 0x02, 0x0C, 0x03, 0x04, 0x02, 0x01, 0x05, 0x13, 0x07,
    0x26, 0x00, 0x02, 0x07, 0x0D, 0x06, 0x03, 0x05, 0x02, 0x06, 0x01, 0x05, 0x01, 0x04, 0x0F, 0x02, 0x01, 0x03, 0x01, 0x05,
    0x01, 0x06, 0x05, 0x07, 0x01, 0x03, 0x0D, 0x02, 0x01, 0x03, 0x03, 0x07, 0x01, 0x06, 0x03, 0x05, 0x01, 0x04, 0x01, 0x03,
    0x0E, 0x02, 0x01, 0x03, 0x01, 0x05, 0x14, 0x07, 0x27, 0x00, 0x02, 0x07, 0x0D, 0x06, 0x04, 0x05, 0x04, 0x04, 0x01, 0x03,
    0x04, 0x02, 0x02, 0x03, 0x04, 0x04, 0x02, 0x05, 0x04, 0x06, 0x05, 0x07, 0x01, 0x05, 0x0D, 0x02, 0x01, 0x03, 0x04, 0x07,
    0x02, 0x06, 0x01, 0x05, 0x02, 0x06, 0x01, 0x05, 0x03, 0x04, 0x04, 0x03, 0x03, 0x02, 0x02, 0x03, 0x01, 0x04, 0x04, 0x06,
    0x0C, 0x07, 0x04, 0x06, 0x02, 0x07, 0x28, 0x00, 0x02, 0x07, 0x0D, 0x06, 0x02, 0x05, 0x01, 0x04, 0x01, 0x05, 0x01, 0x06,
    0x02, 0x07, 0x01, 0x06, 0x03, 0x07, 0x01, 0x06, 0x02, 0x04, 0x01, 0x05, 0x07, 0x06, 0x07, 0x07, 0x01, 0x06, 0x0D, 0x02,
    0x01, 0x05, 0x05, 0x07, 0x03, 0x06, 0x04, 0x05, 0x01, 0x06, 0x03, 0x05, 0x01, 0x03, 0x01, 0x04, 0x01, 0x06, 0x08, 0x07,
    0x01, 0x06, 0x09, 0x07, 0x05, 0x06, 0x02, 0x07, 0x2A, 0x00, 0x01, 0x07, 0x0D, 0x06, 0x02, 0x05, 0x01, 0x06, 0x0A, 0x07,
    0x01, 0x06, 0x01, 0x04, 0x01, 0x05, 0x05, 0x06, 0x01, 0x07, 0x01, 0x06, 0x07, 0x07, 0x0D, 0x02, 0x01, 0x06, 0x07, 0x07,
    0x05, 0x06, 0x03, 0x05, 0x01, 0x04, 0x01, 0x05, 0x0B, 0x07, 0x01, 0x06, 0x02, 0x07, 0x0B, 0x06, 0x02, 0x07, 0x2A, 0x00,
    0x02, 0x07, 0x0C, 0x06, 0x01, 0x05, 0x01, 0x06, 0x0C, 0x07, 0x01, 0x06, 0x01, 0x05, 0x06, 0x06, 0x08, 0x07, 0x02, 0x02,
    0x01, 0x03, 0x03, 0x04, 0x01, 0x03, 0x03, 0x04, 0x03, 0x02, 0x0A, 0x07, 0x05, 0x06, 0x01, 0x04, 0x01, 0x05, 0x0B, 0x07,
    0x01, 0x0F, 0x01, 0x07, 0x0C, 0x06, 0x02, 0x07, 0x2C, 0x00, 0x02, 0x07, 0x0A, 0x06, 0x02, 0x05, 0x0E, 0x07, 0x01, 0x06,
    0x01, 0x05, 0x06, 0x06, 0x07, 0x07, 0x01, 0x04, 0x01, 0x02, 0x01, 0x04, 0x03, 0x05, 0x02, 0x04, 0x02, 0x05, 0x01, 0x04,
    0x01, 0x02, 0x01, 0x03, 0x0A, 0x07, 0x01, 0x06, 0x01, 0x07, 0x02, 0x06, 0x02, 0x05, 0x02, 0x06, 0x0B, 0x07, 0x01, 0x0F,
    0x0B, 0x06, 0x03, 0x07, 0x2D, 0x00, 0x02, 0x07, 0x08, 0x06, 0x02, 0x05, 0x01, 0x06, 0x09, 0x07, 0x01, 0x0F, 0x06, 0x07,
    0x07, 0x06, 0x07, 0x07, 0x01, 0x02, 0x09, 0x05, 0x01, 0x02, 0x01, 0x06, 0x0B, 0x07, 0x02, 0x06, 0x01, 0x05, 0x01, 0x06,
    0x06, 0x07, 0x01, 0x0E, 0x01, 0x0F, 0x01, 0x0E, 0x05, 0x07, 0x01, 0x0E, 0x01, 0x07, 0x0A, 0x06, 0x02, 0x07, 0x2E, 0x00,
    0x02, 0x07, 0x07, 0x06, 0x03, 0x05, 0x01, 0x07, 0x02, 0x06, 0x0F, 0x07, 0x09, 0x06, 0x04, 0x07, 0x01, 0x03, 0x01, 0x04,
    0x06, 0x05, 0x01, 0x06, 0x01, 0x04, 0x01, 0x02, 0x0A, 0x07, 0x01, 0x06, 0x01, 0x07, 0x01, 0x06, 0x01, 0x05, 0x01, 0x06,
    0x08, 0x07, 0x01, 0x0E, 0x08, 0x07, 0x09, 0x06, 0x02, 0x07, 0x30, 0x00, 0x02, 0x07, 0x06, 0x06, 0x02, 0x05, 0x01, 0x06,
    0x01, 0x07, 0x03, 0x06, 0x09, 0x07, 0x01, 0x0F, 0x01, 0x0E, 0x03, 0x07, 0x0C, 0x06, 0x01, 0x07, 0x01, 0x06, 0x01, 0x03,
    0x01, 0x05, 0x02, 0x06, 0x01, 0x05, 0x03, 0x06, 0x01, 0x03, 0x01, 0x06, 0x09, 0x07, 0x04, 0x06, 0x01, 0x05, 0x01, 0x06,
    0x04, 0x07, 0x01, 0x0E, 0x01, 0x0F, 0x0B, 0x07, 0x08, 0x06, 0x02, 0x07, 0x32, 0x00, 0x03, 0x07, 0x04, 0x06, 0x02, 0x05,
    0x01, 0x06, 0x01, 0x07, 0x04, 0x06, 0x08, 0x07, 0x01, 0x0F, 0x04, 0x07, 0x0D, 0x06, 0x01, 0x07, 0x01, 0x05, 0x01, 0x03,
    0x01, 0x05, 0x04, 0x06, 0x01, 0x03, 0x01, 0x05, 0x07, 0x07, 0x06, 0x06, 0x02, 0x05, 0x02, 0x06, 0x10, 0x07, 0x07, 0x06,
    0x02, 0x07, 0x35, 0x00, 0x02, 0x07, 0x03, 0x06, 0x01, 0x05, 0x01, 0x04, 0x07, 0x06, 0x0C, 0x07, 0x01, 0x06, 0x01, 0x05,
    0x0B, 0x06, 0x02, 0x07, 0x01, 0x05, 0x02, 0x03, 0x01, 0x04, 0x02, 0x03, 0x01, 0x05, 0x04, 0x07, 0x0A, 0x06, 0x02, 0x05,
    0x02, 0x06, 0x10, 0x07, 0x01, 0x06, 0x01, 0x05, 0x03, 0x06, 0x03, 0x07, 0x37, 0x00, 0x02, 0x07, 0x01, 0x06, 0x03, 0x05,
    0x01, 0x07, 0x07, 0x06, 0x0B, 0x07, 0x01, 0x06, 0x01, 0x05, 0x0C, 0x06, 0x03, 0x07, 0x01, 0x06, 0x01, 0x05, 0x01, 0x06,
    0x03, 0x07, 0x0C, 0x06, 0x01, 0x05, 0x01, 0x04, 0x01, 0x05, 0x03, 0x06, 0x10, 0x07, 0x01, 0x06, 0x01, 0x05, 0x01, 0x06,
    0x03, 0x07, 0x39, 0x00, 0x02, 0x07, 0x01, 0x06, 0x01, 0x07, 0x09, 0x06, 0x0B, 0x07, 0x02, 0x05, 0x0E, 0x06, 0x05, 0x07,
    0x0E, 0x06, 0x03, 0x05, 0x04, 0x06, 0x0F, 0x07, 0x01, 0x0E, 0x01, 0x07, 0x01, 0x06, 0x01, 0x07, 0x3D, 0x00, 0x02, 0x07,
    0x01, 0x06, 0x01, 0x05, 0x09, 0x06, 0x08, 0x07, 0x03, 0x05, 0x20, 0x06, 0x03, 0x05, 0x01, 0x04, 0x01, 0x05, 0x04, 0x06,
    0x0F, 0x07, 0x01, 0x10, 0x01, 0x07, 0x3D, 0x00, 0x04, 0x07, 0x01, 0x05, 0x09, 0x06, 0x07, 0x07, 0x01, 0x06, 0x01, 0x04,
    0x03, 0x05, 0x1F, 0x06, 0x03, 0x05, 0x01, 0x04, 0x01, 0x03, 0x05, 0x06, 0x0C, 0x07, 0x01, 0x06, 0x01, 0x07, 0x01, 0x0E,
    0x01, 0x0F, 0x01, 0x07, 0x3B, 0x00, 0x05, 0x07, 0x01, 0x06, 0x01, 0x05, 0x09, 0x06, 0x07, 0x07, 0x01, 0x04, 0x03, 0x05,
    0x1E, 0x06, 0x04, 0x05, 0x02, 0x04, 0x06, 0x06, 0x0A, 0x07, 0x01, 0x06, 0x01, 0x07, 0x01, 0x0E, 0x01, 0x07, 0x01, 0x10,
    0x01, 0x07, 0x3B, 0x00, 0x06, 0x07, 0x0B, 0x06, 0x06, 0x07, 0x01, 0x04, 0x02, 0x05, 0x1F, 0x06, 0x04, 0x05, 0x02, 0x04,
    0x07, 0x06, 0x0A, 0x07, 0x01, 0x0E, 0x01, 0x07, 0x03, 0x0E, 0x01, 0x07, 0x3A, 0x00, 0x07, 0x07, 0x0B, 0x06, 0x05, 0x07,
    0x01, 0x04, 0x04, 0x05, 0x1D, 0x06, 0x03, 0x05, 0x02, 0x04, 0x01, 0x03, 0x01, 0x07, 0x07, 0x06, 0x0D, 0x07, 0x01, 0x10,
    0x01, 0x07, 0x3A, 0x00, 0x08, 0x07, 0x0D, 0x06, 0x01, 0x07, 0x01, 0x05, 0x01, 0x02, 0x04, 0x03, 0x05, 0x04, 0x03, 0x05,
    0x02, 0x06, 0x01, 0x05, 0x02, 0x06, 0x02, 0x05, 0x01, 0x06, 0x01, 0x05, 0x06, 0x06, 0x03, 0x05, 0x02, 0x04, 0x03, 0x03,
    0x01, 0x02, 0x01, 0x03, 0x02, 0x02, 0x09, 0x06, 0x07, 0x07, 0x02, 0x0E, 0x03, 0x07, 0x01, 0x10, 0x01, 0x07, 0x3A, 0x00,
    0x0A, 0x07, 0x0B, 0x06, 0x01, 0x07, 0x02, 0x04, 0x06, 0x05, 0x02, 0x04, 0x01, 0x03, 0x01, 0x04, 0x03, 0x03, 0x02, 0x04,
    0x08, 0x05, 0x02, 0x04, 0x04, 0x03, 0x03, 0x04, 0x01, 0x05, 0x05, 0x04, 0x01, 0x03, 0x01, 0x05, 0x01, 0x07, 0x07, 0x06,
    0x07, 0x07, 0x01, 0x0E, 0x04, 0x07, 0x01, 0x10, 0x01, 0x07, 0x3A, 0x00, 0x09, 0x07, 0x01, 0x0E, 0x01, 0x07, 0x0A, 0x06,
    0x01, 0x07, 0x01, 0x06, 0x01, 0x05, 0x01, 0x06, 0x0A, 0x07, 0x01, 0x06, 0x01, 0x04, 0x02, 0x03, 0x08, 0x04, 0x01, 0x03,
    0x01, 0x02, 0x01, 0x03, 0x01, 0x06, 0x07, 0x07, 0x02, 0x06, 0x01, 0x05, 0x03, 0x04, 0x08, 0x06, 0x01, 0x07, 0x01, 0x06,
    0x03, 0x07, 0x02, 0x0E, 0x05, 0x07, 0x01, 0x0E, 0x01, 0x07, 0x39, 0x00, 0x01, 0x04, 0x02, 0x07, 0x01, 0x06, 0x0A, 0x07,
    0x09, 0x06, 0x01, 0x07, 0x01, 0x06, 0x0E, 0x07, 0x01, 0x06, 0x07, 0x05, 0x01, 0x04, 0x01, 0x05, 0x0B, 0x07, 0x01, 0x06,
    0x01, 0x05, 0x01, 0x04, 0x03, 0x05, 0x08, 0x06, 0x0D, 0x07, 0x39, 0x00, 0x01, 0x06, 0x02, 0x07, 0x02, 0x06, 0x08, 0x07,
    0x02, 0x0E, 0x03, 0x07, 0x04, 0x06, 0x02, 0x07, 0x02, 0x06, 0x0F, 0x07, 0x01, 0x06, 0x01, 0x05, 0x03, 0x06, 0x01, 0x05,
    0x0D, 0x07, 0x02, 0x06, 0x01, 0x04, 0x01, 0x05, 0x01, 0x06, 0x01, 0x05, 0x01, 0x04, 0x02, 0x05, 0x02, 0x06, 0x10, 0x07,
    0x01, 0x06, 0x38, 0x00, 0x04, 0x06, 0x01, 0x07, 0x01, 0x06, 0x09, 0x07, 0x02, 0x0E, 0x07, 0x07, 0x02, 0x06, 0x0B, 0x07,
    0x01, 0x0F, 0x01, 0x0E, 0x03, 0x07, 0x04, 0x06, 0x06, 0x07, 0x02, 0x0E, 0x06, 0x07, 0x02, 0x06, 0x01, 0x05, 0x01, 0x06,
    0x14, 0x07, 0x02, 0x06, 0x02, 0x07, 0x37, 0x00, 0x01, 0x06, 0x01, 0x07, 0x03, 0x05, 0x03, 0x06, 0x11, 0x07, 0x02, 0x06,
    0x0C, 0x07, 0x02, 0x0E, 0x01, 0x07, 0x01, 0x0E, 0x01, 0x07, 0x03, 0x06, 0x05, 0x07, 0x01, 0x0E, 0x08, 0x07, 0x02, 0x06,
    0x01, 0x05, 0x01, 0x06, 0x01, 0x07, 0x01, 0x06, 0x12, 0x07, 0x01, 0x04, 0x01, 0x05, 0x03, 0x07, 0x36, 0x00, 0x02, 0x06,
    0x04, 0x05, 0x01, 0x06, 0x01, 0x07, 0x01, 0x06, 0x10, 0x07, 0x01, 0x05, 0x05, 0x06, 0x0A, 0x07, 0x03, 0x0E, 0x01, 0x07,
    0x01, 0x05, 0x0F, 0x07, 0x02, 0x06, 0x01, 0x05, 0x03, 0x06, 0x11, 0x07, 0x02, 0x04, 0x01, 0x06, 0x01, 0x05, 0x02, 0x07,
    0x35, 0x00, 0x02, 0x07, 0x01, 0x06, 0x05, 0x05, 0x01, 0x06, 0x11, 0x07, 0x01, 0x03, 0x04, 0x06, 0x02, 0x07, 0x03, 0x06,
    0x07, 0x07, 0x01, 0x0E, 0x01, 0x0F, 0x01, 0x07, 0x01, 0x06, 0x0F, 0x07, 0x02, 0x06, 0x01, 0x04, 0x01, 0x03, 0x01, 0x07,
    0x03, 0x06, 0x0D, 0x07, 0x01, 0x06, 0x04, 0x05, 0x01, 0x06, 0x02, 0x07, 0x35, 0x00, 0x02, 0x07, 0x08, 0x05, 0x01, 0x06,
    0x0E, 0x07, 0x01, 0x04, 0x01, 0x02, 0x02, 0x03, 0x02, 0x04, 0x04, 0x06, 0x09, 0x07, 0x01, 0x0E, 0x0D, 0x07, 0x02, 0x06,
    0x01, 0x05, 0x01, 0x04, 0x02, 0x03, 0x02, 0x02, 0x01, 0x06, 0x01, 0x07, 0x05, 0x06, 0x08, 0x07, 0x03, 0x06, 0x05, 0x05,
    0x01, 0x06, 0x02, 0x07, 0x33, 0x00, 0x01, 0x07, 0x03, 0x06, 0x01, 0x05, 0x01, 0x04, 0x03, 0x05, 0x02, 0x06, 0x02, 0x05,
    0x01, 0x06, 0x0B, 0x07, 0x01, 0x06, 0x01, 0x02, 0x04, 0x03, 0x01, 0x02, 0x01, 0x03, 0x01, 0x02, 0x01, 0x03, 0x01, 0x04,
    0x01, 0x05, 0x02, 0x06, 0x06, 0x07, 0x01, 0x0E, 0x0A, 0x07, 0x02, 0x05, 0x04, 0x03, 0x03, 0x04, 0x03, 0x03, 0x02, 0x07,
    0x06, 0x06, 0x04, 0x07, 0x06, 0x06, 0x01, 0x05, 0x01, 0x06, 0x02, 0x05, 0x01, 0x06, 0x02, 0x07, 0x33, 0x00, 0x02, 0x07,
    0x01, 0x05, 0x01, 0x06, 0x04, 0x05, 0x01, 0x06, 0x02, 0x05, 0x03, 0x06, 0x01, 0x05, 0x02, 0x06, 0x07, 0x07, 0x01, 0x06,
    0x01, 0x02, 0x01, 0x04, 0x05, 0x05, 0x03, 0x04, 0x04, 0x03, 0x01, 0x05, 0x02, 0x07, 0x01, 0x06, 0x02, 0x07, 0x01, 0x0F,
    0x08, 0x07, 0x01, 0x05, 0x01, 0x03, 0x02, 0x04, 0x01, 0x05, 0x04, 0x06, 0x01, 0x05, 0x03, 0x04, 0x01, 0x02, 0x01, 0x03,
    0x01, 0x06, 0x01, 0x07, 0x08, 0x06, 0x01, 0x05, 0x01, 0x06, 0x02, 0x07, 0x04, 0x06, 0x04, 0x05, 0x02, 0x07, 0x33, 0x00,
    0x01, 0x07, 0x01, 0x06, 0x04, 0x05, 0x01, 0x06, 0x02, 0x05, 0x02, 0x06, 0x01, 0x05, 0x04, 0x06, 0x01, 0x05, 0x01, 0x06,
    0x01, 0x05, 0x03, 0x06, 0x01, 0x05, 0x01, 0x04, 0x01, 0x02, 0x02, 0x04, 0x03, 0x05, 0x07, 0x06, 0x01, 0x05, 0x01, 0x04,
    0x02, 0x03, 0x01, 0x06, 0x03, 0x07, 0x01, 0x0E, 0x04, 0x07, 0x01, 0x0E, 0x02, 0x07, 0x01, 0x03, 0x01, 0x04, 0x01, 0x06,
    0x03, 0x07, 0x04, 0x06, 0x02, 0x05, 0x02, 0x04, 0x01, 0x03, 0x02, 0x02, 0x01, 0x05, 0x04, 0x06, 0x03, 0x05, 0x07, 0x06,
    0x01, 0x05, 0x02, 0x06, 0x02, 0x05, 0x02, 0x06, 0x02, 0x07, 0x32, 0x00, 0x01, 0x07, 0x01, 0x06, 0x05, 0x05, 0x01, 0x06,
    0x02, 0x05, 0x03, 0x06, 0x01, 0x05, 0x04, 0x06, 0x02, 0x05, 0x03, 0x04, 0x01, 0x02, 0x01, 0x03, 0x01, 0x04, 0x05, 0x05,
    0x05, 0x06, 0x03, 0x05, 0x01, 0x06, 0x02, 0x04, 0x03, 0x07, 0x01, 0x10, 0x04, 0x07, 0x01, 0x0E, 0x01, 0x07, 0x01, 0x06,
    0x01, 0x05, 0x01, 0x07, 0x02, 0x06, 0x01, 0x05, 0x05, 0x06, 0x02, 0x05, 0x03, 0x04, 0x01, 0x03, 0x01, 0x02, 0x01, 0x03,
    0x02, 0x04, 0x03, 0x05, 0x03, 0x06, 0x01, 0x05, 0x02, 0x06, 0x01, 0x07, 0x01, 0x06, 0x01, 0x05, 0x01, 0x06, 0x03, 0x05,
    0x03, 0x06, 0x02, 0x07, 0x32, 0x00, 0x01, 0x07, 0x01, 0x06, 0x04, 0x05, 0x01, 0x06, 0x01, 0x05, 0x01, 0x06, 0x01, 0x05,
    0x01, 0x06, 0x01, 0x05, 0x05, 0x06, 0x05, 0x05, 0x01, 0x04, 0x01, 0x03, 0x02, 0x04, 0x04, 0x05, 0x05, 0x06, 0x01, 0x04,
    0x01, 0x05, 0x02, 0x06, 0x02, 0x05, 0x01, 0x04, 0x04, 0x07, 0x01, 0x05, 0x01, 0x04, 0x04, 0x07, 0x02, 0x06, 0x01, 0x05,
    0x01, 0x04, 0x01, 0x05, 0x01, 0x06, 0x01, 0x04, 0x05, 0x06, 0x02, 0x05, 0x02, 0x04, 0x03, 0x03, 0x02, 0x04, 0x05, 0x05,
    0x04, 0x06, 0x01, 0x05, 0x01, 0x06, 0x01, 0x07, 0x07, 0x06, 0x02, 0x07, 0x32, 0x00, 0x01, 0x07, 0x01, 0x06, 0x05, 0x05,
    0x06, 0x06, 0x01, 0x05, 0x02, 0x06, 0x01, 0x05, 0x01, 0x06, 0x03, 0x05, 0x01, 0x04, 0x01, 0x03, 0x02, 0x04, 0x04, 0x05,
    0x05, 0x06, 0x02, 0x04, 0x01, 0x07, 0x01, 0x10, 0x01, 0x07, 0x01, 0x04, 0x02, 0x05, 0x02, 0x06, 0x01, 0x07, 0x01, 0x05,
    0x01, 0x06, 0x01, 0x07, 0x01, 0x06, 0x01, 0x07, 0x01, 0x06, 0x01, 0x07, 0x03, 0x06, 0x01, 0x05, 0x01, 0x07, 0x01, 0x10,
    0x01, 0x06, 0x01, 0x04, 0x01, 0x07, 0x03, 0x06, 0x02, 0x05, 0x03, 0x04, 0x01, 0x03, 0x01, 0x02, 0x01, 0x03, 0x04, 0x05,
    0x01, 0x06, 0x02, 0x05, 0x01, 0x06, 0x01, 0x05, 0x0B, 0x06, 0x01, 0x07, 0x33, 0x00, 0x01, 0x07, 0x01, 0x06, 0x06, 0x05,
    0x04, 0x06, 0x01, 0x05, 0x02, 0x06, 0x05, 0x05, 0x01, 0x04, 0x02, 0x03, 0x02, 0x04, 0x04, 0x05, 0x05, 0x06, 0x02, 0x04,
    0x01, 0x05, 0x01, 0x07, 0x01, 0x06, 0x01, 0x05, 0x02, 0x06, 0x02, 0x05, 0x01, 0x06, 0x02, 0x05, 0x01, 0x06, 0x01, 0x05,
    0x03, 0x06, 0x03, 0x07, 0x01, 0x04, 0x01, 0x06, 0x01, 0x07, 0x01, 0x05, 0x01, 0x04, 0x01, 0x07, 0x04, 0x06, 0x02, 0x05,
    0x03, 0x04, 0x01, 0x03, 0x01, 0x02, 0x01, 0x04, 0x06, 0x05, 0x02, 0x06, 0x01, 0x05, 0x0A, 0x06, 0x01, 0x07, 0x34, 0x00,
    0x01, 0x06, 0x08, 0x05, 0x04, 0x06, 0x01, 0x05, 0x02, 0x06, 0x03, 0x05, 0x01, 0x04, 0x01, 0x03, 0x02, 0x04, 0x05, 0x05,
    0x04, 0x06, 0x01, 0x05, 0x01, 0x04, 0x03, 0x05, 0x01, 0x06, 0x03, 0x03, 0x02, 0x04, 0x01, 0x05, 0x04, 0x04, 0x03, 0x05,
    0x03, 0x03, 0x05, 0x05, 0x01, 0x07, 0x04, 0x06, 0x03, 0x05, 0x02, 0x04, 0x01, 0x03, 0x01, 0x02, 0x01, 0x03, 0x01, 0x04,
    0x03, 0x05, 0x02, 0x06, 0x01, 0x05, 0x0B, 0x06, 0x02, 0x07, 0x34, 0x00, 0x02, 0x06, 0x09, 0x05, 0x03, 0x06, 0x06, 0x05,
    0x01, 0x03, 0x02, 0x04, 0x05, 0x05, 0x04, 0x06, 0x01, 0x05, 0x01, 0x03, 0x01, 0x05, 0x02, 0x06, 0x01, 0x04, 0x02, 0x03,
    0x01, 0x02, 0x01, 0x06, 0x02, 0x07, 0x01, 0x06, 0x01, 0x04, 0x01, 0x05, 0x04, 0x07, 0x02, 0x03, 0x01, 0x02, 0x01, 0x05,
    0x01, 0x06, 0x02, 0x05, 0x07, 0x06, 0x02, 0x05, 0x03, 0x04, 0x02, 0x03, 0x01, 0x04, 0x07, 0x05, 0x01, 0x06, 0x01, 0x05,
    0x08, 0x06, 0x01, 0x07, 0x36, 0x00, 0x01, 0x06, 0x11, 0x05, 0x04, 0x04, 0x04, 0x05, 0x05, 0x06, 0x01, 0x05, 0x01, 0x04,
    0x01, 0x03, 0x01, 0x02, 0x01, 0x03, 0x01, 0x04, 0x01, 0x06, 0x01, 0x05, 0x01, 0x04, 0x08, 0x07, 0x01, 0x0E, 0x01, 0x07,
    0x02, 0x06, 0x01, 0x04, 0x03, 0x03, 0x01, 0x06, 0x01, 0x07, 0x06, 0x06, 0x03, 0x05, 0x03, 0x04, 0x01, 0x02, 0x01, 0x04,
    0x09, 0x05, 0x06, 0x06, 0x01, 0x05, 0x01, 0x07, 0x01, 0x06, 0x36, 0x00, 0x01, 0x07, 0x01, 0x06, 0x0F, 0x05, 0x01, 0x04,
    0x01, 0x03, 0x02, 0x04, 0x05, 0x05, 0x06, 0x06, 0x04, 0x05, 0x03, 0x06, 0x01, 0x04, 0x03, 0x07, 0x01, 0x0E, 0x06, 0x07,
    0x04, 0x06, 0x01, 0x05, 0x01, 0x06, 0x01, 0x07, 0x08, 0x06, 0x03, 0x05, 0x02, 0x04, 0x02, 0x03, 0x01, 0x04, 0x0A, 0x05,
    0x03, 0x06, 0x01, 0x05, 0x02, 0x06, 0x38, 0x00, 0x01, 0x07, 0x02, 0x06, 0x0D, 0x05, 0x01, 0x04, 0x01, 0x03, 0x02, 0x04,
    0x05, 0x05, 0x0D, 0x06, 0x01, 0x04, 0x03, 0x07, 0x01, 0x0E, 0x02, 0x07, 0x01, 0x0E, 0x03, 0x07, 0x05, 0x06, 0x01, 0x07,
    0x0A, 0x06, 0x02, 0x05, 0x03, 0x04, 0x01, 0x03, 0x01, 0x04, 0x0C, 0x05, 0x03, 0x06, 0x3A, 0x00, 0x01, 0x07, 0x03, 0x06,
    0x0A, 0x05, 0x02, 0x03, 0x02, 0x04, 0x05, 0x05, 0x0E, 0x06, 0x01, 0x04, 0x02, 0x07, 0x01, 0x0E, 0x01, 0x0F, 0x04, 0x07,
    0x01, 0x0E, 0x01, 0x07, 0x05, 0x06, 0x01, 0x07, 0x0A, 0x06, 0x03, 0x05, 0x02, 0x04, 0x02, 0x03, 0x01, 0x04, 0x0A, 0x05,
    0x02, 0x06, 0x01, 0x07, 0x3D, 0x00, 0x01, 0x07, 0x07, 0x06, 0x04, 0x05, 0x01, 0x03, 0x02, 0x04, 0x06, 0x05, 0x09, 0x06,
    0x02, 0x05, 0x03, 0x06, 0x01, 0x04, 0x01, 0x06, 0x02, 0x07, 0x01, 0x0F, 0x06, 0x07, 0x06, 0x06, 0x01, 0x07, 0x0A, 0x06,
    0x03, 0x05, 0x03, 0x04, 0x03, 0x05, 0x08, 0x06, 0x02, 0x07, 0x40, 0x00, 0x01, 0x07, 0x07, 0x06, 0x02, 0x00, 0x01, 0x05,
    0x02, 0x04, 0x06, 0x05, 0x08, 0x06, 0x02, 0x04, 0x02, 0x05, 0x02, 0x06, 0x01, 0x04, 0x04, 0x07, 0x01, 0x06, 0x01, 0x05,
    0x01, 0x07, 0x02, 0x0E, 0x01, 0x07, 0x03, 0x06, 0x01, 0x05, 0x01, 0x04, 0x01, 0x05, 0x01, 0x04, 0x0A, 0x06, 0x03, 0x05,
    0x02, 0x04, 0x01, 0x05, 0x01, 0x06, 0x02, 0x00, 0x04, 0x06, 0x01, 0x07, 0x01, 0x06, 0x01, 0x07, 0x4C, 0x00, 0x01, 0x06,
    0x01, 0x05, 0x01, 0x04, 0x07, 0x05, 0x07, 0x06, 0x02, 0x04, 0x01, 0x07, 0x01, 0x10, 0x01, 0x07, 0x01, 0x04, 0x01, 0x05,
    0x01, 0x04, 0x01, 0x06, 0x02, 0x07, 0x02, 0x05, 0x01, 0x07, 0x01, 0x06, 0x01, 0x07, 0x01, 0x06, 0x01, 0x07, 0x04, 0x05,
    0x01, 0x07, 0x01, 0x10, 0x01, 0x06, 0x01, 0x05, 0x01, 0x07, 0x09, 0x06, 0x03, 0x05, 0x01, 0x04, 0x01, 0x05, 0x01, 0x06,
    0x55, 0x00, 0x02, 0x06, 0x07, 0x05, 0x08, 0x06, 0x02, 0x04, 0x01, 0x06, 0x01, 0x07, 0x01, 0x06, 0x01, 0x05, 0x02, 0x06,
    0x01, 0x05, 0x01, 0x06, 0x01, 0x07, 0x02, 0x05, 0x01, 0x07, 0x01, 0x06, 0x06, 0x07, 0x01, 0x04, 0x01, 0x06, 0x01, 0x07,
    0x01, 0x06, 0x01, 0x05, 0x0B, 0x06, 0x04, 0x05, 0x01, 0x06, 0x55, 0x00, 0x02, 0x06, 0x07, 0x05, 0x07, 0x06, 0x02, 0x04,
    0x04, 0x05, 0x01, 0x03, 0x02, 0x04, 0x01, 0x05, 0x03, 0x04, 0x01, 0x05, 0x02, 0x04, 0x01, 0x05, 0x01, 0x04, 0x01, 0x05,
    0x02, 0x04, 0x01, 0x03, 0x01, 0x05, 0x01, 0x04, 0x01, 0x05, 0x01, 0x04, 0x01, 0x05, 0x01, 0x07, 0x0A, 0x06, 0x04, 0x05,
    0x02, 0x06, 0x54, 0x00, 0x02, 0x06, 0x07, 0x05, 0x07, 0x06, 0x01, 0x04, 0x01, 0x03, 0x03, 0x06, 0x01, 0x05, 0x02, 0x03,
    0x01, 0x02, 0x01, 0x06, 0x02, 0x07, 0x03, 0x05, 0x01, 0x06, 0x03, 0x07, 0x01, 0x03, 0x01, 0x02, 0x01, 0x03, 0x01, 0x06,
    0x01, 0x07, 0x01, 0x06, 0x01, 0x05, 0x01, 0x06, 0x01, 0x07, 0x0C, 0x06, 0x02, 0x05, 0x01, 0x06, 0x01, 0x07, 0x53, 0x00,
    0x01, 0x07, 0x01, 0x06, 0x08, 0x05, 0x07, 0x06, 0x01, 0x05, 0x01, 0x04, 0x03, 0x03, 0x01, 0x04, 0x02, 0x05, 0x01, 0x04,
    0x04, 0x07, 0x01, 0x05, 0x01, 0x06, 0x02, 0x07, 0x01, 0x0E, 0x01, 0x07, 0x01, 0x06, 0x01, 0x05, 0x01, 0x04, 0x01, 0x02,
    0x01, 0x03, 0x01, 0x04, 0x01, 0x05, 0x0F, 0x06, 0x01, 0x05, 0x01, 0x06, 0x01, 0x07, 0x53, 0x00, 0x01, 0x07, 0x01, 0x06,
    0x07, 0x05, 0x08, 0x06, 0x02, 0x05, 0x02, 0x04, 0x01, 0x05, 0x03, 0x06, 0x01, 0x05, 0x0A, 0x07, 0x03, 0x06, 0x02, 0x04,
    0x01, 0x05, 0x01, 0x07, 0x12, 0x06, 0x53, 0x00, 0x02, 0x06, 0x07, 0x05, 0x09, 0x06, 0x01, 0x05, 0x05, 0x06, 0x01, 0x05,
    0x01, 0x04, 0x03, 0x07, 0x01, 0x0E, 0x06, 0x07, 0x18, 0x06, 0x02, 0x07, 0x52, 0x00, 0x02, 0x06, 0x07, 0x05, 0x10, 0x06,
    0x01, 0x04, 0x03, 0x07, 0x01, 0x0E, 0x05, 0x07, 0x01, 0x0E, 0x18, 0x06, 0x02, 0x07, 0x51, 0x00, 0x01, 0x07, 0x01, 0x06,
    0x09, 0x05, 0x0B, 0x06, 0x01, 0x05, 0x02, 0x06, 0x01, 0x05, 0x01, 0x04, 0x08, 0x07, 0x01, 0x0E, 0x01, 0x07, 0x01, 0x06,
    0x01, 0x05, 0x16, 0x06, 0x02, 0x07, 0x51, 0x00, 0x01, 0x07, 0x01, 0x06, 0x08, 0x05, 0x0A, 0x06, 0x03, 0x04, 0x01, 0x05,
    0x01, 0x06, 0x01, 0x05, 0x01, 0x04, 0x03, 0x07, 0x01, 0x10, 0x02, 0x06, 0x01, 0x07, 0x03, 0x0E, 0x03, 0x06, 0x01, 0x05,
    0x01, 0x04, 0x02, 0x05, 0x12, 0x06, 0x01, 0x07, 0x51, 0x00, 0x01, 0x07, 0x01, 0x06, 0x08, 0x05, 0x09, 0x06, 0x01, 0x05,
    0x01, 0x04, 0x01, 0x07, 0x01, 0x0E, 0x01, 0x06, 0x03, 0x04, 0x01, 0x07, 0x03, 0x06, 0x02, 0x05, 0x01, 0x06, 0x03, 0x07,
    0x02, 0x05, 0x02, 0x04, 0x01, 0x06, 0x01, 0x0F, 0x13, 0x06, 0x02, 0x07, 0x50, 0x00, 0x02, 0x06, 0x07, 0x05, 0x09, 0x06,
    0x03, 0x05, 0x01, 0x06, 0x01, 0x07, 0x01, 0x06, 0x01, 0x05, 0x04, 0x06, 0x01, 0x07, 0x01, 0x04, 0x01, 0x05, 0x01, 0x07,
    0x01, 0x06, 0x06, 0x07, 0x01, 0x05, 0x01, 0x06, 0x01, 0x07, 0x01, 0x06, 0x01, 0x04, 0x11, 0x06, 0x02, 0x07, 0x4F, 0x00,
    0x01, 0x07, 0x01, 0x06, 0x09, 0x05, 0x08, 0x06, 0x01, 0x04, 0x02, 0x05, 0x01, 0x04, 0x02, 0x05, 0x01, 0x04, 0x02, 0x05,
    0x01, 0x04, 0x02, 0x05, 0x02, 0x04, 0x01, 0x05, 0x01, 0x04, 0x04, 0x05, 0x01, 0x06, 0x01, 0x05, 0x02, 0x04, 0x03, 0x05,
    0x11, 0x06, 0x02, 0x07, 0x4F, 0x00, 0x01, 0x07, 0x01, 0x06, 0x08, 0x05, 0x09, 0x06, 0x02, 0x04, 0x03, 0x06, 0x01, 0x05,
    0x02, 0x02, 0x01, 0x04, 0x01, 0x06, 0x05, 0x05, 0x03, 0x06, 0x01, 0x07, 0x01, 0x04, 0x02, 0x02, 0x03, 0x06, 0x01, 0x05,
    0x01, 0x06, 0x01, 0x07, 0x11, 0x06, 0x02, 0x07, 0x4E, 0x00, 0x02, 0x06, 0x08, 0x05, 0x08, 0x06, 0x02, 0x05, 0x02, 0x04,
    0x01, 0x05, 0x01, 0x04, 0x01, 0x03, 0x01, 0x05, 0x01, 0x03, 0x01, 0x06, 0x04, 0x07, 0x02, 0x05, 0x03, 0x07, 0x01, 0x0F,
    0x01, 0x07, 0x01, 0x04, 0x02, 0x03, 0x02, 0x05, 0x01, 0x04, 0x13, 0x06, 0x02, 0x07, 0x4D, 0x00, 0x03, 0x06, 0x07, 0x05,
    0x09, 0x06, 0x03, 0x05, 0x01, 0x04, 0x01, 0x03, 0x01, 0x04, 0x01, 0x06, 0x02, 0x05, 0x0C, 0x07, 0x01, 0x06, 0x01, 0x05,
    0x01, 0x04, 0x01, 0x03, 0x01, 0x04, 0x14, 0x06, 0x02, 0x07, 0x4D, 0x00, 0x02, 0x06, 0x08, 0x05, 0x0A, 0x06, 0x03, 0x05,
    0x03, 0x06, 0x01, 0x05, 0x01, 0x06, 0x06, 0x07, 0x01, 0x06, 0x06, 0x07, 0x19, 0x06, 0x01, 0x07, 0x01, 0x06, 0x4B, 0x00,
    0x01, 0x07, 0x02, 0x06, 0x07, 0x05, 0x11, 0x06, 0x01, 0x05, 0x05, 0x07, 0x01, 0x0E, 0x02, 0x06, 0x04, 0x07, 0x01, 0x0E,
    0x01, 0x07, 0x01, 0x05, 0x18, 0x06, 0x03, 0x07, 0x49, 0x00, 0x02, 0x07, 0x02, 0x06, 0x07, 0x05, 0x10, 0x06, 0x01, 0x05,
    0x01, 0x06, 0x05, 0x07, 0x01, 0x0E, 0x02, 0x06, 0x05, 0x07, 0x01, 0x0E, 0x01, 0x06, 0x01, 0x05, 0x18, 0x06, 0x03, 0x07,
    0x47, 0x00, 0x02, 0x07, 0x02, 0x05, 0x01, 0x06, 0x06, 0x05, 0x10, 0x06, 0x02, 0x05, 0x07, 0x07, 0x02, 0x06, 0x04, 0x07,
    0x01, 0x0E, 0x02, 0x07, 0x1A, 0x06, 0x01, 0x07, 0x01, 0x10, 0x01, 0x07, 0x45, 0x00, 0x04, 0x07, 0x01, 0x06, 0x06, 0x05,
    0x10, 0x06, 0x01, 0x05, 0x01, 0x06, 0x07, 0x07, 0x01, 0x0E, 0x01, 0x04, 0x01, 0x05, 0x06, 0x07, 0x01, 0x0E, 0x01, 0x07,
    0x18, 0x06, 0x02, 0x07, 0x01, 0x0E, 0x01, 0x07, 0x45, 0x00, 0x06, 0x07, 0x01, 0x06, 0x04, 0x05, 0x0F, 0x06, 0x01, 0x05,
    0x01, 0x06, 0x09, 0x07, 0x01, 0x04, 0x01, 0x05, 0x07, 0x07, 0x01, 0x0E, 0x01, 0x07, 0x15, 0x06, 0x02, 0x07, 0x01, 0x0F,
    0x01, 0x0E, 0x01, 0x07, 0x01, 0x10, 0x01, 0x07, 0x44, 0x00, 0x09, 0x07, 0x01, 0x06, 0x06, 0x05, 0x08, 0x06, 0x02, 0x05,
    0x01, 0x06, 0x0A, 0x07, 0x01, 0x04, 0x01, 0x05, 0x01, 0x07, 0x01, 0x06, 0x06, 0x07, 0x01, 0x0E, 0x02, 0x07, 0x10, 0x06,
    0x03, 0x07, 0x04, 0x0E, 0x01, 0x07, 0x01, 0x10, 0x01, 0x07, 0x43, 0x00, 0x0E, 0x07, 0x04, 0x06, 0x01, 0x05, 0x01, 0x06,
    0x02, 0x05, 0x03, 0x06, 0x0C, 0x07, 0x01, 0x06, 0x01, 0x05, 0x01, 0x04, 0x01, 0x06, 0x08, 0x07, 0x02, 0x0E, 0x02, 0x07,
    0x09, 0x06, 0x04, 0x07, 0x03, 0x0E, 0x06, 0x07, 0x01, 0x10, 0x01, 0x07, 0x44, 0x00, 0x24, 0x07, 0x02, 0x06, 0x02, 0x05,
    0x01, 0x07, 0x01, 0x06, 0x08, 0x07, 0x01, 0x0E, 0x01, 0x0F, 0x01, 0x0E, 0x09, 0x07, 0x03, 0x0E, 0x01, 0x07, 0x01, 0x0E,
    0x02, 0x07, 0x01, 0x0E, 0x04, 0x07, 0x01, 0x10, 0x01, 0x07, 0x44, 0x00, 0x02, 0x07, 0x02, 0x06, 0x1F, 0x07, 0x04, 0x06,
    0x01, 0x05, 0x02, 0x06, 0x09, 0x07, 0x01, 0x0E, 0x01, 0x07, 0x03, 0x0E, 0x01, 0x07, 0x02, 0x0E, 0x01, 0x07, 0x02, 0x0E,
    0x03, 0x07, 0x02, 0x0E, 0x07, 0x07, 0x01, 0x0F, 0x01, 0x07, 0x44, 0x00, 0x02, 0x07, 0x03, 0x06, 0x1D, 0x07, 0x05, 0x06,
    0x02, 0x05, 0x01, 0x06, 0x21, 0x07, 0x46, 0x00, 0x02, 0x07, 0x04, 0x06, 0x1A, 0x07, 0x07, 0x06, 0x02, 0x05, 0x0B, 0x07,
    0x01, 0x0E, 0x05, 0x07, 0x01, 0x0E, 0x0F, 0x07, 0x47, 0x00, 0x02, 0x07, 0x06, 0x06, 0x16, 0x07, 0x01, 0x06, 0x01, 0x05,
    0x07, 0x06, 0x02, 0x05, 0x02, 0x06, 0x1D, 0x07, 0x49, 0x00, 0x03, 0x07, 0x07, 0x06, 0x12, 0x07, 0x01, 0x06, 0x01, 0x05,
    0x09, 0x06, 0x02, 0x05, 0x01, 0x06, 0x01, 0x07, 0x01, 0x06, 0x1A, 0x07, 0x4B, 0x00, 0x03, 0x07, 0x09, 0x06, 0x05, 0x07,
    0x04, 0x06, 0x02, 0x07, 0x01, 0x06, 0x01, 0x07, 0x01, 0x06, 0x02, 0x05, 0x0B, 0x06, 0x02, 0x05, 0x02, 0x06, 0x01, 0x07,
    0x02, 0x06, 0x15, 0x07, 0x4F, 0x00, 0x13, 0x06, 0x01, 0x07, 0x02, 0x06, 0x02, 0x05, 0x0F, 0x06, 0x02, 0x05, 0x04, 0x06,
    0x01, 0x07, 0x01, 0x06, 0x0C, 0x07, 0x03, 0x06, 0x01, 0x07, 0x01, 0x06, 0x51, 0x00, 0x01, 0x07, 0x01, 0x06, 0x03, 0x05,
    0x0D, 0x06, 0x04, 0x05, 0x12, 0x06, 0x03, 0x05, 0x07, 0x06, 0x01, 0x07, 0x05, 0x06, 0x04, 0x05, 0x01, 0x06, 0x01, 0x07,
    0x52, 0x00, 0x02, 0x07, 0x11, 0x05, 0x17, 0x06, 0x10, 0x05, 0x02, 0x06, 0x02, 0x07, 0x52, 0x00, 0x02, 0x07, 0x02, 0x06,
    0x0B, 0x05, 0x22, 0x06, 0x04, 0x05, 0x07, 0x06, 0x02, 0x07, 0x53, 0x00, 0x01, 0x07, 0x03, 0x06, 0x06, 0x05, 0x31, 0x06,
    0x02, 0x07, 0x53, 0x00, 0x02, 0x07, 0x39, 0x06, 0x02, 0x07, 0x53, 0x00, 0x02, 0x07, 0x12, 0x06, 0x05, 0x05, 0x09, 0x06,
    0x06, 0x05, 0x12, 0x06, 0x02, 0x07, 0x55, 0x00, 0x01, 0x07, 0x13, 0x06, 0x04, 0x05, 0x01, 0x04, 0x02, 0x05, 0x02, 0x06,
    0x01, 0x07, 0x02, 0x06, 0x07, 0x05, 0x11, 0x06, 0x03, 0x07, 0x55, 0x00, 0x02, 0x07, 0x13, 0x06, 0x03, 0x05, 0x01, 0x04,
    0x02, 0x05, 0x06, 0x00, 0x06, 0x05, 0x0B, 0x06, 0x09, 0x07, 0x55, 0x00, 0x02, 0x07, 0x14, 0x06, 0x04, 0x05, 0x01, 0x06,
    0x06, 0x00, 0x05, 0x05, 0x0C, 0x06, 0x08, 0x07, 0x57, 0x00, 0x01, 0x07, 0x14, 0x06, 0x04, 0x05, 0x01, 0x06, 0x06, 0x00,
    0x05, 0x05, 0x0C, 0x06, 0x05, 0x07, 0x01, 0x06, 0x02, 0x07, 0x57, 0x00, 0x02, 0x07, 0x14, 0x06, 0x02, 0x05, 0x02, 0x06,
    0x06, 0x00, 0x01, 0x06, 0x04, 0x05, 0x0C, 0x06, 0x05, 0x07, 0x01, 0x06, 0x02, 0x07, 0x58, 0x00, 0x01, 0x07, 0x14, 0x06,
    0x02, 0x05, 0x02, 0x06, 0x06, 0x00, 0x01, 0x06, 0x03, 0x05, 0x0E, 0x06, 0x01, 0x07, 0x03, 0x06, 0x02, 0x07, 0x59, 0x00,
    0x02, 0x07, 0x14, 0x06, 0x01, 0x05, 0x02, 0x06, 0x06, 0x00, 0x01, 0x06, 0x03, 0x05, 0x12, 0x06, 0x02, 0x07, 0x5A, 0x00,
    0x01, 0x07, 0x14, 0x06, 0x01, 0x05, 0x02, 0x06, 0x06, 0x00, 0x03, 0x05, 0x12, 0x06, 0x02, 0x07, 0x5B, 0x00, 0x02, 0x07,
    0x14, 0x06, 0x01, 0x05, 0x01, 0x06, 0x05, 0x00, 0x02, 0x06, 0x02, 0x05, 0x12, 0x06, 0x02, 0x07, 0x5C, 0x00, 0x01, 0x07,
    0x14, 0x06, 0x01, 0x05, 0x02, 0x06, 0x04, 0x00, 0x02, 0x06, 0x02, 0x05, 0x12, 0x06, 0x02, 0x07, 0x5C, 0x00, 0x02, 0x07,
    0x13, 0x06, 0x01, 0x05, 0x02, 0x06, 0x04, 0x00, 0x02, 0x06, 0x02, 0x05, 0x11, 0x06, 0x02, 0x07, 0x5E, 0x00, 0x01, 0x07,
    0x16, 0x06, 0x04, 0x00, 0x01, 0x06, 0x03, 0x05, 0x11, 0x06, 0x02, 0x07, 0x5E, 0x00, 0x02, 0x07, 0x15, 0x06, 0x04, 0x00,
    0x03, 0x05, 0x11, 0x06, 0x02, 0x07, 0x5F, 0x00, 0x02, 0x07, 0x0C, 0x06, 0x03, 0x07, 0x06, 0x06, 0x03, 0x00, 0x02, 0x06,
    0x01, 0x05, 0x10, 0x06, 0x01, 0x07, 0x01, 0x06, 0x02, 0x07, 0x5F, 0x00, 0x02, 0x07, 0x08, 0x06, 0x08, 0x07, 0x05, 0x06,
    0x04, 0x00, 0x05, 0x06, 0x11, 0x07, 0x5E, 0x00, 0x03, 0x07, 0x01, 0x06, 0x01, 0x07, 0x02, 0x06, 0x0D, 0x07, 0x04, 0x06,
    0x04, 0x00, 0x05, 0x06, 0x12, 0x07, 0x5D, 0x00, 0x03, 0x07, 0x03, 0x06, 0x0E, 0x07, 0x01, 0x06, 0x01, 0x07, 0x01, 0x06,
    0x05, 0x00, 0x05, 0x06, 0x10, 0x07, 0x01, 0x0F, 0x01, 0x07, 0x5D, 0x00, 0x02, 0x07, 0x03, 0x06, 0x0F, 0x07, 0x01, 0x06,
    0x01, 0x07, 0x01, 0x06, 0x05, 0x00, 0x05, 0x06, 0x10, 0x07, 0x01, 0x10, 0x01, 0x07, 0x5D, 0x00, 0x02, 0x07, 0x03, 0x06,
    0x11, 0x07, 0x01, 0x06, 0x05, 0x00, 0x05, 0x06, 0x10, 0x07, 0x01, 0x0E, 0x01, 0x07, 0x5D, 0x00, 0x02, 0x07, 0x03, 0x06,
    0x07, 0x07, 0x01, 0x06, 0x08, 0x07, 0x01, 0x06, 0x07, 0x00, 0x04, 0x06, 0x05, 0x07, 0x01, 0x06, 0x0C, 0x07, 0x5D, 0x00,
    0x02, 0x07, 0x04, 0x06, 0x05, 0x07, 0x01, 0x06, 0x09, 0x07, 0x01, 0x05, 0x07, 0x00, 0x05, 0x06, 0x04, 0x07, 0x01, 0x06,
    0x0C, 0x07, 0x5E, 0x00, 0x01, 0x07, 0x04, 0x06, 0x05, 0x07, 0x01, 0x06, 0x08, 0x07, 0x01, 0x06, 0x09, 0x00, 0x04, 0x06,
    0x04, 0x07, 0x01, 0x06, 0x0B, 0x07, 0x5F, 0x00, 0x02, 0x07, 0x01, 0x05, 0x04, 0x06, 0x03, 0x07, 0x02, 0x06, 0x07, 0x07,
    0x0A, 0x00, 0x05, 0x06, 0x03, 0x07, 0x01, 0x06, 0x0B, 0x07, 0x60, 0x00, 0x01, 0x07, 0x06, 0x06, 0x02, 0x07, 0x01, 0x05,
    0x04, 0x06, 0x03, 0x07, 0x0C, 0x00, 0x05, 0x06, 0x01, 0x07, 0x01, 0x06, 0x01, 0x05, 0x01, 0x06, 0x06, 0x07, 0x01, 0x06,
    0x02, 0x07, 0x62, 0x00, 0x02, 0x06, 0x01, 0x07, 0x04, 0x06, 0x01, 0x07, 0x02, 0x06, 0x05, 0x07, 0x0E, 0x00, 0x02, 0x06,
    0x03, 0x07, 0x05, 0x06, 0x06, 0x07, 0x01, 0x06, 0x64, 0x00, 0x02, 0x07, 0x01, 0x06, 0x03, 0x07, 0x01, 0x06, 0x01, 0x05,
    0x04, 0x07, 0x11, 0x00, 0x03, 0x07, 0x01, 0x05, 0x02, 0x07, 0x01, 0x06, 0x05, 0x07, 0x01, 0x06, 0x68, 0x00, 0x01, 0x07,
    0x02, 0x06, 0x01, 0x07, 0x01, 0x06, 0x1A, 0x00, 0x02, 0x07, 0x02, 0x06, 0x03, 0x07, 0xFF, 0x00, 0xFF, 0x00, 0xFF, 0x00,
    0xFF, 0x00, 0xFF, 0x00, 0xFF, 0x00, 0x5C, 0x00,
};

static const uint8_t momo_sprite_3[] = {
    0xFF, 0x00, 0x88, 0x00, 0x07, 0x07, 0x87, 0x00, 0x01, 0x07, 0x02, 0x0E, 0x01, 0x10, 0x01, 0x0E, 0x01, 0x07, 0x01, 0x0E,
    0x01, 0x10, 0x01, 0x0F, 0x01, 0x07, 0x85, 0x00, 0x01, 0x07, 0x01, 0x0E, 0x01, 0x10, 0x03, 0x07, 0x01, 0x0E, 0x02, 0x07,
    0x01, 0x10, 0x01, 0x07, 0x83, 0x00, 0x01, 0x07, 0x01, 0x0E, 0x01, 0x10, 0x03, 0x07, 0x01, 0x0E, 0x01, 0x0F, 0x04, 0x07,
    0x01, 0x10, 0x01, 0x07, 0x81, 0x00, 0x01, 0x07, 0x02, 0x0F, 0x03, 0x07, 0x01, 0x0E, 0x01, 0x0F, 0x03, 0x07, 0x01, 0x06,
    0x02, 0x07, 0x01, 0x0E, 0x80, 0x00, 0x01, 0x07, 0x01, 0x10, 0x04, 0x07, 0x01, 0x0E, 0x01, 0x0F, 0x03, 0x07, 0x03, 0x06,
    0x01, 0x07, 0x01, 0x10, 0x01, 0x07, 0x7E, 0x00, 0x01, 0x07, 0x01, 0x10, 0x05, 0x07, 0x01, 0x0F, 0x01, 0x0E, 0x02, 0x07,
    0x02, 0x05, 0x02, 0x06, 0x03, 0x07, 0x7D, 0x00, 0x01, 0x07, 0x01, 0x10, 0x05, 0x07, 0x01, 0x0E, 0x01, 0x0F, 0x02, 0x07,
    0x01, 0x06, 0x01, 0x04, 0x02, 0x05, 0x02, 0x06, 0x01, 0x07, 0x01, 0x10, 0x01, 0x07, 0x7B, 0x00, 0x01, 0x07, 0x01, 0x10,
    0x05, 0x07, 0x01, 0x0E, 0x01, 0x0F, 0x03, 0x07, 0x01, 0x04, 0x01, 0x05, 0x01, 0x06, 0x02, 0x05, 0x01, 0x06, 0x01, 0x07,
    0x01, 0x0E, 0x01, 0x07, 0x47, 0x00, 0x09, 0x07, 0x2A, 0x00, 0x01, 0x07, 0x01, 0x10, 0x06, 0x07, 0x02, 0x0F, 0x02, 0x07,
    0x02, 0x05, 0x03, 0x06, 0x01, 0x05, 0x01, 0x06, 0x02, 0x07, 0x01, 0x0F, 0x01, 0x07, 0x44, 0x00, 0x02, 0x07, 0x01, 0x0E,
    0x04, 0x07, 0x01, 0x0E, 0x02, 0x10, 0x01, 0x0F, 0x01, 0x0E, 0x02, 0x07, 0x26, 0x00, 0x01, 0x07, 0x01, 0x0F, 0x06, 0x07,
    0x01, 0x0E, 0x01, 0x0F, 0x01, 0x0E, 0x02, 0x07, 0x01, 0x05, 0x04, 0x06, 0x01, 0x05, 0x02, 0x06, 0x01, 0x07, 0x01, 0x10,
    0x01, 0x07, 0x44, 0x00, 0x0B, 0x07, 0x01, 0x0F, 0x02, 0x10, 0x03, 0x07, 0x23, 0x00, 0x08, 0x07, 0x02, 0x0F, 0x02, 0x07,
    0x01, 0x06, 0x01, 0x05, 0x05, 0x06, 0x01, 0x05, 0x01, 0x06, 0x01, 0x07, 0x01, 0x0F, 0x01, 0x07, 0x43, 0x00, 0x0F, 0x07,
    0x02, 0x10, 0x01, 0x0E, 0x02, 0x07, 0x16, 0x00, 0x0B, 0x07, 0x01, 0x10, 0x06, 0x07, 0x01, 0x0E, 0x01, 0x0F, 0x01, 0x0E,
    0x02, 0x07, 0x01, 0x05, 0x06, 0x06, 0x01, 0x05, 0x01, 0x06, 0x02, 0x07, 0x01, 0x0F, 0x01, 0x07, 0x42, 0x00, 0x04, 0x07,
    0x04, 0x06, 0x05, 0x07, 0x02, 0x0E, 0x02, 0x07, 0x01, 0x0E, 0x02, 0x10, 0x02, 0x07, 0x0E, 0x00, 0x05, 0x07, 0x01, 0x0E,
    0x0B, 0x10, 0x01, 0x0F, 0x01, 0x10, 0x01, 0x0F, 0x01, 0x0E, 0x03, 0x07, 0x01, 0x0E, 0x01, 0x10, 0x03, 0x07, 0x01, 0x05,
    0x06, 0x06, 0x01, 0x05, 0x01, 0x06, 0x02, 0x07, 0x01, 0x10, 0x01, 0x07, 0x41, 0x00, 0x02, 0x07, 0x01, 0x06, 0x02, 0x07,
    0x06, 0x06, 0x04, 0x07, 0x03, 0x0E, 0x02, 0x07, 0x01, 0x0E, 0x02, 0x10, 0x02, 0x07, 0x09, 0x00, 0x03, 0x07, 0x01, 0x0E,
    0x05, 0x10, 0x0B, 0x0F, 0x05, 0x10, 0x02, 0x0F, 0x02, 0x0E, 0x02, 0x07, 0x01, 0x06, 0x01, 0x05, 0x06, 0x06, 0x02, 0x05,
    0x02, 0x07, 0x01, 0x10, 0x01, 0x07, 0x41, 0x00, 0x02, 0x07, 0x01, 0x06, 0x02, 0x07, 0x01, 0x06, 0x03, 0x05, 0x04, 0x06,
    0x04, 0x07, 0x02, 0x0E, 0x03, 0x07, 0x01, 0x0E, 0x01, 0x10, 0x01, 0x0F, 0x01, 0x07, 0x05, 0x00, 0x03, 0x07, 0x01, 0x0F,
    0x03, 0x10, 0x03, 0x0E, 0x05, 0x07, 0x08, 0x0E, 0x06, 0x0F, 0x02, 0x10, 0x02, 0x0F, 0x01, 0x0E, 0x01, 0x07, 0x01, 0x06,
    0x02, 0x05, 0x04, 0x06, 0x02, 0x05, 0x02, 0x07, 0x01, 0x0E, 0x01, 0x07, 0x41, 0x00, 0x06, 0x07, 0x01, 0x04, 0x02, 0x03,
    0x01, 0x04, 0x01, 0x05, 0x03, 0x06, 0x04, 0x07, 0x03, 0x0E, 0x01, 0x07, 0x01, 0x0E, 0x01, 0x07, 0x01, 0x0E, 0x01, 0x10,
    0x01, 0x0E, 0x01, 0x07, 0x01, 0x00, 0x02, 0x07, 0x01, 0x0E, 0x02, 0x10, 0x02, 0x0E, 0x13, 0x07, 0x03, 0x0E, 0x04, 0x0F,
    0x02, 0x10, 0x01, 0x0F, 0x02, 0x10, 0x01, 0x07, 0x01, 0x06, 0x02, 0x05, 0x03, 0x06, 0x01, 0x05, 0x03, 0x07, 0x01, 0x10,
    0x01, 0x07, 0x3F, 0x00, 0x02, 0x07, 0x01, 0x06, 0x03, 0x07, 0x01, 0x06, 0x01, 0x04, 0x01, 0x05, 0x01, 0x04, 0x02, 0x03,
    0x01, 0x04, 0x03, 0x06, 0x04, 0x07, 0x01, 0x0E, 0x01, 0x0F, 0x02, 0x0E, 0x03, 0x07, 0x01, 0x10, 0x01, 0x0F, 0x01, 0x07,
    0x02, 0x10, 0x01, 0x0F, 0x01, 0x0E, 0x17, 0x07, 0x05, 0x0E, 0x06, 0x0F, 0x02, 0x10, 0x02, 0x07, 0x03, 0x06, 0x01, 0x05,
    0x02, 0x07, 0x01, 0x0E, 0x01, 0x10, 0x01, 0x07, 0x3F, 0x00, 0x02, 0x07, 0x01, 0x06, 0x03, 0x07, 0x01, 0x06, 0x04, 0x05,
    0x01, 0x04, 0x02, 0x03, 0x01, 0x05, 0x03, 0x06, 0x03, 0x07, 0x01, 0x0E, 0x01, 0x0F, 0x02, 0x0E, 0x03, 0x07, 0x01, 0x0E,
    0x01, 0x10, 0x01, 0x0E, 0x1D, 0x07, 0x06, 0x0E, 0x03, 0x0F, 0x03, 0x10, 0x01, 0x07, 0x01, 0x06, 0x02, 0x05, 0x03, 0x07,
    0x01, 0x10, 0x01, 0x07, 0x3F, 0x00, 0x02, 0x07, 0x01, 0x06, 0x03, 0x07, 0x01, 0x06, 0x05, 0x05, 0x02, 0x04, 0x01, 0x03,
    0x01, 0x05, 0x02, 0x06, 0x04, 0x07, 0x01, 0x0E, 0x01, 0x0F, 0x04, 0x07, 0x01, 0x0E, 0x1F, 0x07, 0x07, 0x0E, 0x03, 0x0F,
    0x01, 0x10, 0x01, 0x0F, 0x02, 0x10, 0x01, 0x07, 0x01, 0x05, 0x03, 0x07, 0x01, 0x0F, 0x01, 0x07, 0x3F, 0x00, 0x02, 0x07,
    0x01, 0x06, 0x03, 0x07, 0x02, 0x05, 0x01, 0x06, 0x04, 0x05, 0x02, 0x04, 0x01, 0x03, 0x01, 0x05, 0x02, 0x06, 0x08, 0x07,
    0x01, 0x0E, 0x20, 0x07, 0x08, 0x0E, 0x03, 0x0F, 0x02, 0x10, 0x01, 0x0F, 0x01, 0x10, 0x01, 0x0E, 0x02, 0x07, 0x02, 0x0E,
    0x01, 0x07, 0x3F, 0x00, 0x02, 0x07, 0x01, 0x06, 0x03, 0x07, 0x02, 0x05, 0x01, 0x06, 0x05, 0x05, 0x02, 0x04, 0x01, 0x03,
    0x01, 0x05, 0x02, 0x06, 0x28, 0x07, 0x0A, 0x0E, 0x03, 0x0F, 0x04, 0x10, 0x01, 0x07, 0x01, 0x0E, 0x03, 0x07, 0x3E, 0x00,
    0x02, 0x07, 0x01, 0x06, 0x03, 0x07, 0x01, 0x05, 0x03, 0x06, 0x05, 0x05, 0x01, 0x04, 0x02, 0x03, 0x01, 0x05, 0x01, 0x06,
    0x27, 0x07, 0x0D, 0x0E, 0x04, 0x0F, 0x03, 0x10, 0x03, 0x07, 0x3E, 0x00, 0x02, 0x07, 0x01, 0x06, 0x03, 0x07, 0x01, 0x05,
    0x03, 0x06, 0x06, 0x05, 0x01, 0x04, 0x02, 0x03, 0x01, 0x06, 0x26, 0x07, 0x12, 0x0E, 0x03, 0x0F, 0x01, 0x0E, 0x01, 0x0F,
    0x01, 0x07, 0x3E, 0x00, 0x02, 0x07, 0x01, 0x06, 0x03, 0x07, 0x01, 0x06, 0x01, 0x05, 0x03, 0x06, 0x06, 0x05, 0x01, 0x04,
    0x01, 0x06, 0x21, 0x07, 0x02, 0x0E, 0x01, 0x07, 0x02, 0x0E, 0x01, 0x07, 0x07, 0x0E, 0x07, 0x07, 0x01, 0x0F, 0x09, 0x10,
    0x3E, 0x00, 0x02, 0x07, 0x01, 0x06, 0x03, 0x07, 0x01, 0x06, 0x01, 0x05, 0x03, 0x06, 0x04, 0x05, 0x02, 0x04, 0x01, 0x06,
    0x20, 0x07, 0x0E, 0x0E, 0x03, 0x07, 0x01, 0x0E, 0x03, 0x10, 0x03, 0x07, 0x01, 0x06, 0x02, 0x05, 0x04, 0x04, 0x01, 0x05,
    0x02, 0x04, 0x01, 0x05, 0x01, 0x06, 0x3A, 0x00, 0x02, 0x07, 0x01, 0x06, 0x03, 0x07, 0x01, 0x06, 0x01, 0x05, 0x04, 0x06,
    0x03, 0x05, 0x01, 0x04, 0x01, 0x06, 0x22, 0x07, 0x0B, 0x0E, 0x02, 0x07, 0x01, 0x0F, 0x01, 0x10, 0x01, 0x0F, 0x02, 0x07,
    0x01, 0x05, 0x01, 0x04, 0x04, 0x03, 0x03, 0x04, 0x01, 0x05, 0x04, 0x04, 0x02, 0x05, 0x02, 0x04, 0x01, 0x05, 0x01, 0x07,
    0x37, 0x00, 0x02, 0x07, 0x01, 0x06, 0x04, 0x07, 0x01, 0x05, 0x04, 0x06, 0x02, 0x05, 0x01, 0x04, 0x01, 0x06, 0x22, 0x07,
    0x0A, 0x0E, 0x02, 0x07, 0x02, 0x10, 0x01, 0x07, 0x01, 0x05, 0x03, 0x03, 0x02, 0x04, 0x02, 0x05, 0x03, 0x04, 0x01, 0x03,
    0x04, 0x02, 0x01, 0x03, 0x07, 0x04, 0x01, 0x05, 0x36, 0x00, 0x02, 0x07, 0x01, 0x06, 0x04, 0x07, 0x02, 0x05, 0x02, 0x06,
    0x02, 0x05, 0x01, 0x04, 0x01, 0x06, 0x22, 0x07, 0x0A, 0x0E, 0x02, 0x07, 0x01, 0x10, 0x01, 0x07, 0x01, 0x04, 0x02, 0x03,
    0x01, 0x04, 0x02, 0x05, 0x01, 0x03, 0x0E, 0x02, 0x01, 0x03, 0x05, 0x04, 0x01, 0x05, 0x35, 0x00, 0x02, 0x07, 0x01, 0x06,
    0x04, 0x07, 0x01, 0x06, 0x01, 0x05, 0x02, 0x06, 0x01, 0x05, 0x01, 0x04, 0x01, 0x06, 0x23, 0x07, 0x03, 0x0E, 0x02, 0x0F,
    0x04, 0x0E, 0x03, 0x07, 0x01, 0x04, 0x01, 0x02, 0x01, 0x04, 0x02, 0x05, 0x01, 0x03, 0x03, 0x02, 0x01, 0x03, 0x01, 0x04,
    0x01, 0x05, 0x01, 0x06, 0x08, 0x07, 0x01, 0x06, 0x02, 0x02, 0x01, 0x03, 0x05, 0x04, 0x35, 0x00, 0x02, 0x07, 0x02, 0x06,
    0x04, 0x07, 0x01, 0x05, 0x01, 0x06, 0x01, 0x05, 0x01, 0x04, 0x01, 0x06, 0x24, 0x07, 0x04, 0x0E, 0x01, 0x0F, 0x03, 0x0E,
    0x03, 0x07, 0x02, 0x02, 0x01, 0x05, 0x01, 0x04, 0x03, 0x02, 0x01, 0x04, 0x01, 0x05, 0x07, 0x06, 0x01, 0x05, 0x03, 0x06,
    0x04, 0x07, 0x01, 0x04, 0x01, 0x02, 0x01, 0x03, 0x04, 0x04, 0x01, 0x05, 0x35, 0x00, 0x01, 0x07, 0x02, 0x06, 0x04, 0x07,
    0x01, 0x05, 0x02, 0x04, 0x01, 0x05, 0x1E, 0x07, 0x01, 0x0E, 0x06, 0x07, 0x03, 0x0E, 0x02, 0x0F, 0x03, 0x0E, 0x02, 0x07,
    0x01, 0x03, 0x01, 0x02, 0x01, 0x05, 0x01, 0x04, 0x01, 0x02, 0x01, 0x03, 0x01, 0x05, 0x03, 0x06, 0x02, 0x05, 0x05, 0x06,
    0x04, 0x05, 0x02, 0x06, 0x03, 0x07, 0x01, 0x03, 0x01, 0x02, 0x04, 0x04, 0x01, 0x05, 0x35, 0x00, 0x01, 0x07, 0x02, 0x06,
    0x05, 0x07, 0x02, 0x05, 0x16, 0x07, 0x01, 0x06, 0x02, 0x05, 0x04, 0x04, 0x02, 0x05, 0x01, 0x06, 0x01, 0x07, 0x02, 0x0E,
    0x03, 0x07, 0x06, 0x0E, 0x03, 0x07, 0x01, 0x05, 0x01, 0x02, 0x01, 0x05, 0x01, 0x03, 0x01, 0x02, 0x01, 0x05, 0x06, 0x06,
    0x01, 0x07, 0x01, 0x06, 0x03, 0x07, 0x06, 0x06, 0x01, 0x05, 0x02, 0x06, 0x02, 0x07, 0x01, 0x02, 0x01, 0x03, 0x04, 0x04,
    0x35, 0x00, 0x02, 0x07, 0x02, 0x06, 0x02, 0x07, 0x01, 0x0E, 0x14, 0x07, 0x01, 0x05, 0x01, 0x04, 0x07, 0x03, 0x02, 0x04,
    0x01, 0x03, 0x02, 0x04, 0x01, 0x03, 0x01, 0x04, 0x01, 0x05, 0x01, 0x07, 0x01, 0x0F, 0x04, 0x07, 0x04, 0x0E, 0x02, 0x07,
    0x01, 0x06, 0x01, 0x02, 0x01, 0x03, 0x01, 0x05, 0x01, 0x02, 0x01, 0x05, 0x01, 0x07, 0x01, 0x06, 0x0E, 0x07, 0x02, 0x06,
    0x02, 0x05, 0x02, 0x06, 0x01, 0x07, 0x01, 0x03, 0x01, 0x02, 0x02, 0x04, 0x01, 0x03, 0x01, 0x04, 0x35, 0x00, 0x02, 0x07,
    0x02, 0x06, 0x04, 0x07, 0x01, 0x06, 0x02, 0x07, 0x02, 0x0E, 0x0A, 0x07, 0x01, 0x05, 0x01, 0x04, 0x01, 0x03, 0x03, 0x02,
    0x01, 0x03, 0x02, 0x04, 0x03, 0x03, 0x04, 0x02, 0x02, 0x03, 0x03, 0x04, 0x01, 0x03, 0x01, 0x06, 0x01, 0x0E, 0x09, 0x07,
    0x01, 0x04, 0x01, 0x02, 0x01, 0x04, 0x02, 0x03, 0x09, 0x07, 0x01, 0x0F, 0x01, 0x06, 0x08, 0x07, 0x01, 0x06, 0x02, 0x05,
    0x01, 0x06, 0x01, 0x07, 0x01, 0x06, 0x01, 0x02, 0x02, 0x04, 0x01, 0x03, 0x37, 0x00, 0x01, 0x07, 0x02, 0x06, 0x03, 0x07,
    0x02, 0x06, 0x01, 0x07, 0x01, 0x0E, 0x01, 0x0F, 0x08, 0x07, 0x01, 0x05, 0x01, 0x03, 0x03, 0x02, 0x03, 0x03, 0x0F, 0x02,
    0x01, 0x03, 0x01, 0x04, 0x01, 0x03, 0x01, 0x06, 0x01, 0x0E, 0x03, 0x07, 0x01, 0x0F, 0x01, 0x10, 0x01, 0x0F, 0x01, 0x07,
    0x01, 0x06, 0x02, 0x02, 0x01, 0x04, 0x01, 0x02, 0x01, 0x06, 0x09, 0x07, 0x01, 0x10, 0x09, 0x07, 0x02, 0x06, 0x02, 0x05,
    0x01, 0x06, 0x01, 0x07, 0x01, 0x02, 0x02, 0x03, 0x01, 0x06, 0x37, 0x00, 0x01, 0x07, 0x03, 0x06, 0x01, 0x07, 0x02, 0x06,
    0x01, 0x07, 0x01, 0x0E, 0x01, 0x0F, 0x07, 0x07, 0x01, 0x04, 0x03, 0x02, 0x03, 0x03, 0x04, 0x02, 0x01, 0x03, 0x01, 0x04,
    0x08, 0x05, 0x02, 0x04, 0x01, 0x03, 0x02, 0x02, 0x01, 0x03, 0x01, 0x04, 0x01, 0x03, 0x01, 0x07, 0x01, 0x0F, 0x03, 0x07,
    0x02, 0x05, 0x02, 0x04, 0x01, 0x02, 0x02, 0x04, 0x01, 0x02, 0x0A, 0x07, 0x02, 0x10, 0x09, 0x07, 0x01, 0x06, 0x02, 0x05,
    0x01, 0x06, 0x01, 0x07, 0x01, 0x02, 0x02, 0x03, 0x01, 0x07, 0x01, 0x10, 0x36, 0x00, 0x02, 0x07, 0x04, 0x06, 0x01, 0x07,
    0x01, 0x0E, 0x01, 0x0F, 0x01, 0x0E, 0x05, 0x07, 0x01, 0x04, 0x02, 0x02, 0x03, 0x03, 0x03, 0x02, 0x01, 0x03, 0x01, 0x04,
    0x03, 0x06, 0x07, 0x05, 0x03, 0x04, 0x02, 0x05, 0x01, 0x04, 0x02, 0x02, 0x01, 0x03, 0x02, 0x04, 0x01, 0x07, 0x01, 0x04,
    0x02, 0x02, 0x01, 0x03, 0x03, 0x04, 0x01, 0x03, 0x02, 0x04, 0x01, 0x02, 0x09, 0x07, 0x01, 0x0E, 0x02, 0x10, 0x01, 0x07,
    0x01, 0x06, 0x08, 0x07, 0x01, 0x06, 0x01, 0x05, 0x01, 0x06, 0x01, 0x07, 0x02, 0x02, 0x01, 0x03, 0x01, 0x05, 0x01, 0x10,
    0x01, 0x07, 0x35, 0x00, 0x02, 0x07, 0x03, 0x06, 0x02, 0x07, 0x01, 0x0F, 0x01, 0x0E, 0x05, 0x07, 0x02, 0x02, 0x03, 0x03,
    0x02, 0x02, 0x01, 0x03, 0x01, 0x05, 0x04, 0x06, 0x05, 0x05, 0x04, 0x06, 0x04, 0x05, 0x03, 0x04, 0x02, 0x02, 0x01, 0x03,
    0x01, 0x04, 0x03, 0x02, 0x01, 0x03, 0x04, 0x04, 0x01, 0x03, 0x02, 0x04, 0x01, 0x02, 0x09, 0x07, 0x04, 0x10, 0x09, 0x07,
    0x01, 0x06, 0x01, 0x05, 0x01, 0x06, 0x01, 0x07, 0x01, 0x03, 0x01, 0x02, 0x01, 0x03, 0x01, 0x05, 0x01, 0x10, 0x01, 0x0E,
    0x01, 0x07, 0x35, 0x00, 0x01, 0x07, 0x01, 0x06, 0x01, 0x05, 0x02, 0x07, 0x01, 0x0E, 0x01, 0x0F, 0x04, 0x07, 0x01, 0x06,
    0x02, 0x02, 0x03, 0x03, 0x01, 0x02, 0x01, 0x03, 0x01, 0x06, 0x01, 0x07, 0x02, 0x06, 0x03, 0x05, 0x03, 0x06, 0x01, 0x07,
    0x09, 0x06, 0x03, 0x05, 0x01, 0x03, 0x01, 0x02, 0x01, 0x03, 0x01, 0x04, 0x01, 0x03, 0x01, 0x02, 0x03, 0x03, 0x03, 0x04,
    0x01, 0x03, 0x02, 0x04, 0x01, 0x02, 0x01, 0x06, 0x08, 0x07, 0x05, 0x10, 0x01, 0x0E, 0x07, 0x07, 0x03, 0x06, 0x01, 0x07,
    0x01, 0x03, 0x01, 0x02, 0x01, 0x03, 0x01, 0x05, 0x02, 0x10, 0x01, 0x07, 0x35, 0x00, 0x01, 0x07, 0x02, 0x06, 0x01, 0x07,
    0x03, 0x0E, 0x04, 0x07, 0x02, 0x02, 0x03, 0x03, 0x01, 0x02, 0x01, 0x03, 0x01, 0x07, 0x01, 0x06, 0x02, 0x05, 0x06, 0x06,
    0x01, 0x07, 0x01, 0x0F, 0x04, 0x06, 0x04, 0x07, 0x02, 0x06, 0x01, 0x05, 0x02, 0x04, 0x01, 0x02, 0x01, 0x03, 0x01, 0x04,
    0x01, 0x03, 0x01, 0x02, 0x01, 0x03, 0x06, 0x02, 0x02, 0x04, 0x01, 0x03, 0x01, 0x05, 0x07, 0x07, 0x05, 0x10, 0x01, 0x0F,
    0x02, 0x10, 0x01, 0x0E, 0x06, 0x07, 0x02, 0x06, 0x01, 0x07, 0x01, 0x04, 0x01, 0x02, 0x01, 0x03, 0x01, 0x05, 0x01, 0x10,
    0x01, 0x0E, 0x01, 0x10, 0x01, 0x07, 0x34, 0x00, 0x04, 0x07, 0x02, 0x0E, 0x04, 0x07, 0x01, 0x04, 0x01, 0x02, 0x03, 0x03,
    0x01, 0x02, 0x01, 0x03, 0x01, 0x07, 0x0A, 0x06, 0x01, 0x07, 0x01, 0x10, 0x01, 0x07, 0x01, 0x06, 0x08, 0x07, 0x01, 0x06,
    0x01, 0x05, 0x01, 0x04, 0x01, 0x02, 0x01, 0x03, 0x01, 0x04, 0x01, 0x03, 0x03, 0x02, 0x04, 0x03, 0x02, 0x02, 0x01, 0x03,
    0x02, 0x04, 0x06, 0x07, 0x0C, 0x10, 0x01, 0x0E, 0x03, 0x07, 0x01, 0x06, 0x01, 0x05, 0x01, 0x07, 0x01, 0x04, 0x01, 0x02,
    0x01, 0x03, 0x01, 0x05, 0x01, 0x10, 0x01, 0x0E, 0x01, 0x10, 0x01, 0x0E, 0x35, 0x00, 0x01, 0x07, 0x01, 0x10, 0x01, 0x07,
    0x01, 0x0E, 0x05, 0x07, 0x01, 0x02, 0x04, 0x03, 0x01, 0x02, 0x01, 0x05, 0x01, 0x07, 0x0A, 0x06, 0x01, 0x07, 0x01, 0x10,
    0x01, 0x0F, 0x01, 0x06, 0x09, 0x07, 0x01, 0x05, 0x01, 0x04, 0x01, 0x03, 0x01, 0x02, 0x02, 0x04, 0x01, 0x02, 0x01, 0x03,
    0x03, 0x04, 0x01, 0x05, 0x02, 0x04, 0x02, 0x02, 0x01, 0x04, 0x01, 0x02, 0x05, 0x07, 0x0C, 0x10, 0x05, 0x07, 0x01, 0x06,
    0x01, 0x05, 0x01, 0x07, 0x01, 0x03, 0x01, 0x02, 0x01, 0x03, 0x01, 0x05, 0x01, 0x10, 0x01, 0x0E, 0x01, 0x0F, 0x01, 0x10,
    0x01, 0x07, 0x34, 0x00, 0x09, 0x07, 0x01, 0x02, 0x04, 0x03, 0x01, 0x02, 0x09, 0x06, 0x02, 0x07, 0x01, 0x06, 0x01, 0x07,
    0x02, 0x10, 0x01, 0x07, 0x01, 0x06, 0x08, 0x07, 0x01, 0x06, 0x01, 0x05, 0x01, 0x03, 0x01, 0x02, 0x02, 0x04, 0x01, 0x03,
    0x04, 0x06, 0x01, 0x07, 0x01, 0x06, 0x01, 0x04, 0x01, 0x03, 0x01, 0x02, 0x02, 0x03, 0x01, 0x05, 0x02, 0x07, 0x01, 0x0F,
    0x06, 0x10, 0x01, 0x0F, 0x04, 0x10, 0x01, 0x0F, 0x07, 0x07, 0x01, 0x06, 0x01, 0x07, 0x02, 0x03, 0x01, 0x02, 0x01, 0x06,
    0x01, 0x10, 0x01, 0x07, 0x01, 0x0F, 0x01, 0x10, 0x01, 0x0F, 0x01, 0x07, 0x32, 0x00, 0x01, 0x07, 0x01, 0x10, 0x08, 0x07,
    0x01, 0x02, 0x05, 0x03, 0x01, 0x07, 0x06, 0x06, 0x04, 0x07, 0x01, 0x06, 0x01, 0x07, 0x01, 0x10, 0x01, 0x0F, 0x01, 0x10,
    0x01, 0x07, 0x01, 0x06, 0x08, 0x07, 0x01, 0x05, 0x01, 0x03, 0x01, 0x02, 0x01, 0x04, 0x01, 0x03, 0x01, 0x05, 0x06, 0x07,
    0x01, 0x05, 0x01, 0x04, 0x02, 0x02, 0x01, 0x04, 0x01, 0x03, 0x04, 0x07, 0x01, 0x0E, 0x01, 0x0F, 0x07, 0x10, 0x01, 0x0F,
    0x08, 0x07, 0x02, 0x06, 0x01, 0x02, 0x01, 0x04, 0x01, 0x02, 0x01, 0x07, 0x01, 0x0F, 0x01, 0x07, 0x01, 0x0E, 0x01, 0x0F,
    0x01, 0x10, 0x01, 0x07, 0x32, 0x00, 0x01, 0x07, 0x01, 0x0F, 0x06, 0x07, 0x01, 0x06, 0x01, 0x07, 0x01, 0x02, 0x03, 0x03,
    0x01, 0x02, 0x01, 0x03, 0x01, 0x07, 0x04, 0x06, 0x07, 0x07, 0x01, 0x0F, 0x04, 0x10, 0x01, 0x07, 0x01, 0x06, 0x07, 0x07,
    0x01, 0x05, 0x01, 0x04, 0x01, 0x02, 0x01, 0x04, 0x01, 0x02, 0x01, 0x05, 0x07, 0x07, 0x01, 0x05, 0x01, 0x03, 0x01, 0x02,
    0x02, 0x03, 0x01, 0x06, 0x06, 0x07, 0x01, 0x0F, 0x05, 0x10, 0x09, 0x07, 0x02, 0x06, 0x01, 0x02, 0x01, 0x04, 0x01, 0x02,
    0x04, 0x07, 0x01, 0x0F, 0x01, 0x10, 0x01, 0x0F, 0x31, 0x00, 0x01, 0x07, 0x01, 0x0E, 0x06, 0x07, 0x02, 0x06, 0x01, 0x07,
    0x01, 0x03, 0x01, 0x02, 0x04, 0x03, 0x01, 0x07, 0x04, 0x06, 0x05, 0x07, 0x01, 0x06, 0x01, 0x07, 0x06, 0x10, 0x03, 0x07,
    0x03, 0x06, 0x02, 0x07, 0x01, 0x06, 0x01, 0x04, 0x01, 0x02, 0x01, 0x03, 0x01, 0x02, 0x01, 0x06, 0x07, 0x07, 0x01, 0x06,
    0x01, 0x04, 0x02, 0x02, 0x02, 0x03, 0x07, 0x07, 0x01, 0x0E, 0x03, 0x10, 0x01, 0x0F, 0x08, 0x07, 0x02, 0x06, 0x01, 0x04,
    0x01, 0x02, 0x02, 0x03, 0x04, 0x07, 0x01, 0x0E, 0x01, 0x0F, 0x01, 0x10, 0x01, 0x07, 0x30, 0x00, 0x01, 0x07, 0x01, 0x10,
    0x06, 0x07, 0x04, 0x06, 0x01, 0x04, 0x01, 0x02, 0x03, 0x03, 0x02, 0x07, 0x03, 0x06, 0x04, 0x07, 0x01, 0x06, 0x01, 0x07,
    0x06, 0x10, 0x01, 0x0F, 0x03, 0x10, 0x03, 0x07, 0x03, 0x06, 0x01, 0x04, 0x01, 0x02, 0x01, 0x03, 0x01, 0x02, 0x09, 0x07,
    0x01, 0x05, 0x01, 0x03, 0x01, 0x02, 0x02, 0x03, 0x01, 0x06, 0x07, 0x07, 0x01, 0x0E, 0x02, 0x10, 0x0A, 0x07, 0x01, 0x06,
    0x01, 0x02, 0x01, 0x04, 0x01, 0x02, 0x01, 0x05, 0x01, 0x0F, 0x04, 0x07, 0x01, 0x0E, 0x01, 0x10, 0x01, 0x07, 0x30, 0x00,
    0x07, 0x07, 0x05, 0x06, 0x01, 0x07, 0x01, 0x05, 0x01, 0x02, 0x01, 0x03, 0x01, 0x02, 0x01, 0x06, 0x01, 0x07, 0x03, 0x06,
    0x03, 0x07, 0x01, 0x06, 0x01, 0x07, 0x01, 0x0F, 0x08, 0x10, 0x01, 0x0F, 0x03, 0x10, 0x03, 0x07, 0x01, 0x06, 0x01, 0x04,
    0x01, 0x02, 0x01, 0x03, 0x01, 0x02, 0x09, 0x07, 0x01, 0x06, 0x01, 0x04, 0x02, 0x02, 0x02, 0x03, 0x08, 0x07, 0x02, 0x10,
    0x0A, 0x07, 0x02, 0x03, 0x01, 0x04, 0x01, 0x02, 0x07, 0x07, 0x01, 0x10, 0x01, 0x0E, 0x01, 0x07, 0x2E, 0x00, 0x01, 0x07,
    0x01, 0x0F, 0x05, 0x07, 0x07, 0x06, 0x01, 0x07, 0x02, 0x02, 0x01, 0x03, 0x01, 0x05, 0x01, 0x07, 0x03, 0x06, 0x01, 0x07,
    0x02, 0x06, 0x01, 0x07, 0x0C, 0x10, 0x05, 0x07, 0x01, 0x06, 0x01, 0x04, 0x01, 0x02, 0x01, 0x03, 0x01, 0x02, 0x0A, 0x07,
    0x01, 0x05, 0x01, 0x03, 0x02, 0x02, 0x02, 0x03, 0x08, 0x07, 0x01, 0x10, 0x09, 0x07, 0x01, 0x04, 0x01, 0x03, 0x01, 0x05,
    0x01, 0x02, 0x01, 0x05, 0x07, 0x07, 0x01, 0x0E, 0x01, 0x10, 0x01, 0x07, 0x2E, 0x00, 0x01, 0x07, 0x01, 0x10, 0x05, 0x07,
    0x07, 0x06, 0x01, 0x07, 0x01, 0x03, 0x01, 0x02, 0x01, 0x03, 0x01, 0x04, 0x01, 0x07, 0x03, 0x06, 0x03, 0x07, 0x0C, 0x10,
    0x06, 0x07, 0x01, 0x06, 0x01, 0x03, 0x01, 0x02, 0x02, 0x03, 0x0A, 0x07, 0x01, 0x06, 0x01, 0x04, 0x01, 0x03, 0x01, 0x02,
    0x02, 0x03, 0x01, 0x04, 0x07, 0x07, 0x01, 0x0F, 0x07, 0x07, 0x01, 0x06, 0x01, 0x03, 0x01, 0x04, 0x01, 0x05, 0x01, 0x02,
    0x01, 0x03, 0x09, 0x07, 0x01, 0x10, 0x01, 0x07, 0x2E, 0x00, 0x06, 0x07, 0x08, 0x06, 0x01, 0x07, 0x01, 0x06, 0x01, 0x02,
    0x02, 0x03, 0x02, 0x07, 0x02, 0x06, 0x02, 0x07, 0x01, 0x0F, 0x01, 0x0E, 0x01, 0x0F, 0x09, 0x10, 0x07, 0x07, 0x01, 0x06,
    0x01, 0x02, 0x01, 0x03, 0x01, 0x02, 0x01, 0x04, 0x0B, 0x07, 0x01, 0x06, 0x01, 0x04, 0x03, 0x02, 0x01, 0x03, 0x01, 0x04,
    0x01, 0x06, 0x05, 0x07, 0x01, 0x0E, 0x05, 0x07, 0x01, 0x05, 0x01, 0x04, 0x01, 0x03, 0x01, 0x04, 0x01, 0x03, 0x01, 0x02,
    0x01, 0x03, 0x0A, 0x07, 0x01, 0x10, 0x01, 0x07, 0x2D, 0x00, 0x07, 0x07, 0x08, 0x06, 0x02, 0x07, 0x03, 0x02, 0x01, 0x05,
    0x01, 0x07, 0x01, 0x06, 0x08, 0x07, 0x06, 0x10, 0x01, 0x0E, 0x07, 0x07, 0x01, 0x05, 0x01, 0x02, 0x01, 0x03, 0x01, 0x02,
    0x01, 0x06, 0x0C, 0x07, 0x01, 0x06, 0x01, 0x04, 0x03, 0x02, 0x01, 0x04, 0x01, 0x03, 0x01, 0x04, 0x01, 0x05, 0x03, 0x06,
    0x01, 0x07, 0x01, 0x06, 0x02, 0x05, 0x01, 0x04, 0x02, 0x03, 0x01, 0x04, 0x01, 0x03, 0x02, 0x02, 0x01, 0x04, 0x0B, 0x07,
    0x02, 0x0E, 0x2D, 0x00, 0x01, 0x07, 0x01, 0x0F, 0x04, 0x07, 0x0A, 0x06, 0x01, 0x07, 0x01, 0x04, 0x01, 0x02, 0x01, 0x03,
    0x01, 0x04, 0x08, 0x07, 0x01, 0x06, 0x02, 0x07, 0x03, 0x10, 0x01, 0x0F, 0x01, 0x10, 0x08, 0x07, 0x01, 0x04, 0x01, 0x02,
    0x01, 0x03, 0x01, 0x02, 0x0E, 0x07, 0x01, 0x05, 0x01, 0x04, 0x01, 0x03, 0x03, 0x02, 0x04, 0x03, 0x01, 0x04, 0x06, 0x03,
    0x03, 0x02, 0x01, 0x03, 0x01, 0x06, 0x0E, 0x07, 0x2D, 0x00, 0x01, 0x07, 0x01, 0x0E, 0x04, 0x07, 0x0A, 0x06, 0x01, 0x07,
    0x01, 0x06, 0x02, 0x02, 0x01, 0x03, 0x01, 0x06, 0x01, 0x07, 0x02, 0x06, 0x06, 0x07, 0x01, 0x06, 0x01, 0x07, 0x03, 0x10,
    0x01, 0x0F, 0x07, 0x07, 0x01, 0x06, 0x01, 0x03, 0x02, 0x02, 0x01, 0x04, 0x0F, 0x07, 0x01, 0x06, 0x01, 0x05, 0x01, 0x04,
    0x0D, 0x02, 0x01, 0x03, 0x01, 0x04, 0x01, 0x06, 0x10, 0x07, 0x2D, 0x00, 0x05, 0x07, 0x0C, 0x06, 0x01, 0x07, 0x01, 0x03,
    0x01, 0x02, 0x01, 0x03, 0x01, 0x04, 0x02, 0x07, 0x01, 0x06, 0x09, 0x07, 0x02, 0x10, 0x01, 0x07, 0x01, 0x06, 0x06, 0x07,
    0x01, 0x04, 0x01, 0x02, 0x01, 0x03, 0x01, 0x02, 0x01, 0x06, 0x11, 0x07, 0x01, 0x06, 0x01, 0x05, 0x01, 0x04, 0x03, 0x03,
    0x03, 0x02, 0x03, 0x03, 0x01, 0x05, 0x02, 0x06, 0x12, 0x07, 0x2C, 0x00, 0x06, 0x07, 0x0C, 0x06, 0x01, 0x07, 0x01, 0x06,
    0x02, 0x02, 0x01, 0x03, 0x01, 0x06, 0x01, 0x07, 0x01, 0x06, 0x0A, 0x07, 0x01, 0x10, 0x01, 0x07, 0x01, 0x06, 0x05, 0x07,
    0x01, 0x06, 0x01, 0x02, 0x01, 0x03, 0x01, 0x02, 0x01, 0x03, 0x10, 0x07, 0x01, 0x02, 0x01, 0x03, 0x02, 0x07, 0x01, 0x06,
    0x01, 0x05, 0x01, 0x06, 0x04, 0x05, 0x05, 0x06, 0x13, 0x07, 0x2C, 0x00, 0x05, 0x07, 0x0E, 0x06, 0x01, 0x07, 0x01, 0x03,
    0x01, 0x02, 0x02, 0x03, 0x01, 0x06, 0x01, 0x07, 0x02, 0x06, 0x08, 0x07, 0x01, 0x10, 0x01, 0x07, 0x01, 0x06, 0x04, 0x07,
    0x01, 0x05, 0x01, 0x02, 0x01, 0x03, 0x02, 0x02, 0x09, 0x07, 0x01, 0x06, 0x01, 0x05, 0x05, 0x07, 0x04, 0x02, 0x01, 0x06,
    0x02, 0x07, 0x03, 0x06, 0x02, 0x07, 0x01, 0x06, 0x17, 0x07, 0x2C, 0x00, 0x05, 0x07, 0x0E, 0x06, 0x02, 0x07, 0x02, 0x02,
    0x01, 0x03, 0x01, 0x04, 0x01, 0x06, 0x03, 0x07, 0x01, 0x06, 0x05, 0x07, 0x01, 0x06, 0x05, 0x07, 0x01, 0x06, 0x01, 0x04,
    0x04, 0x02, 0x01, 0x06, 0x09, 0x07, 0x02, 0x02, 0x01, 0x04, 0x01, 0x05, 0x01, 0x06, 0x01, 0x04, 0x06, 0x02, 0x1F, 0x07,
    0x2C, 0x00, 0x05, 0x07, 0x0F, 0x06, 0x01, 0x07, 0x01, 0x05, 0x02, 0x02, 0x02, 0x04, 0x01, 0x05, 0x0C, 0x07, 0x01, 0x05,
    0x01, 0x03, 0x02, 0x02, 0x01, 0x03, 0x02, 0x02, 0x01, 0x06, 0x02, 0x07, 0x01, 0x05, 0x01, 0x02, 0x01, 0x06, 0x04, 0x07,
    0x0D, 0x02, 0x01, 0x03, 0x1E, 0x07, 0x2C, 0x00, 0x04, 0x07, 0x11, 0x06, 0x01, 0x07, 0x01, 0x05, 0x02, 0x02, 0x01, 0x03,
    0x01, 0x04, 0x01, 0x03, 0x01, 0x04, 0x01, 0x05, 0x03, 0x06, 0x02, 0x05, 0x01, 0x04, 0x02, 0x03, 0x06, 0x02, 0x01, 0x03,
    0x03, 0x07, 0x01, 0x05, 0x04, 0x02, 0x01, 0x03, 0x10, 0x02, 0x01, 0x06, 0x1D, 0x07, 0x2C, 0x00, 0x04, 0x07, 0x12, 0x06,
    0x01, 0x07, 0x01, 0x05, 0x04, 0x02, 0x02, 0x03, 0x0C, 0x02, 0x01, 0x03, 0x01, 0x05, 0x04, 0x07, 0x16, 0x02, 0x01, 0x03,
    0x1C, 0x07, 0x2D, 0x00, 0x03, 0x07, 0x14, 0x06, 0x02, 0x07, 0x01, 0x04, 0x0D, 0x02, 0x01, 0x03, 0x01, 0x04, 0x01, 0x05,
    0x01, 0x06, 0x04, 0x07, 0x01, 0x03, 0x14, 0x02, 0x01, 0x03, 0x02, 0x04, 0x03, 0x06, 0x19, 0x07, 0x2D, 0x00, 0x02, 0x07,
    0x15, 0x06, 0x01, 0x05, 0x01, 0x06, 0x01, 0x07, 0x01, 0x06, 0x01, 0x05, 0x03, 0x03, 0x03, 0x02, 0x02, 0x03, 0x02, 0x04,
    0x01, 0x05, 0x02, 0x06, 0x06, 0x07, 0x12, 0x02, 0x01, 0x03, 0x01, 0x06, 0x04, 0x07, 0x01, 0x06, 0x03, 0x05, 0x02, 0x06,
    0x15, 0x07, 0x2E, 0x00, 0x02, 0x07, 0x16, 0x06, 0x02, 0x05, 0x0D, 0x06, 0x07, 0x07, 0x01, 0x05, 0x11, 0x02, 0x02, 0x06,
    0x01, 0x07, 0x02, 0x05, 0x01, 0x07, 0x01, 0x06, 0x01, 0x05, 0x01, 0x06, 0x01, 0x07, 0x02, 0x06, 0x01, 0x05, 0x01, 0x06,
    0x14, 0x07, 0x2E, 0x00, 0x02, 0x07, 0x19, 0x06, 0x04, 0x05, 0x06, 0x06, 0x09, 0x07, 0x01, 0x03, 0x0F, 0x02, 0x01, 0x03,
    0x01, 0x06, 0x01, 0x07, 0x03, 0x06, 0x01, 0x07, 0x01, 0x03, 0x02, 0x02, 0x01, 0x05, 0x01, 0x07, 0x02, 0x06, 0x01, 0x03,
    0x02, 0x06, 0x01, 0x05, 0x0E, 0x07, 0x01, 0x06, 0x02, 0x07, 0x2F, 0x00, 0x02, 0x07, 0x20, 0x06, 0x0C, 0x07, 0x06, 0x02,
    0x08, 0x03, 0x01, 0x02, 0x01, 0x03, 0x03, 0x06, 0x01, 0x05, 0x01, 0x07, 0x01, 0x06, 0x01, 0x05, 0x01, 0x02, 0x01, 0x03,
    0x01, 0x05, 0x01, 0x04, 0x01, 0x05, 0x01, 0x07, 0x01, 0x06, 0x01, 0x05, 0x01, 0x06, 0x01, 0x07, 0x02, 0x06, 0x08, 0x07,
    0x06, 0x06, 0x02, 0x07, 0x2F, 0x00, 0x02, 0x07, 0x1C, 0x06, 0x02, 0x07, 0x01, 0x06, 0x0D, 0x07, 0x03, 0x02, 0x01, 0x03,
    0x09, 0x04, 0x01, 0x03, 0x01, 0x04, 0x01, 0x05, 0x02, 0x06, 0x02, 0x05, 0x02, 0x06, 0x01, 0x05, 0x01, 0x02, 0x02, 0x03,
    0x01, 0x02, 0x01, 0x05, 0x02, 0x06, 0x01, 0x07, 0x01, 0x06, 0x01, 0x04, 0x01, 0x05, 0x02, 0x06, 0x05, 0x07, 0x07, 0x06,
    0x02, 0x07, 0x30, 0x00, 0x02, 0x07, 0x1F, 0x06, 0x0D, 0x07, 0x02, 0x02, 0x04, 0x04, 0x07, 0x05, 0x01, 0x04, 0x03, 0x06,
    0x01, 0x07, 0x01, 0x06, 0x04, 0x07, 0x01, 0x04, 0x02, 0x02, 0x01, 0x04, 0x01, 0x07, 0x03, 0x06, 0x02, 0x02, 0x01, 0x04,
    0x01, 0x05, 0x02, 0x06, 0x01, 0x07, 0x0A, 0x06, 0x02, 0x07, 0x31, 0x00, 0x02, 0x07, 0x1D, 0x06, 0x0E, 0x07, 0x01, 0x02,
    0x01, 0x03, 0x02, 0x04, 0x08, 0x05, 0x01, 0x04, 0x01, 0x03, 0x01, 0x06, 0x01, 0x05, 0x01, 0x07, 0x01, 0x05, 0x01, 0x04,
    0x01, 0x05, 0x03, 0x06, 0x04, 0x07, 0x03, 0x06, 0x01, 0x05, 0x01, 0x02, 0x01, 0x04, 0x01, 0x05, 0x01, 0x02, 0x01, 0x05,
    0x02, 0x06, 0x01, 0x07, 0x08, 0x06, 0x02, 0x07, 0x32, 0x00, 0x02, 0x07, 0x1E, 0x06, 0x0D, 0x07, 0x02, 0x03, 0x01, 0x04,
    0x09, 0x05, 0x01, 0x04, 0x01, 0x05, 0x01, 0x06, 0x01, 0x07, 0x01, 0x03, 0x01, 0x02, 0x02, 0x03, 0x01, 0x05, 0x01, 0x07,
    0x05, 0x06, 0x01, 0x05, 0x01, 0x06, 0x01, 0x07, 0x01, 0x06, 0x04, 0x02, 0x03, 0x06, 0x01, 0x07, 0x07, 0x06, 0x02, 0x07,
    0x33, 0x00, 0x02, 0x07, 0x21, 0x06, 0x0A, 0x07, 0x01, 0x04, 0x01, 0x03, 0x09, 0x05, 0x01, 0x03, 0x01, 0x04, 0x01, 0x05,
    0x02, 0x06, 0x01, 0x02, 0x01, 0x03, 0x01, 0x05, 0x02, 0x04, 0x01, 0x07, 0x03, 0x06, 0x01, 0x04, 0x01, 0x06, 0x01, 0x05,
    0x02, 0x06, 0x01, 0x07, 0x01, 0x06, 0x01, 0x02, 0x01, 0x03, 0x01, 0x05, 0x01, 0x06, 0x02, 0x05, 0x07, 0x06, 0x02, 0x07,
    0x35, 0x00, 0x02, 0x07, 0x21, 0x06, 0x09, 0x07, 0x01, 0x05, 0x01, 0x02, 0x06, 0x05, 0x01, 0x06, 0x01, 0x05, 0x01, 0x04,
    0x01, 0x03, 0x02, 0x04, 0x02, 0x06, 0x02, 0x02, 0x01, 0x03, 0x01, 0x02, 0x01, 0x04, 0x01, 0x07, 0x02, 0x06, 0x01, 0x04,
    0x01, 0x05, 0x01, 0x07, 0x01, 0x05, 0x04, 0x06, 0x08, 0x07, 0x04, 0x06, 0x02, 0x07, 0x36, 0x00, 0x02, 0x07, 0x24, 0x06,
    0x07, 0x07, 0x01, 0x03, 0x06, 0x05, 0x02, 0x06, 0x01, 0x04, 0x01, 0x03, 0x01, 0x04, 0x02, 0x06, 0x01, 0x07, 0x01, 0x04,
    0x02, 0x02, 0x01, 0x04, 0x02, 0x07, 0x01, 0x05, 0x02, 0x02, 0x01, 0x03, 0x01, 0x05, 0x05, 0x06, 0x02, 0x05, 0x04, 0x07,
    0x01, 0x0E, 0x01, 0x10, 0x01, 0x0F, 0x01, 0x07, 0x01, 0x06, 0x02, 0x07, 0x38, 0x00, 0x02, 0x07, 0x29, 0x06, 0x01, 0x07,
    0x02, 0x04, 0x03, 0x05, 0x04, 0x06, 0x01, 0x04, 0x01, 0x03, 0x01, 0x04, 0x01, 0x06, 0x01, 0x05, 0x01, 0x06, 0x04, 0x07,
    0x01, 0x05, 0x01, 0x06, 0x01, 0x03, 0x01, 0x02, 0x01, 0x04, 0x01, 0x05, 0x01, 0x03, 0x01, 0x06, 0x01, 0x07, 0x01, 0x06,
    0x02, 0x03, 0x01, 0x04, 0x06, 0x07, 0x01, 0x0E, 0x01, 0x0F, 0x01, 0x10, 0x01, 0x07, 0x01, 0x06, 0x39, 0x00, 0x02, 0x07,
    0x29, 0x06, 0x02, 0x07, 0x01, 0x03, 0x02, 0x05, 0x04, 0x06, 0x01, 0x05, 0x02, 0x03, 0x01, 0x04, 0x02, 0x06, 0x01, 0x04,
    0x01, 0x07, 0x02, 0x06, 0x01, 0x07, 0x01, 0x05, 0x01, 0x06, 0x01, 0x04, 0x01, 0x02, 0x01, 0x03, 0x02, 0x02, 0x01, 0x06,
    0x01, 0x07, 0x01, 0x03, 0x02, 0x02, 0x01, 0x03, 0x01, 0x07, 0x01, 0x06, 0x03, 0x07, 0x03, 0x0F, 0x01, 0x0E, 0x01, 0x10,
    0x01, 0x0E, 0x3A, 0x00, 0x02, 0x07, 0x29, 0x06, 0x01, 0x07, 0x01, 0x05, 0x01, 0x03, 0x02, 0x05, 0x02, 0x06, 0x02, 0x05,
    0x02, 0x03, 0x01, 0x04, 0x01, 0x05, 0x01, 0x06, 0x01, 0x03, 0x03, 0x06, 0x01, 0x07, 0x02, 0x06, 0x01, 0x07, 0x01, 0x03,
    0x02, 0x02, 0x01, 0x05, 0x01, 0x07, 0x01, 0x06, 0x03, 0x02, 0x01, 0x06, 0x02, 0x07, 0x02, 0x06, 0x02, 0x07, 0x03, 0x0F,
    0x01, 0x0E, 0x01, 0x10, 0x01, 0x07, 0x3A, 0x00, 0x02, 0x07, 0x28, 0x06, 0x02, 0x07, 0x02, 0x04, 0x04, 0x05, 0x01, 0x04,
    0x02, 0x03, 0x01, 0x04, 0x01, 0x05, 0x01, 0x06, 0x01, 0x07, 0x01, 0x05, 0x01, 0x06, 0x01, 0x02, 0x01, 0x03, 0x01, 0x05,
    0x01, 0x07, 0x01, 0x06, 0x01, 0x07, 0x05, 0x06, 0x02, 0x03, 0x08, 0x07, 0x01, 0x0E, 0x02, 0x0F, 0x01, 0x0E, 0x01, 0x0F,
    0x01, 0x10, 0x01, 0x07, 0x3A, 0x00, 0x02, 0x07, 0x28, 0x06, 0x02, 0x07, 0x01, 0x05, 0x01, 0x03, 0x01, 0x04, 0x02, 0x05,
    0x01, 0x04, 0x02, 0x03, 0x01, 0x04, 0x02, 0x05, 0x01, 0x06, 0x01, 0x07, 0x02, 0x02, 0x02, 0x04, 0x01, 0x05, 0x01, 0x06,
    0x02, 0x05, 0x03, 0x06, 0x02, 0x05, 0x06, 0x07, 0x01, 0x0E, 0x05, 0x0F, 0x02, 0x0E, 0x02, 0x0F, 0x01, 0x07, 0x3A, 0x00,
    0x02, 0x07, 0x29, 0x06, 0x02, 0x07, 0x05, 0x04, 0x01, 0x03, 0x01, 0x04, 0x02, 0x05, 0x01, 0x06, 0x01, 0x05, 0x01, 0x02,
    0x01, 0x03, 0x01, 0x05, 0x02, 0x03, 0x02, 0x06, 0x01, 0x05, 0x03, 0x06, 0x01, 0x04, 0x01, 0x05, 0x06, 0x07, 0x02, 0x0F,
    0x01, 0x10, 0x03, 0x0F, 0x02, 0x0E, 0x01, 0x07, 0x02, 0x0F, 0x01, 0x10, 0x3A, 0x00, 0x02, 0x07, 0x29, 0x06, 0x03, 0x07,
    0x01, 0x05, 0x02, 0x04, 0x02, 0x03, 0x02, 0x05, 0x02, 0x06, 0x04, 0x02, 0x01, 0x06, 0x01, 0x07, 0x01, 0x06, 0x01, 0x07,
    0x01, 0x05, 0x02, 0x04, 0x01, 0x03, 0x01, 0x06, 0x06, 0x07, 0x01, 0x0F, 0x02, 0x10, 0x02, 0x0F, 0x01, 0x0E, 0x03, 0x07,
    0x02, 0x0F, 0x02, 0x07, 0x3A, 0x00, 0x02, 0x07, 0x2A, 0x06, 0x02, 0x07, 0x01, 0x06, 0x01, 0x05, 0x01, 0x04, 0x02, 0x05,
    0x01, 0x04, 0x01, 0x05, 0x01, 0x07, 0x01, 0x05, 0x02, 0x02, 0x01, 0x05, 0x01, 0x07, 0x01, 0x05, 0x01, 0x07, 0x01, 0x03,
    0x01, 0x02, 0x01, 0x04, 0x01, 0x02, 0x01, 0x03, 0x08, 0x07, 0x01, 0x0E, 0x01, 0x0F, 0x02, 0x0E, 0x05, 0x07, 0x01, 0x10,
    0x01, 0x02, 0x01, 0x06, 0x01, 0x10, 0x3A, 0x00, 0x03, 0x07, 0x2C, 0x06, 0x03, 0x05, 0x02, 0x04, 0x01, 0x05, 0x04, 0x07,
    0x01, 0x06, 0x01, 0x05, 0x01, 0x06, 0x01, 0x02, 0x01, 0x03, 0x01, 0x05, 0x02, 0x02, 0x01, 0x07, 0x03, 0x06, 0x0D, 0x07,
    0x01, 0x10, 0x01, 0x04, 0x01, 0x03, 0x01, 0x10, 0x01, 0x07, 0x3B, 0x00, 0x02, 0x07, 0x0D, 0x06, 0x02, 0x05, 0x1A, 0x06,
    0x05, 0x05, 0x02, 0x04, 0x01, 0x05, 0x05, 0x06, 0x02, 0x05, 0x01, 0x02, 0x02, 0x03, 0x02, 0x02, 0x01, 0x05, 0x04, 0x06,
    0x0C, 0x07, 0x01, 0x0F, 0x01, 0x06, 0x01, 0x02, 0x01, 0x10, 0x01, 0x07, 0x3C, 0x00, 0x03, 0x07, 0x08, 0x06, 0x0C, 0x05,
    0x13, 0x06, 0x07, 0x05, 0x02, 0x04, 0x01, 0x05, 0x01, 0x06, 0x02, 0x05, 0x01, 0x06, 0x01, 0x07, 0x01, 0x03, 0x03, 0x02,
    0x01, 0x03, 0x01, 0x02, 0x04, 0x05, 0x01, 0x06, 0x0B, 0x07, 0x01, 0x0E, 0x01, 0x06, 0x01, 0x02, 0x02, 0x10, 0x01, 0x07,
    0x3D, 0x00, 0x04, 0x07, 0x03, 0x06, 0x0D, 0x05, 0x13, 0x06, 0x0A, 0x05, 0x01, 0x04, 0x01, 0x05, 0x05, 0x06, 0x01, 0x05,
    0x02, 0x04, 0x01, 0x03, 0x01, 0x06, 0x04, 0x07, 0x02, 0x06, 0x0D, 0x07, 0x02, 0x10, 0x01, 0x07, 0x3F, 0x00, 0x03, 0x07,
    0x04, 0x06, 0x08, 0x05, 0x04, 0x06, 0x05, 0x05, 0x01, 0x06, 0x03, 0x05, 0x02, 0x06, 0x01, 0x05, 0x03, 0x06, 0x07, 0x05,
    0x03, 0x04, 0x03, 0x03, 0x02, 0x04, 0x05, 0x05, 0x01, 0x06, 0x01, 0x05, 0x01, 0x03, 0x01, 0x05, 0x14, 0x07, 0x01, 0x0F,
    0x01, 0x10, 0x01, 0x0E, 0x42, 0x00, 0x04, 0x07, 0x03, 0x06, 0x02, 0x04, 0x01, 0x05, 0x0D, 0x04, 0x01, 0x03, 0x02, 0x04,
    0x02, 0x03, 0x04, 0x02, 0x01, 0x03, 0x07, 0x04, 0x02, 0x03, 0x02, 0x02, 0x05, 0x04, 0x01, 0x05, 0x01, 0x06, 0x01, 0x05,
    0x01, 0x04, 0x01, 0x02, 0x01, 0x05, 0x12, 0x07, 0x01, 0x05, 0x01, 0x07, 0x02, 0x10, 0x01, 0x0E, 0x47, 0x00, 0x01, 0x07,
    0x01, 0x06, 0x08, 0x05, 0x05, 0x06, 0x0A, 0x07, 0x01, 0x05, 0x02, 0x04, 0x01, 0x03, 0x01, 0x04, 0x03, 0x05, 0x03, 0x04,
    0x01, 0x03, 0x01, 0x04, 0x01, 0x06, 0x04, 0x05, 0x05, 0x04, 0x01, 0x03, 0x01, 0x05, 0x01, 0x07, 0x02, 0x06, 0x0F, 0x07,
    0x01, 0x05, 0x01, 0x07, 0x01, 0x0F, 0x01, 0x10, 0x01, 0x0E, 0x01, 0x07, 0x47, 0x00, 0x02, 0x07, 0x07, 0x06, 0x0A, 0x07,
    0x01, 0x0E, 0x02, 0x07, 0x01, 0x0F, 0x01, 0x07, 0x01, 0x0E, 0x02, 0x07, 0x01, 0x06, 0x02, 0x04, 0x02, 0x05, 0x02, 0x04,
    0x01, 0x03, 0x01, 0x04, 0x02, 0x06, 0x04, 0x05, 0x01, 0x06, 0x03, 0x05, 0x01, 0x06, 0x01, 0x04, 0x01, 0x03, 0x01, 0x07,
    0x05, 0x06, 0x0B, 0x07, 0x01, 0x06, 0x01, 0x05, 0x01, 0x10, 0x01, 0x0F, 0x01, 0x10, 0x01, 0x07, 0x48, 0x00, 0x02, 0x07,
    0x01, 0x05, 0x01, 0x06, 0x03, 0x07, 0x01, 0x06, 0x0D, 0x07, 0x04, 0x0E, 0x04, 0x07, 0x01, 0x05, 0x01, 0x04, 0x01, 0x05,
    0x01, 0x04, 0x01, 0x03, 0x01, 0x04, 0x04, 0x06, 0x05, 0x05, 0x03, 0x06, 0x01, 0x02, 0x01, 0x03, 0x0A, 0x06, 0x07, 0x07,
    0x01, 0x05, 0x01, 0x07, 0x01, 0x10, 0x01, 0x0E, 0x01, 0x10, 0x01, 0x07, 0x48, 0x00, 0x01, 0x06, 0x01, 0x05, 0x02, 0x03,
    0x01, 0x04, 0x01, 0x06, 0x02, 0x07, 0x02, 0x06, 0x0B, 0x07, 0x03, 0x0E, 0x01, 0x0F, 0x03, 0x0E, 0x02, 0x07, 0x01, 0x06,
    0x02, 0x04, 0x01, 0x03, 0x09, 0x06, 0x01, 0x05, 0x02, 0x06, 0x02, 0x02, 0x01, 0x03, 0x01, 0x07, 0x0E, 0x06, 0x01, 0x07,
    0x01, 0x06, 0x01, 0x05, 0x01, 0x10, 0x02, 0x0F, 0x01, 0x10, 0x01, 0x07, 0x46, 0x00, 0x01, 0x07, 0x01, 0x06, 0x01, 0x05,
    0x03, 0x04, 0x02, 0x03, 0x01, 0x04, 0x01, 0x05, 0x01, 0x06, 0x10, 0x07, 0x03, 0x0E, 0x03, 0x07, 0x01, 0x05, 0x01, 0x02,
    0x01, 0x05, 0x01, 0x07, 0x09, 0x06, 0x01, 0x05, 0x01, 0x03, 0x03, 0x02, 0x01, 0x06, 0x01, 0x07, 0x01, 0x06, 0x02, 0x05,
    0x09, 0x06, 0x02, 0x07, 0x01, 0x04, 0x01, 0x07, 0x01, 0x10, 0x01, 0x0E, 0x01, 0x07, 0x01, 0x10, 0x01, 0x07, 0x44, 0x00,
    0x02, 0x07, 0x01, 0x06, 0x01, 0x05, 0x02, 0x04, 0x03, 0x05, 0x01, 0x04, 0x03, 0x03, 0x01, 0x04, 0x02, 0x06, 0x05, 0x07,
    0x01, 0x06, 0x07, 0x07, 0x01, 0x0E, 0x06, 0x07, 0x01, 0x03, 0x01, 0x06, 0x03, 0x07, 0x04, 0x06, 0x01, 0x07, 0x01, 0x06,
    0x01, 0x04, 0x01, 0x03, 0x04, 0x02, 0x01, 0x05, 0x01, 0x07, 0x02, 0x06, 0x02, 0x05, 0x07, 0x06, 0x01, 0x07, 0x01, 0x06,
    0x01, 0x05, 0x01, 0x07, 0x02, 0x0E, 0x01, 0x07, 0x01, 0x0E, 0x01, 0x07, 0x44, 0x00, 0x02, 0x07, 0x01, 0x06, 0x0A, 0x05,
    0x01, 0x04, 0x03, 0x03, 0x01, 0x04, 0x01, 0x05, 0x03, 0x06, 0x0F, 0x07, 0x02, 0x06, 0x06, 0x07, 0x01, 0x06, 0x01, 0x05,
    0x04, 0x03, 0x01, 0x02, 0x03, 0x03, 0x02, 0x07, 0x02, 0x06, 0x01, 0x05, 0x02, 0x04, 0x03, 0x06, 0x01, 0x07, 0x01, 0x06,
    0x01, 0x05, 0x01, 0x04, 0x01, 0x07, 0x01, 0x10, 0x02, 0x0E, 0x01, 0x07, 0x01, 0x0F, 0x01, 0x07, 0x42, 0x00, 0x03, 0x07,
    0x01, 0x06, 0x09, 0x05, 0x01, 0x06, 0x04, 0x05, 0x02, 0x04, 0x04, 0x03, 0x01, 0x04, 0x01, 0x05, 0x02, 0x06, 0x01, 0x07,
    0x01, 0x06, 0x10, 0x07, 0x01, 0x06, 0x01, 0x04, 0x02, 0x03, 0x01, 0x04, 0x02, 0x03, 0x01, 0x02, 0x03, 0x03, 0x01, 0x05,
    0x01, 0x07, 0x04, 0x06, 0x04, 0x04, 0x02, 0x05, 0x01, 0x07, 0x02, 0x0F, 0x02, 0x0E, 0x01, 0x07, 0x01, 0x0F, 0x01, 0x07,
    0x42, 0x00, 0x02, 0x07, 0x01, 0x06, 0x06, 0x05, 0x09, 0x06, 0x05, 0x05, 0x02, 0x04, 0x05, 0x03, 0x01, 0x04, 0x02, 0x05,
    0x01, 0x06, 0x05, 0x07, 0x01, 0x0F, 0x06, 0x07, 0x01, 0x05, 0x02, 0x03, 0x03, 0x04, 0x02, 0x03, 0x01, 0x02, 0x04, 0x03,
    0x01, 0x06, 0x01, 0x07, 0x02, 0x06, 0x06, 0x07, 0x02, 0x10, 0x06, 0x07, 0x41, 0x00, 0x03, 0x07, 0x03, 0x06, 0x01, 0x05,
    0x0C, 0x06, 0x02, 0x05, 0x08, 0x06, 0x02, 0x05, 0x03, 0x04, 0x02, 0x03, 0x01, 0x05, 0x04, 0x07, 0x01, 0x0F, 0x06, 0x07,
    0x04, 0x03, 0x03, 0x04, 0x01, 0x03, 0x01, 0x02, 0x02, 0x03, 0x01, 0x04, 0x01, 0x03, 0x01, 0x04, 0x02, 0x07, 0x01, 0x06,
    0x04, 0x07, 0x01, 0x0E, 0x01, 0x0F, 0x08, 0x07, 0x40, 0x00, 0x03, 0x07, 0x02, 0x06, 0x01, 0x05, 0x0D, 0x06, 0x01, 0x05,
    0x01, 0x06, 0x03, 0x05, 0x09, 0x06, 0x01, 0x07, 0x02, 0x06, 0x01, 0x05, 0x01, 0x03, 0x01, 0x04, 0x03, 0x07, 0x01, 0x0F,
    0x05, 0x07, 0x01, 0x06, 0x02, 0x03, 0x03, 0x04, 0x01, 0x03, 0x02, 0x04, 0x01, 0x03, 0x01, 0x02, 0x01, 0x03, 0x04, 0x04,
    0x01, 0x06, 0x02, 0x07, 0x01, 0x06, 0x0B, 0x07, 0x3D, 0x00, 0x02, 0x07, 0x02, 0x06, 0x02, 0x07, 0x02, 0x06, 0x02, 0x05,
    0x0D, 0x06, 0x01, 0x05, 0x01, 0x06, 0x02, 0x05, 0x0A, 0x06, 0x01, 0x05, 0x01, 0x04, 0x02, 0x06, 0x01, 0x05, 0x01, 0x03,
    0x04, 0x07, 0x01, 0x05, 0x01, 0x04, 0x01, 0x06, 0x02, 0x07, 0x01, 0x04, 0x02, 0x03, 0x01, 0x06, 0x01, 0x07, 0x01, 0x05,
    0x01, 0x03, 0x02, 0x04, 0x01, 0x03, 0x01, 0x02, 0x01, 0x03, 0x05, 0x04, 0x01, 0x06, 0x04, 0x07, 0x02, 0x06, 0x01, 0x07,
    0x01, 0x06, 0x03, 0x07, 0x3D, 0x00, 0x04, 0x07, 0x01, 0x06, 0x01, 0x07, 0x03, 0x06, 0x02, 0x05, 0x0D, 0x06, 0x02, 0x05,
    0x01, 0x06, 0x03, 0x05, 0x08, 0x06, 0x02, 0x05, 0x02, 0x07, 0x01, 0x06, 0x01, 0x05, 0x01, 0x04, 0x01, 0x06, 0x02, 0x07,
    0x01, 0x06, 0x01, 0x04, 0x01, 0x07, 0x01, 0x05, 0x02, 0x06, 0x01, 0x05, 0x01, 0x06, 0x01, 0x05, 0x01, 0x04, 0x02, 0x06,
    0x03, 0x04, 0x01, 0x03, 0x01, 0x02, 0x01, 0x03, 0x07, 0x04, 0x01, 0x05, 0x03, 0x06, 0x01, 0x07, 0x02, 0x06, 0x01, 0x07,
    0x3D, 0x00, 0x01, 0x07, 0x01, 0x0E, 0x01, 0x10, 0x01, 0x0F, 0x01, 0x06, 0x01, 0x07, 0x04, 0x06, 0x02, 0x05, 0x0E, 0x06,
    0x02, 0x05, 0x01, 0x06, 0x03, 0x05, 0x07, 0x06, 0x03, 0x05, 0x01, 0x06, 0x01, 0x07, 0x02, 0x06, 0x01, 0x07, 0x04, 0x06,
    0x01, 0x04, 0x01, 0x05, 0x01, 0x04, 0x02, 0x05, 0x01, 0x04, 0x02, 0x03, 0x03, 0x06, 0x01, 0x05, 0x01, 0x03, 0x02, 0x04,
    0x02, 0x03, 0x08, 0x04, 0x01, 0x05, 0x01, 0x04, 0x04, 0x05, 0x3E, 0x00, 0x01, 0x0E, 0x01, 0x10, 0x02, 0x0E, 0x01, 0x07,
    0x01, 0x10, 0x14, 0x06, 0x07, 0x05, 0x06, 0x06, 0x02, 0x04, 0x01, 0x05, 0x01, 0x04, 0x02, 0x05, 0x03, 0x03, 0x01, 0x05,
    0x01, 0x06, 0x01, 0x05, 0x01, 0x04, 0x01, 0x05, 0x01, 0x06, 0x02, 0x07, 0x01, 0x05, 0x01, 0x03, 0x01, 0x02, 0x01, 0x03,
    0x06, 0x04, 0x01, 0x03, 0x01, 0x02, 0x01, 0x03, 0x05, 0x04, 0x02, 0x05, 0x04, 0x06, 0x3F, 0x00, 0x01, 0x07, 0x01, 0x10,
    0x01, 0x07, 0x01, 0x0E, 0x01, 0x0F, 0x02, 0x07, 0x02, 0x05, 0x01, 0x06, 0x02, 0x05, 0x01, 0x06, 0x01, 0x05, 0x01, 0x06,
    0x01, 0x07, 0x0A, 0x06, 0x01, 0x05, 0x01, 0x04, 0x07, 0x05, 0x05, 0x06, 0x01, 0x04, 0x01, 0x03, 0x01, 0x05, 0x01, 0x06,
    0x01, 0x05, 0x02, 0x04, 0x01, 0x03, 0x01, 0x05, 0x03, 0x07, 0x02, 0x06, 0x04, 0x07, 0x02, 0x05, 0x02, 0x03, 0x05, 0x04,
    0x04, 0x03, 0x03, 0x04, 0x03, 0x05, 0x01, 0x06, 0x01, 0x07, 0x41, 0x00, 0x01, 0x07, 0x01, 0x0F, 0x02, 0x07, 0x01, 0x10,
    0x01, 0x07, 0x01, 0x06, 0x02, 0x05, 0x01, 0x06, 0x01, 0x05, 0x04, 0x06, 0x01, 0x07, 0x0A, 0x06, 0x01, 0x05, 0x01, 0x04,
    0x07, 0x05, 0x05, 0x06, 0x01, 0x05, 0x02, 0x03, 0x01, 0x02, 0x01, 0x03, 0x01, 0x05, 0x01, 0x06, 0x02, 0x05, 0x02, 0x07,
    0x02, 0x0E, 0x05, 0x07, 0x05, 0x05, 0x05, 0x04, 0x01, 0x03, 0x01, 0x02, 0x01, 0x04, 0x03, 0x05, 0x01, 0x06, 0x01, 0x07,
    0x44, 0x00, 0x03, 0x07, 0x01, 0x0E, 0x01, 0x0F, 0x01, 0x07, 0x01, 0x06, 0x02, 0x05, 0x03, 0x06, 0x04, 0x07, 0x08, 0x06,
    0x01, 0x05, 0x01, 0x06, 0x01, 0x05, 0x01, 0x04, 0x06, 0x05, 0x07, 0x06, 0x03, 0x05, 0x03, 0x06, 0x02, 0x05, 0x02, 0x07,
    0x02, 0x0E, 0x03, 0x07, 0x01, 0x0E, 0x01, 0x07, 0x06, 0x05, 0x05, 0x04, 0x01, 0x03, 0x01, 0x04, 0x01, 0x06, 0x47, 0x00,
    0x04, 0x07, 0x02, 0x0E, 0x01, 0x0F, 0x01, 0x06, 0x01, 0x05, 0x01, 0x06, 0x01, 0x05, 0x01, 0x06, 0x01, 0x05, 0x03, 0x06,
    0x01, 0x07, 0x07, 0x06, 0x03, 0x05, 0x02, 0x04, 0x06, 0x05, 0x0D, 0x06, 0x02, 0x05, 0x02, 0x07, 0x01, 0x0E, 0x04, 0x07,
    0x01, 0x0E, 0x01, 0x07, 0x02, 0x05, 0x09, 0x04, 0x01, 0x05, 0x01, 0x07, 0x47, 0x00, 0x06, 0x07, 0x01, 0x0E, 0x01, 0x10,
    0x01, 0x07, 0x01, 0x06, 0x01, 0x07, 0x03, 0x06, 0x01, 0x05, 0x01, 0x07, 0x02, 0x06, 0x01, 0x07, 0x04, 0x06, 0x05, 0x05,
    0x02, 0x04, 0x06, 0x05, 0x0D, 0x06, 0x02, 0x05, 0x03, 0x07, 0x01, 0x10, 0x03, 0x07, 0x01, 0x0E, 0x01, 0x07, 0x01, 0x04,
    0x01, 0x03, 0x01, 0x05, 0x02, 0x07, 0x03, 0x05, 0x03, 0x04, 0x01, 0x05, 0x01, 0x07, 0x45, 0x00, 0x02, 0x07, 0x01, 0x10,
    0x01, 0x07, 0x01, 0x06, 0x03, 0x07, 0x02, 0x0E, 0x01, 0x10, 0x02, 0x06, 0x01, 0x07, 0x01, 0x05, 0x01, 0x07, 0x03, 0x06,
    0x01, 0x05, 0x05, 0x06, 0x04, 0x05, 0x01, 0x04, 0x01, 0x03, 0x01, 0x04, 0x06, 0x05, 0x08, 0x06, 0x01, 0x05, 0x01, 0x04,
    0x02, 0x05, 0x01, 0x06, 0x01, 0x05, 0x01, 0x04, 0x03, 0x07, 0x01, 0x06, 0x01, 0x05, 0x01, 0x06, 0x01, 0x07, 0x02, 0x06,
    0x03, 0x05, 0x01, 0x06, 0x01, 0x07, 0x05, 0x05, 0x01, 0x04, 0x01, 0x05, 0x01, 0x07, 0x44, 0x00, 0x01, 0x07, 0x01, 0x0E,
    0x01, 0x10, 0x01, 0x07, 0x01, 0x06, 0x01, 0x05, 0x03, 0x07, 0x02, 0x0E, 0x01, 0x0F, 0x01, 0x07, 0x01, 0x06, 0x02, 0x07,
    0x01, 0x05, 0x01, 0x06, 0x01, 0x05, 0x05, 0x06, 0x05, 0x05, 0x01, 0x04, 0x01, 0x03, 0x01, 0x04, 0x07, 0x05, 0x07, 0x06,
    0x02, 0x05, 0x01, 0x06, 0x02, 0x07, 0x01, 0x05, 0x01, 0x04, 0x01, 0x05, 0x01, 0x07, 0x01, 0x06, 0x01, 0x07, 0x01, 0x05,
    0x01, 0x06, 0x01, 0x07, 0x01, 0x05, 0x01, 0x07, 0x02, 0x06, 0x0B, 0x05, 0x02, 0x07, 0x43, 0x00, 0x01, 0x0E, 0x01, 0x10,
    0x02, 0x07, 0x01, 0x06, 0x01, 0x05, 0x01, 0x06, 0x03, 0x07, 0x02, 0x0E, 0x01, 0x10, 0x01, 0x06, 0x02, 0x07, 0x01, 0x05,
    0x02, 0x06, 0x03, 0x05, 0x01, 0x06, 0x05, 0x05, 0x01, 0x04, 0x01, 0x02, 0x01, 0x03, 0x09, 0x05, 0x05, 0x06, 0x01, 0x05,
    0x01, 0x04, 0x01, 0x05, 0x01, 0x06, 0x01, 0x0E, 0x01, 0x07, 0x01, 0x05, 0x01, 0x06, 0x01, 0x07, 0x01, 0x05, 0x02, 0x06,
    0x01, 0x05, 0x02, 0x04, 0x01, 0x05, 0x02, 0x06, 0x01, 0x03, 0x01, 0x02, 0x01, 0x03, 0x01, 0x06, 0x08, 0x05, 0x01, 0x06,
    0x01, 0x07, 0x42, 0x00, 0x01, 0x07, 0x01, 0x10, 0x03, 0x07, 0x01, 0x06, 0x02, 0x05, 0x05, 0x07, 0x01, 0x0F, 0x01, 0x07,
    0x01, 0x06, 0x02, 0x07, 0x01, 0x05, 0x02, 0x06, 0x03, 0x05, 0x01, 0x06, 0x04, 0x05, 0x02, 0x02, 0x01, 0x04, 0x09, 0x05,
    0x05, 0x06, 0x01, 0x04, 0x01, 0x03, 0x01, 0x05, 0x01, 0x04, 0x01, 0x05, 0x01, 0x06, 0x03, 0x03, 0x03, 0x05, 0x01, 0x04,
    0x02, 0x05, 0x03, 0x07, 0x02, 0x05, 0x02, 0x03, 0x01, 0x05, 0x01, 0x06, 0x06, 0x05, 0x01, 0x06, 0x02, 0x07, 0x40, 0x00,
    0x01, 0x07, 0x01, 0x10, 0x05, 0x07, 0x01, 0x06, 0x01, 0x05, 0x06, 0x07, 0x01, 0x10, 0x01, 0x07, 0x01, 0x06, 0x01, 0x07,
    0x01, 0x06, 0x01, 0x05, 0x01, 0x06, 0x02, 0x05, 0x02, 0x06, 0x03, 0x05, 0x02, 0x02, 0x03, 0x04, 0x09, 0x05, 0x04, 0x06,
    0x01, 0x04, 0x01, 0x03, 0x01, 0x05, 0x01, 0x07, 0x01, 0x06, 0x01, 0x05, 0x01, 0x04, 0x02, 0x03, 0x04, 0x07, 0x01, 0x06,
    0x02, 0x07, 0x01, 0x0E, 0x01, 0x07, 0x06, 0x06, 0x05, 0x05, 0x03, 0x06, 0x01, 0x07, 0x40, 0x00, 0x07, 0x07, 0x01, 0x06,
    0x02, 0x05, 0x05, 0x07, 0x01, 0x0E, 0x01, 0x10, 0x01, 0x07, 0x03, 0x06, 0x01, 0x05, 0x01, 0x06, 0x05, 0x05, 0x01, 0x03,
    0x01, 0x02, 0x01, 0x03, 0x02, 0x04, 0x09, 0x05, 0x05, 0x06, 0x01, 0x05, 0x01, 0x04, 0x02, 0x03, 0x02, 0x04, 0x01, 0x06,
    0x01, 0x05, 0x01, 0x04, 0x03, 0x07, 0x01, 0x10, 0x03, 0x07, 0x01, 0x0E, 0x01, 0x0F, 0x03, 0x06, 0x01, 0x05, 0x02, 0x04,
    0x03, 0x06, 0x02, 0x05, 0x03, 0x06, 0x02, 0x07, 0x3E, 0x00, 0x09, 0x07, 0x01, 0x06, 0x01, 0x05, 0x01, 0x06, 0x06, 0x07,
    0x01, 0x10, 0x02, 0x06, 0x01, 0x07, 0x05, 0x05, 0x02, 0x04, 0x01, 0x02, 0x01, 0x03, 0x03, 0x04, 0x09, 0x05, 0x04, 0x06,
    0x03, 0x05, 0x02, 0x04, 0x01, 0x05, 0x03, 0x06, 0x01, 0x04, 0x02, 0x07, 0x01, 0x0E, 0x01, 0x0F, 0x04, 0x07, 0x01, 0x10,
    0x01, 0x07, 0x01, 0x05, 0x02, 0x04, 0x01, 0x06, 0x01, 0x07, 0x09, 0x06, 0x02, 0x07, 0x3D, 0x00, 0x09, 0x07, 0x01, 0x06,
    0x02, 0x05, 0x01, 0x06, 0x06, 0x07, 0x01, 0x0E, 0x03, 0x06, 0x03, 0x05, 0x01, 0x03, 0x01, 0x06, 0x01, 0x05, 0x02, 0x03,
    0x02, 0x04, 0x0A, 0x05, 0x0D, 0x06, 0x01, 0x04, 0x03, 0x07, 0x01, 0x0F, 0x03, 0x07, 0x01, 0x0E, 0x01, 0x10, 0x01, 0x07,
    0x01, 0x04, 0x01, 0x03, 0x01, 0x05, 0x01, 0x07, 0x01, 0x10, 0x09, 0x06, 0x03, 0x07, 0x3C, 0x00, 0x03, 0x07, 0x01, 0x06,
    0x06, 0x07, 0x01, 0x06, 0x02, 0x05, 0x08, 0x07, 0x01, 0x06, 0x02, 0x05, 0x02, 0x04, 0x01, 0x03, 0x01, 0x07, 0x01, 0x05,
    0x01, 0x03, 0x03, 0x04, 0x0A, 0x05, 0x01, 0x06, 0x01, 0x05, 0x0A, 0x06, 0x01, 0x05, 0x01, 0x04, 0x03, 0x07, 0x01, 0x10,
    0x01, 0x07, 0x01, 0x05, 0x03, 0x07, 0x02, 0x06, 0x01, 0x07, 0x01, 0x05, 0x01, 0x04, 0x01, 0x06, 0x01, 0x05, 0x09, 0x06,
    0x06, 0x07, 0x38, 0x00, 0x02, 0x07, 0x02, 0x06, 0x01, 0x07, 0x04, 0x06, 0x01, 0x07, 0x01, 0x06, 0x02, 0x05, 0x01, 0x06,
    0x08, 0x07, 0x01, 0x06, 0x02, 0x04, 0x02, 0x00, 0x01, 0x06, 0x01, 0x05, 0x03, 0x04, 0x0C, 0x05, 0x07, 0x06, 0x01, 0x05,
    0x01, 0x04, 0x01, 0x05, 0x01, 0x06, 0x01, 0x05, 0x01, 0x03, 0x04, 0x07, 0x02, 0x05, 0x02, 0x06, 0x01, 0x07, 0x02, 0x06,
    0x01, 0x04, 0x01, 0x05, 0x01, 0x07, 0x08, 0x06, 0x01, 0x05, 0x01, 0x06, 0x02, 0x07, 0x05, 0x10, 0x01, 0x07, 0x37, 0x00,
    0x02, 0x07, 0x02, 0x06, 0x01, 0x07, 0x04, 0x06, 0x02, 0x07, 0x01, 0x06, 0x02, 0x05, 0x01, 0x06, 0x0A, 0x07, 0x02, 0x00,
    0x01, 0x06, 0x01, 0x05, 0x03, 0x04, 0x0C, 0x05, 0x06, 0x06, 0x01, 0x04, 0x01, 0x05, 0x02, 0x07, 0x02, 0x05, 0x01, 0x03,
    0x01, 0x06, 0x01, 0x07, 0x02, 0x06, 0x01, 0x04, 0x01, 0x07, 0x01, 0x06, 0x01, 0x05, 0x01, 0x06, 0x01, 0x07, 0x01, 0x05,
    0x01, 0x02, 0x01, 0x03, 0x02, 0x04, 0x05, 0x06, 0x01, 0x05, 0x01, 0x06, 0x01, 0x07, 0x01, 0x0E, 0x01, 0x0F, 0x01, 0x0E,
    0x05, 0x0F, 0x01, 0x10, 0x01, 0x07, 0x36, 0x00, 0x02, 0x07, 0x02, 0x06, 0x02, 0x07, 0x02, 0x05, 0x04, 0x07, 0x01, 0x06,
    0x02, 0x05, 0x01, 0x06, 0x01, 0x07, 0x01, 0x06, 0x07, 0x07, 0x01, 0x00, 0x01, 0x07, 0x01, 0x06, 0x01, 0x05, 0x02, 0x04,
    0x0D, 0x05, 0x05, 0x06, 0x01, 0x04, 0x02, 0x05, 0x01, 0x07, 0x01, 0x0F, 0x01, 0x05, 0x02, 0x06, 0x02, 0x05, 0x01, 0x06,
    0x01, 0x05, 0x02, 0x04, 0x01, 0x05, 0x01, 0x06, 0x01, 0x07, 0x02, 0x10, 0x01, 0x07, 0x02, 0x05, 0x06, 0x06, 0x01, 0x07,
    0x01, 0x0E, 0x01, 0x0F, 0x01, 0x07, 0x08, 0x0F, 0x01, 0x10, 0x01, 0x07, 0x36, 0x00, 0x01, 0x07, 0x03, 0x06, 0x01, 0x07,
    0x02, 0x05, 0x04, 0x07, 0x02, 0x06, 0x01, 0x05, 0x01, 0x04, 0x02, 0x07, 0x03, 0x06, 0x02, 0x07, 0x01, 0x06, 0x02, 0x00,
    0x01, 0x07, 0x01, 0x06, 0x0F, 0x05, 0x05, 0x06, 0x01, 0x05, 0x01, 0x03, 0x01, 0x05, 0x01, 0x04, 0x01, 0x05, 0x01, 0x06,
    0x01, 0x05, 0x02, 0x04, 0x03, 0x05, 0x01, 0x06, 0x02, 0x05, 0x01, 0x06, 0x01, 0x0E, 0x01, 0x0F, 0x01, 0x0E, 0x01, 0x0F,
    0x01, 0x10, 0x02, 0x07, 0x03, 0x06, 0x03, 0x07, 0x01, 0x0E, 0x01, 0x0F, 0x02, 0x0E, 0x07, 0x0F, 0x01, 0x0E, 0x01, 0x10,
    0x01, 0x0E, 0x36, 0x00, 0x02, 0x07, 0x02, 0x06, 0x01, 0x07, 0x01, 0x05, 0x01, 0x06, 0x05, 0x07, 0x01, 0x06, 0x03, 0x05,
    0x06, 0x07, 0x03, 0x00, 0x01, 0x07, 0x01, 0x06, 0x10, 0x05, 0x04, 0x06, 0x01, 0x05, 0x01, 0x03, 0x01, 0x05, 0x03, 0x06,
    0x01, 0x05, 0x01, 0x02, 0x01, 0x03, 0x03, 0x07, 0x01, 0x0F, 0x01, 0x07, 0x01, 0x06, 0x03, 0x07, 0x03, 0x0E, 0x01, 0x0F,
    0x01, 0x10, 0x01, 0x0F, 0x02, 0x0E, 0x01, 0x07, 0x04, 0x0E, 0x04, 0x0F, 0x01, 0x0E, 0x01, 0x0F, 0x05, 0x0E, 0x01, 0x0F,
    0x01, 0x07, 0x36, 0x00, 0x02, 0x07, 0x02, 0x06, 0x01, 0x05, 0x03, 0x06, 0x03, 0x07, 0x03, 0x06, 0x02, 0x00, 0x03, 0x07,
    0x05, 0x00, 0x01, 0x07, 0x01, 0x06, 0x0F, 0x05, 0x05, 0x06, 0x01, 0x05, 0x01, 0x04, 0x01, 0x03, 0x01, 0x04, 0x01, 0x05,
    0x01, 0x04, 0x02, 0x05, 0x01, 0x04, 0x03, 0x07, 0x01, 0x0E, 0x01, 0x0F, 0x06, 0x07, 0x01, 0x0E, 0x02, 0x0F, 0x01, 0x0E,
    0x02, 0x0F, 0x01, 0x07, 0x03, 0x0E, 0x03, 0x0F, 0x03, 0x0E, 0x06, 0x07, 0x01, 0x10, 0x01, 0x07, 0x37, 0x00, 0x02, 0x07,
    0x01, 0x06, 0x01, 0x05, 0x04, 0x06, 0x01, 0x07, 0x01, 0x06, 0x01, 0x07, 0x01, 0x06, 0x0B, 0x00, 0x01, 0x07, 0x01, 0x06,
    0x10, 0x05, 0x03, 0x06, 0x03, 0x05, 0x01, 0x04, 0x01, 0x03, 0x01, 0x04, 0x01, 0x05, 0x01, 0x06, 0x01, 0x05, 0x01, 0x06,
    0x04, 0x07, 0x01, 0x10, 0x01, 0x06, 0x01, 0x05, 0x05, 0x07, 0x01, 0x0E, 0x01, 0x07, 0x01, 0x0E, 0x01, 0x0F, 0x04, 0x0E,
    0x02, 0x0F, 0x01, 0x0E, 0x01, 0x07, 0x01, 0x0E, 0x08, 0x07, 0x01, 0x0E, 0x01, 0x07, 0x3B, 0x00, 0x02, 0x07, 0x03, 0x06,
    0x02, 0x07, 0x0C, 0x00, 0x02, 0x06, 0x11, 0x05, 0x02, 0x06, 0x01, 0x05, 0x01, 0x06, 0x03, 0x05, 0x03, 0x06, 0x01, 0x04,
    0x01, 0x06, 0x02, 0x07, 0x01, 0x0F, 0x01, 0x07, 0x01, 0x10, 0x01, 0x06, 0x01, 0x04, 0x08, 0x07, 0x02, 0x0E, 0x01, 0x07,
    0x01, 0x0E, 0x09, 0x07, 0x03, 0x06, 0x01, 0x05, 0x01, 0x06, 0x02, 0x07, 0x3C, 0x00, 0x01, 0x07, 0x02, 0x06, 0x02, 0x07,
    0x0D, 0x00, 0x02, 0x06, 0x11, 0x05, 0x03, 0x06, 0x01, 0x05, 0x05, 0x06, 0x01, 0x05, 0x01, 0x04, 0x03, 0x07, 0x01, 0x0E,
    0x01, 0x07, 0x01, 0x0E, 0x01, 0x06, 0x01, 0x02, 0x01, 0x06, 0x01, 0x07, 0x01, 0x06, 0x08, 0x07, 0x01, 0x0E, 0x07, 0x07,
    0x02, 0x06, 0x06, 0x07, 0x4F, 0x00, 0x01, 0x06, 0x17, 0x05, 0x04, 0x06, 0x01, 0x04, 0x01, 0x06, 0x05, 0x07, 0x01, 0x0E,
    0x01, 0x06, 0x02, 0x04, 0x01, 0x06, 0x01, 0x07, 0x01, 0x06, 0x0D, 0x07, 0x02, 0x06, 0x04, 0x07, 0x01, 0x0E, 0x02, 0x10,
    0x01, 0x07, 0x4E, 0x00, 0x01, 0x07, 0x01, 0x06, 0x15, 0x05, 0x05, 0x06, 0x02, 0x05, 0x05, 0x07, 0x02, 0x0E, 0x01, 0x06,
    0x02, 0x05, 0x01, 0x04, 0x01, 0x06, 0x0B, 0x07, 0x01, 0x06, 0x01, 0x05, 0x01, 0x06, 0x06, 0x07, 0x02, 0x0E, 0x01, 0x10,
    0x01, 0x07, 0x4D, 0x00, 0x02, 0x07, 0x01, 0x06, 0x14, 0x05, 0x01, 0x06, 0x01, 0x05, 0x03, 0x06, 0x02, 0x05, 0x08, 0x07,
    0x02, 0x06, 0x02, 0x05, 0x01, 0x04, 0x01, 0x05, 0x02, 0x06, 0x04, 0x07, 0x02, 0x06, 0x03, 0x05, 0x01, 0x06, 0x08, 0x07,
    0x01, 0x0E, 0x02, 0x0F, 0x01, 0x07, 0x4B, 0x00, 0x02, 0x07, 0x01, 0x06, 0x01, 0x05, 0x01, 0x06, 0x14, 0x05, 0x01, 0x06,
    0x01, 0x05, 0x01, 0x06, 0x02, 0x05, 0x09, 0x07, 0x02, 0x06, 0x04, 0x05, 0x01, 0x04, 0x06, 0x05, 0x02, 0x04, 0x01, 0x06,
    0x0A, 0x07, 0x01, 0x0E, 0x01, 0x0F, 0x01, 0x10, 0x03, 0x07, 0x48, 0x00, 0x04, 0x07, 0x01, 0x06, 0x13, 0x05, 0x01, 0x06,
    0x01, 0x05, 0x01, 0x06, 0x03, 0x05, 0x09, 0x07, 0x05, 0x06, 0x05, 0x05, 0x03, 0x04, 0x01, 0x05, 0x02, 0x06, 0x0F, 0x07,
    0x01, 0x0E, 0x01, 0x10, 0x01, 0x0E, 0x02, 0x07, 0x45, 0x00, 0x01, 0x07, 0x01, 0x0F, 0x04, 0x07, 0x11, 0x05, 0x02, 0x06,
    0x03, 0x05, 0x01, 0x06, 0x0A, 0x07, 0x06, 0x06, 0x07, 0x05, 0x04, 0x06, 0x0B, 0x07, 0x01, 0x06, 0x04, 0x07, 0x01, 0x0E,
    0x01, 0x10, 0x01, 0x0E, 0x02, 0x07, 0x43, 0x00, 0x06, 0x07, 0x01, 0x0E, 0x01, 0x07, 0x01, 0x06, 0x02, 0x05, 0x02, 0x04,
    0x0C, 0x05, 0x01, 0x06, 0x0C, 0x07, 0x08, 0x06, 0x05, 0x05, 0x05, 0x06, 0x07, 0x07, 0x01, 0x06, 0x04, 0x07, 0x01, 0x06,
    0x05, 0x07, 0x01, 0x0F, 0x01, 0x10, 0x01, 0x0E, 0x01, 0x07, 0x42, 0x00, 0x08, 0x07, 0x01, 0x0E, 0x04, 0x07, 0x03, 0x06,
    0x04, 0x05, 0x03, 0x06, 0x03, 0x07, 0x01, 0x0E, 0x0B, 0x07, 0x08, 0x06, 0x05, 0x05, 0x06, 0x06, 0x04, 0x07, 0x02, 0x06,
    0x04, 0x07, 0x01, 0x0E, 0x01, 0x07, 0x01, 0x06, 0x01, 0x07, 0x02, 0x0E, 0x02, 0x07, 0x01, 0x0E, 0x01, 0x10, 0x01, 0x07,
    0x42, 0x00, 0x0B, 0x07, 0x01, 0x0E, 0x02, 0x0F, 0x01, 0x0E, 0x06, 0x07, 0x01, 0x0F, 0x0F, 0x07, 0x09, 0x06, 0x06, 0x05,
    0x06, 0x06, 0x02, 0x07, 0x03, 0x06, 0x05, 0x07, 0x01, 0x0E, 0x02, 0x07, 0x02, 0x0E, 0x04, 0x07, 0x01, 0x10, 0x01, 0x07,
    0x41, 0x00, 0x02, 0x07, 0x01, 0x06, 0x21, 0x07, 0x09, 0x06, 0x07, 0x05, 0x0B, 0x06, 0x04, 0x07, 0x02, 0x0F, 0x01, 0x07,
    0x01, 0x06, 0x06, 0x07, 0x01, 0x0E, 0x01, 0x07, 0x42, 0x00, 0x03, 0x07, 0x01, 0x06, 0x1E, 0x07, 0x09, 0x06, 0x08, 0x05,
    0x0B, 0x06, 0x04, 0x07, 0x01, 0x0E, 0x02, 0x07, 0x01, 0x06, 0x08, 0x07, 0x42, 0x00, 0x02, 0x07, 0x05, 0x06, 0x1A, 0x07,
    0x01, 0x06, 0x01, 0x05, 0x07, 0x06, 0x01, 0x05, 0x02, 0x06, 0x01, 0x05, 0x03, 0x06, 0x02, 0x05, 0x0B, 0x06, 0x07, 0x07,
    0x02, 0x06, 0x01, 0x07, 0x04, 0x06, 0x02, 0x07, 0x43, 0x00, 0x03, 0x07, 0x04, 0x06, 0x18, 0x07, 0x08, 0x06, 0x01, 0x05,
    0x03, 0x06, 0x01, 0x07, 0x02, 0x00, 0x01, 0x07, 0x02, 0x06, 0x02, 0x05, 0x0B, 0x06, 0x05, 0x07, 0x01, 0x06, 0x01, 0x05,
    0x03, 0x06, 0x02, 0x05, 0x01, 0x06, 0x02, 0x07, 0x44, 0x00, 0x04, 0x07, 0x07, 0x06, 0x0C, 0x07, 0x02, 0x06, 0x01, 0x07,
    0x03, 0x06, 0x01, 0x05, 0x06, 0x06, 0x01, 0x05, 0x02, 0x06, 0x02, 0x07, 0x06, 0x00, 0x02, 0x06, 0x01, 0x05, 0x0C, 0x06,
    0x01, 0x07, 0x04, 0x06, 0x02, 0x05, 0x01, 0x06, 0x01, 0x05, 0x04, 0x06, 0x47, 0x00, 0x05, 0x07, 0x09, 0x06, 0x04, 0x07,
    0x07, 0x06, 0x02, 0x05, 0x09, 0x06, 0x01, 0x07, 0x09, 0x00, 0x1A, 0x06, 0x01, 0x07, 0x49, 0x00, 0x02, 0x07, 0x03, 0x06,
    0x01, 0x07, 0x0E, 0x06, 0x03, 0x05, 0x05, 0x06, 0x01, 0x05, 0x03, 0x06, 0x01, 0x07, 0x0C, 0x00, 0x18, 0x06, 0x01, 0x07,
    0x4D, 0x00, 0x0C, 0x06, 0x07, 0x05, 0x03, 0x06, 0x03, 0x05, 0x02, 0x06, 0x0F, 0x00, 0x02, 0x06, 0x01, 0x05, 0x13, 0x06,
    0x02, 0x07, 0x4E, 0x00, 0x02, 0x06, 0x0E, 0x05, 0x07, 0x06, 0x01, 0x05, 0x02, 0x06, 0x11, 0x00, 0x15, 0x06, 0x01, 0x07,
    0x4F, 0x00, 0x01, 0x07, 0x01, 0x06, 0x01, 0x05, 0x02, 0x06, 0x05, 0x05, 0x10, 0x06, 0x11, 0x00, 0x01, 0x07, 0x13, 0x06,
    0x01, 0x07, 0x50, 0x00, 0x02, 0x07, 0x17, 0x06, 0x13, 0x00, 0x12, 0x06, 0x01, 0x07, 0x51, 0x00, 0x02, 0x07, 0x16, 0x06,
    0x01, 0x07, 0x13, 0x00, 0x10, 0x06, 0x01, 0x07, 0x54, 0x00, 0x01, 0x07, 0x0F, 0x06, 0x04, 0x07, 0x02, 0x06, 0x02, 0x07,
    0x14, 0x00, 0x0E, 0x06, 0x01, 0x07, 0x55, 0x00, 0x01, 0x07, 0x0D, 0x06, 0x06, 0x07, 0x02, 0x06, 0x02, 0x07, 0x14, 0x00,
    0x02, 0x07, 0x01, 0x06, 0x01, 0x05, 0x08, 0x06, 0x01, 0x07, 0x57, 0x00, 0x02, 0x07, 0x0B, 0x06, 0x07, 0x07, 0x02, 0x06,
    0x02, 0x07, 0x15, 0x00, 0x01, 0x07, 0x08, 0x06, 0x02, 0x07, 0x58, 0x00, 0x02, 0x07, 0x0B, 0x06, 0x07, 0x07, 0x02, 0x06,
    0x02, 0x07, 0x17, 0x00, 0x01, 0x07, 0x02, 0x06, 0x03, 0x07, 0x5B, 0x00, 0x02, 0x07, 0x0B, 0x06, 0x08, 0x07, 0x01, 0x06,
    0x02, 0x07, 0x78, 0x00, 0x02, 0x07, 0x0B, 0x06, 0x08, 0x07, 0x01, 0x06, 0x02, 0x07, 0x79, 0x00, 0x01, 0x07, 0x0B, 0x06,
    0x08, 0x07, 0x01, 0x06, 0x02, 0x07, 0x79, 0x00, 0x01, 0x07, 0x0B, 0x06, 0x08, 0x07, 0x01, 0x06, 0x01, 0x07, 0x7A, 0x00,
    0x01, 0x07, 0x0C, 0x06, 0x09, 0x07, 0x7A, 0x00, 0x02, 0x07, 0x0B, 0x06, 0x09, 0x07, 0x7A, 0x00, 0x02, 0x07, 0x01, 0x05,
    0x0C, 0x06, 0x07, 0x07, 0x7A, 0x00, 0x02, 0x07, 0x05, 0x06, 0x10, 0x07, 0x79, 0x00, 0x17, 0x07, 0x78, 0x00, 0x18, 0x07,
    0x78, 0x00, 0x14, 0x07, 0x01, 0x0E, 0x03, 0x07, 0x78, 0x00, 0x13, 0x07, 0x01, 0x0E, 0x04, 0x07, 0x77, 0x00, 0x03, 0x07,
    0x01, 0x06, 0x02, 0x07, 0x01, 0x06, 0x08, 0x07, 0x01, 0x06, 0x09, 0x07, 0x77, 0x00, 0x02, 0x07, 0x02, 0x06, 0x02, 0x07,
    0x01, 0x06, 0x05, 0x07, 0x01, 0x0F, 0x04, 0x07, 0x01, 0x0E, 0x07, 0x07, 0x77, 0x00, 0x02, 0x07, 0x02, 0x06, 0x01, 0x07,
    0x02, 0x06, 0x07, 0x07, 0x02, 0x06, 0x09, 0x07, 0x78, 0x00, 0x01, 0x07, 0x02, 0x06, 0x01, 0x07, 0x04, 0x06, 0x05, 0x07,
    0x02, 0x06, 0x08, 0x07, 0x79, 0x00, 0x02, 0x07, 0x01, 0x06, 0x01, 0x07, 0x01, 0x06, 0x01, 0x05, 0x04, 0x06, 0x03, 0x07,
    0x02, 0x06, 0x07, 0x07, 0x01, 0x06, 0x7A, 0x00, 0x01, 0x07, 0x03, 0x06, 0x01, 0x05, 0x01, 0x07, 0x02, 0x06, 0x04, 0x07,
    0x02, 0x06, 0x06, 0x07, 0x7E, 0x00, 0x01, 0x06, 0x01, 0x05, 0x01, 0x04, 0x06, 0x06, 0x01, 0x07, 0x01, 0x04, 0x01, 0x06,
    0x01, 0x07, 0x02, 0x06, 0x01, 0x07, 0x01, 0x06, 0xFF, 0x00, 0xFF, 0x00, 0xFF, 0x00, 0xFF, 0x00, 0xFF, 0x00, 0xFF, 0x00,
    0xFF, 0x00, 0x01, 0x00,
};

static const uint8_t momo_sprite_4[] = {
    0xFF, 0x00, 0x87, 0x00, 0x05, 0x07, 0x89, 0x00, 0x06, 0x07, 0x01, 0x0F, 0x01, 0x07, 0x86, 0x00, 0x02, 0x07, 0x01, 0x0E,
    0x06, 0x07, 0x01, 0x0E, 0x01, 0x07, 0x84, 0x00, 0x0C, 0x07, 0x83, 0x00, 0x01, 0x07, 0x01, 0x0E, 0x07, 0x07, 0x02, 0x06,
    0x03, 0x07, 0x80, 0x00, 0x07, 0x07, 0x01, 0x0E, 0x02, 0x07, 0x01, 0x06, 0x01, 0x05, 0x02, 0x06, 0x02, 0x07, 0x7F, 0x00,
    0x07, 0x07, 0x01, 0x0E, 0x03, 0x07, 0x02, 0x05, 0x02, 0x06, 0x03, 0x07, 0x7D, 0x00, 0x0B, 0x07, 0x03, 0x04, 0x01, 0x05,
    0x01, 0x06, 0x03, 0x07, 0x7C, 0x00, 0x08, 0x07, 0x01, 0x0E, 0x02, 0x07, 0x01, 0x05, 0x01, 0x04, 0x01, 0x06, 0x02, 0x05,
    0x01, 0x06, 0x03, 0x07, 0x7B, 0x00, 0x08, 0x07, 0x01, 0x0E, 0x03, 0x07, 0x01, 0x04, 0x01, 0x05, 0x02, 0x06, 0x01, 0x05,
    0x02, 0x06, 0x03, 0x07, 0x7A, 0x00, 0x08, 0x07, 0x01, 0x0F, 0x02, 0x07, 0x01, 0x05, 0x01, 0x04, 0x02, 0x05, 0x01, 0x06,
    0x02, 0x05, 0x01, 0x06, 0x03, 0x07, 0x79, 0x00, 0x08, 0x07, 0x01, 0x0E, 0x03, 0x07, 0x02, 0x05, 0x03, 0x06, 0x02, 0x05,
    0x01, 0x06, 0x03, 0x07, 0x78, 0x00, 0x09, 0x07, 0x01, 0x0F, 0x02, 0x07, 0x01, 0x06, 0x01, 0x05, 0x05, 0x06, 0x01, 0x05,
    0x01, 0x06, 0x04, 0x07, 0x4D, 0x00, 0x09, 0x07, 0x20, 0x00, 0x09, 0x07, 0x01, 0x0E, 0x03, 0x07, 0x02, 0x05, 0x05, 0x06,
    0x02, 0x05, 0x01, 0x06, 0x03, 0x07, 0x4B, 0x00, 0x04, 0x07, 0x03, 0x0E, 0x03, 0x0F, 0x04, 0x07, 0x1B, 0x00, 0x04, 0x07,
    0x01, 0x06, 0x06, 0x07, 0x01, 0x0F, 0x03, 0x07, 0x02, 0x05, 0x05, 0x06, 0x02, 0x05, 0x01, 0x06, 0x03, 0x07, 0x4A, 0x00,
    0x0D, 0x07, 0x01, 0x0F, 0x01, 0x10, 0x01, 0x07, 0x01, 0x0E, 0x01, 0x07, 0x12, 0x00, 0x05, 0x07, 0x03, 0x0E, 0x01, 0x10,
    0x01, 0x0E, 0x01, 0x0F, 0x01, 0x0E, 0x09, 0x07, 0x01, 0x05, 0x07, 0x06, 0x01, 0x05, 0x05, 0x07, 0x48, 0x00, 0x02, 0x07,
    0x01, 0x06, 0x02, 0x07, 0x03, 0x06, 0x09, 0x07, 0x02, 0x10, 0x01, 0x0E, 0x01, 0x07, 0x0C, 0x00, 0x02, 0x07, 0x02, 0x0E,
    0x04, 0x10, 0x01, 0x0F, 0x05, 0x07, 0x02, 0x0E, 0x02, 0x0F, 0x01, 0x0E, 0x06, 0x07, 0x03, 0x05, 0x05, 0x06, 0x01, 0x05,
    0x01, 0x06, 0x04, 0x07, 0x48, 0x00, 0x02, 0x07, 0x09, 0x06, 0x08, 0x07, 0x01, 0x0E, 0x01, 0x10, 0x01, 0x0E, 0x01, 0x07,
    0x08, 0x00, 0x02, 0x07, 0x01, 0x0E, 0x01, 0x10, 0x01, 0x0F, 0x18, 0x07, 0x01, 0x06, 0x02, 0x05, 0x03, 0x06, 0x01, 0x05,
    0x01, 0x06, 0x04, 0x07, 0x48, 0x00, 0x01, 0x07, 0x01, 0x06, 0x02, 0x07, 0x01, 0x06, 0x01, 0x05, 0x07, 0x06, 0x08, 0x07,
    0x01, 0x0E, 0x01, 0x10, 0x01, 0x0E, 0x01, 0x07, 0x04, 0x00, 0x02, 0x07, 0x01, 0x10, 0x01, 0x0F, 0x18, 0x07, 0x04, 0x0E,
    0x01, 0x07, 0x01, 0x06, 0x02, 0x05, 0x01, 0x06, 0x01, 0x05, 0x01, 0x06, 0x04, 0x07, 0x47, 0x00, 0x02, 0x07, 0x01, 0x06,
    0x02, 0x07, 0x01, 0x06, 0x01, 0x05, 0x01, 0x04, 0x01, 0x03, 0x01, 0x04, 0x01, 0x05, 0x04, 0x06, 0x09, 0x07, 0x01, 0x0F,
    0x01, 0x10, 0x03, 0x07, 0x01, 0x0E, 0x01, 0x10, 0x1B, 0x07, 0x03, 0x0E, 0x01, 0x0F, 0x02, 0x10, 0x01, 0x07, 0x01, 0x06,
    0x01, 0x05, 0x01, 0x04, 0x05, 0x07, 0x47, 0x00, 0x02, 0x07, 0x01, 0x06, 0x03, 0x07, 0x01, 0x04, 0x05, 0x03, 0x01, 0x05,
    0x04, 0x06, 0x09, 0x07, 0x01, 0x10, 0x01, 0x07, 0x01, 0x10, 0x1F, 0x07, 0x01, 0x0E, 0x03, 0x0F, 0x02, 0x10, 0x01, 0x07,
    0x01, 0x05, 0x05, 0x07, 0x47, 0x00, 0x02, 0x07, 0x01, 0x06, 0x02, 0x07, 0x01, 0x06, 0x01, 0x04, 0x01, 0x05, 0x03, 0x04,
    0x02, 0x03, 0x01, 0x04, 0x04, 0x06, 0x2C, 0x07, 0x02, 0x0E, 0x02, 0x0F, 0x02, 0x10, 0x06, 0x07, 0x46, 0x00, 0x02, 0x07,
    0x01, 0x06, 0x02, 0x07, 0x01, 0x06, 0x01, 0x04, 0x02, 0x05, 0x03, 0x04, 0x03, 0x03, 0x04, 0x06, 0x2D, 0x07, 0x02, 0x0E,
    0x02, 0x0F, 0x01, 0x10, 0x01, 0x0F, 0x04, 0x07, 0x46, 0x00, 0x01, 0x07, 0x02, 0x06, 0x02, 0x07, 0x01, 0x06, 0x01, 0x04,
    0x03, 0x05, 0x04, 0x04, 0x02, 0x03, 0x01, 0x05, 0x03, 0x06, 0x2E, 0x07, 0x01, 0x0E, 0x02, 0x0F, 0x02, 0x10, 0x03, 0x07,
    0x46, 0x00, 0x01, 0x07, 0x02, 0x06, 0x02, 0x07, 0x01, 0x06, 0x01, 0x04, 0x05, 0x05, 0x03, 0x04, 0x02, 0x03, 0x02, 0x06,
    0x01, 0x05, 0x01, 0x06, 0x2E, 0x07, 0x02, 0x0E, 0x01, 0x0F, 0x02, 0x10, 0x01, 0x0E, 0x01, 0x07, 0x46, 0x00, 0x01, 0x07,
    0x01, 0x06, 0x03, 0x07, 0x01, 0x06, 0x01, 0x04, 0x06, 0x05, 0x03, 0x04, 0x02, 0x03, 0x02, 0x06, 0x31, 0x07, 0x01, 0x0E,
    0x02, 0x0F, 0x01, 0x10, 0x01, 0x07, 0x46, 0x00, 0x01, 0x07, 0x02, 0x06, 0x03, 0x07, 0x01, 0x04, 0x07, 0x05, 0x02, 0x04,
    0x02, 0x03, 0x01, 0x06, 0x34, 0x07, 0x02, 0x0E, 0x01, 0x10, 0x02, 0x07, 0x44, 0x00, 0x01, 0x07, 0x02, 0x06, 0x03, 0x07,
    0x01, 0x04, 0x07, 0x05, 0x02, 0x04, 0x01, 0x05, 0x36, 0x07, 0x01, 0x0E, 0x05, 0x10, 0x43, 0x00, 0x01, 0x07, 0x02, 0x06,
    0x03, 0x07, 0x08, 0x05, 0x01, 0x04, 0x01, 0x05, 0x01, 0x07, 0x02, 0x06, 0x31, 0x07, 0x01, 0x0E, 0x04, 0x07, 0x01, 0x06,
    0x01, 0x05, 0x01, 0x06, 0x01, 0x05, 0x01, 0x04, 0x01, 0x05, 0x02, 0x06, 0x3F, 0x00, 0x01, 0x07, 0x02, 0x06, 0x03, 0x07,
    0x02, 0x05, 0x01, 0x06, 0x04, 0x05, 0x01, 0x04, 0x01, 0x06, 0x01, 0x07, 0x03, 0x06, 0x1D, 0x07, 0x08, 0x0E, 0x08, 0x07,
    0x01, 0x0F, 0x02, 0x07, 0x01, 0x06, 0x01, 0x05, 0x01, 0x04, 0x03, 0x03, 0x03, 0x02, 0x05, 0x03, 0x01, 0x04, 0x01, 0x05,
    0x01, 0x07, 0x3C, 0x00, 0x01, 0x07, 0x02, 0x06, 0x03, 0x07, 0x01, 0x06, 0x01, 0x04, 0x04, 0x05, 0x01, 0x04, 0x01, 0x06,
    0x01, 0x07, 0x03, 0x06, 0x1C, 0x07, 0x05, 0x0E, 0x01, 0x0F, 0x05, 0x0E, 0x04, 0x07, 0x01, 0x0F, 0x02, 0x07, 0x01, 0x05,
    0x01, 0x04, 0x01, 0x03, 0x02, 0x04, 0x03, 0x03, 0x06, 0x02, 0x02, 0x03, 0x02, 0x02, 0x02, 0x03, 0x01, 0x06, 0x3B, 0x00,
    0x02, 0x07, 0x01, 0x06, 0x04, 0x07, 0x02, 0x05, 0x01, 0x06, 0x02, 0x05, 0x01, 0x06, 0x01, 0x07, 0x03, 0x06, 0x1D, 0x07,
    0x02, 0x0E, 0x04, 0x0F, 0x05, 0x0E, 0x02, 0x07, 0x01, 0x10, 0x01, 0x07, 0x01, 0x05, 0x02, 0x03, 0x03, 0x04, 0x01, 0x03,
    0x06, 0x02, 0x02, 0x03, 0x04, 0x02, 0x03, 0x03, 0x01, 0x02, 0x01, 0x03, 0x01, 0x07, 0x3A, 0x00, 0x02, 0x07, 0x02, 0x06,
    0x03, 0x07, 0x01, 0x06, 0x01, 0x05, 0x01, 0x06, 0x02, 0x05, 0x01, 0x07, 0x02, 0x06, 0x1E, 0x07, 0x03, 0x0E, 0x03, 0x0F,
    0x01, 0x0E, 0x02, 0x0F, 0x02, 0x0E, 0x03, 0x07, 0x01, 0x05, 0x01, 0x02, 0x01, 0x03, 0x01, 0x05, 0x01, 0x04, 0x04, 0x02,
    0x01, 0x03, 0x01, 0x05, 0x01, 0x06, 0x07, 0x07, 0x01, 0x06, 0x02, 0x02, 0x03, 0x03, 0x01, 0x02, 0x01, 0x04, 0x3A, 0x00,
    0x02, 0x07, 0x02, 0x06, 0x04, 0x07, 0x02, 0x04, 0x01, 0x05, 0x01, 0x06, 0x01, 0x07, 0x01, 0x06, 0x20, 0x07, 0x01, 0x0E,
    0x01, 0x0F, 0x07, 0x0E, 0x03, 0x07, 0x01, 0x03, 0x01, 0x02, 0x01, 0x05, 0x01, 0x04, 0x03, 0x02, 0x01, 0x04, 0x01, 0x06,
    0x04, 0x07, 0x03, 0x06, 0x04, 0x07, 0x01, 0x10, 0x01, 0x07, 0x02, 0x02, 0x02, 0x03, 0x01, 0x02, 0x01, 0x03, 0x3A, 0x00,
    0x02, 0x07, 0x02, 0x06, 0x04, 0x07, 0x01, 0x06, 0x01, 0x05, 0x03, 0x06, 0x21, 0x07, 0x06, 0x0E, 0x05, 0x07, 0x01, 0x02,
    0x01, 0x03, 0x01, 0x05, 0x02, 0x02, 0x01, 0x03, 0x01, 0x05, 0x01, 0x06, 0x01, 0x07, 0x01, 0x06, 0x08, 0x05, 0x02, 0x06,
    0x02, 0x07, 0x01, 0x10, 0x01, 0x05, 0x01, 0x02, 0x02, 0x03, 0x02, 0x02, 0x3B, 0x00, 0x01, 0x07, 0x03, 0x06, 0x05, 0x07,
    0x02, 0x06, 0x2C, 0x07, 0x01, 0x03, 0x01, 0x02, 0x01, 0x04, 0x02, 0x02, 0x01, 0x05, 0x03, 0x06, 0x01, 0x05, 0x01, 0x06,
    0x01, 0x07, 0x07, 0x06, 0x02, 0x05, 0x01, 0x06, 0x03, 0x07, 0x02, 0x02, 0x02, 0x03, 0x01, 0x02, 0x01, 0x05, 0x3A, 0x00,
    0x01, 0x07, 0x03, 0x06, 0x04, 0x07, 0x01, 0x06, 0x2D, 0x07, 0x01, 0x05, 0x01, 0x02, 0x01, 0x04, 0x02, 0x02, 0x06, 0x06,
    0x01, 0x07, 0x01, 0x10, 0x01, 0x07, 0x01, 0x06, 0x01, 0x07, 0x01, 0x06, 0x01, 0x07, 0x03, 0x06, 0x02, 0x05, 0x02, 0x06,
    0x01, 0x07, 0x01, 0x05, 0x01, 0x02, 0x01, 0x03, 0x02, 0x02, 0x3B, 0x00, 0x02, 0x07, 0x02, 0x06, 0x03, 0x07, 0x02, 0x06,
    0x14, 0x07, 0x01, 0x06, 0x01, 0x05, 0x01, 0x04, 0x06, 0x03, 0x03, 0x04, 0x01, 0x05, 0x0C, 0x07, 0x01, 0x03, 0x01, 0x02,
    0x01, 0x04, 0x01, 0x02, 0x01, 0x06, 0x01, 0x07, 0x01, 0x06, 0x05, 0x07, 0x01, 0x0F, 0x07, 0x07, 0x02, 0x06, 0x02, 0x05,
    0x01, 0x06, 0x02, 0x07, 0x03, 0x02, 0x01, 0x04, 0x3B, 0x00, 0x02, 0x07, 0x02, 0x06, 0x02, 0x07, 0x02, 0x06, 0x11, 0x07,
    0x01, 0x06, 0x01, 0x05, 0x01, 0x03, 0x02, 0x02, 0x09, 0x03, 0x01, 0x04, 0x02, 0x03, 0x01, 0x04, 0x01, 0x05, 0x09, 0x07,
    0x01, 0x05, 0x01, 0x02, 0x03, 0x03, 0x08, 0x07, 0x01, 0x0F, 0x01, 0x10, 0x07, 0x07, 0x02, 0x06, 0x01, 0x05, 0x01, 0x06,
    0x02, 0x07, 0x02, 0x02, 0x01, 0x03, 0x01, 0x05, 0x3C, 0x00, 0x01, 0x07, 0x05, 0x06, 0x0A, 0x07, 0x01, 0x06, 0x04, 0x07,
    0x01, 0x06, 0x01, 0x04, 0x03, 0x02, 0x03, 0x03, 0x0C, 0x02, 0x02, 0x03, 0x01, 0x04, 0x07, 0x07, 0x01, 0x06, 0x01, 0x04,
    0x01, 0x02, 0x01, 0x03, 0x01, 0x02, 0x01, 0x05, 0x08, 0x07, 0x02, 0x10, 0x01, 0x0F, 0x06, 0x07, 0x02, 0x06, 0x02, 0x05,
    0x01, 0x06, 0x01, 0x07, 0x02, 0x02, 0x01, 0x03, 0x01, 0x07, 0x3C, 0x00, 0x02, 0x07, 0x03, 0x06, 0x08, 0x07, 0x02, 0x06,
    0x03, 0x07, 0x01, 0x06, 0x01, 0x04, 0x03, 0x02, 0x01, 0x03, 0x06, 0x02, 0x01, 0x03, 0x01, 0x04, 0x03, 0x05, 0x02, 0x06,
    0x01, 0x05, 0x01, 0x04, 0x01, 0x03, 0x02, 0x02, 0x01, 0x04, 0x01, 0x02, 0x01, 0x05, 0x03, 0x07, 0x01, 0x06, 0x02, 0x05,
    0x02, 0x03, 0x02, 0x04, 0x01, 0x02, 0x01, 0x06, 0x08, 0x07, 0x01, 0x10, 0x01, 0x0F, 0x01, 0x10, 0x01, 0x0E, 0x06, 0x07,
    0x02, 0x06, 0x01, 0x05, 0x01, 0x06, 0x01, 0x07, 0x01, 0x03, 0x02, 0x02, 0x01, 0x07, 0x01, 0x10, 0x3B, 0x00, 0x02, 0x07,
    0x02, 0x05, 0x08, 0x07, 0x01, 0x06, 0x03, 0x07, 0x01, 0x05, 0x03, 0x02, 0x01, 0x03, 0x05, 0x02, 0x01, 0x04, 0x01, 0x05,
    0x04, 0x06, 0x06, 0x05, 0x02, 0x06, 0x01, 0x05, 0x02, 0x02, 0x02, 0x03, 0x01, 0x06, 0x01, 0x04, 0x02, 0x02, 0x01, 0x03,
    0x02, 0x04, 0x02, 0x03, 0x01, 0x04, 0x01, 0x02, 0x01, 0x05, 0x08, 0x07, 0x04, 0x10, 0x01, 0x0F, 0x06, 0x07, 0x01, 0x06,
    0x01, 0x05, 0x01, 0x06, 0x01, 0x07, 0x01, 0x04, 0x02, 0x02, 0x01, 0x07, 0x01, 0x10, 0x3C, 0x00, 0x01, 0x07, 0x01, 0x06,
    0x08, 0x07, 0x01, 0x06, 0x02, 0x07, 0x01, 0x06, 0x03, 0x02, 0x01, 0x03, 0x03, 0x02, 0x01, 0x03, 0x01, 0x05, 0x01, 0x06,
    0x01, 0x07, 0x02, 0x06, 0x0A, 0x05, 0x02, 0x04, 0x01, 0x06, 0x01, 0x04, 0x01, 0x02, 0x03, 0x03, 0x02, 0x02, 0x03, 0x03,
    0x01, 0x04, 0x01, 0x03, 0x01, 0x02, 0x01, 0x03, 0x01, 0x02, 0x01, 0x05, 0x07, 0x07, 0x01, 0x0F, 0x03, 0x10, 0x01, 0x0F,
    0x02, 0x10, 0x01, 0x0E, 0x04, 0x07, 0x01, 0x06, 0x01, 0x05, 0x01, 0x06, 0x01, 0x07, 0x01, 0x04, 0x02, 0x02, 0x01, 0x07,
    0x01, 0x10, 0x01, 0x07, 0x3B, 0x00, 0x09, 0x07, 0x01, 0x06, 0x02, 0x07, 0x01, 0x04, 0x03, 0x02, 0x01, 0x03, 0x02, 0x02,
    0x01, 0x03, 0x01, 0x06, 0x02, 0x07, 0x01, 0x06, 0x04, 0x05, 0x01, 0x07, 0x08, 0x06, 0x03, 0x05, 0x01, 0x06, 0x02, 0x02,
    0x02, 0x03, 0x02, 0x02, 0x05, 0x03, 0x01, 0x02, 0x01, 0x03, 0x01, 0x02, 0x01, 0x03, 0x07, 0x07, 0x0A, 0x10, 0x01, 0x0F,
    0x01, 0x07, 0x03, 0x06, 0x01, 0x07, 0x01, 0x04, 0x02, 0x02, 0x01, 0x06, 0x01, 0x10, 0x01, 0x07, 0x3C, 0x00, 0x07, 0x07,
    0x01, 0x06, 0x02, 0x07, 0x01, 0x03, 0x02, 0x02, 0x01, 0x03, 0x02, 0x02, 0x01, 0x03, 0x01, 0x06, 0x01, 0x07, 0x01, 0x06,
    0x04, 0x05, 0x03, 0x06, 0x01, 0x0F, 0x01, 0x07, 0x04, 0x06, 0x01, 0x07, 0x04, 0x06, 0x02, 0x05, 0x01, 0x04, 0x01, 0x02,
    0x02, 0x03, 0x08, 0x02, 0x02, 0x03, 0x01, 0x02, 0x06, 0x07, 0x0A, 0x10, 0x04, 0x07, 0x02, 0x06, 0x01, 0x07, 0x01, 0x04,
    0x02, 0x02, 0x01, 0x07, 0x01, 0x10, 0x01, 0x07, 0x3B, 0x00, 0x07, 0x07, 0x02, 0x06, 0x01, 0x07, 0x01, 0x04, 0x01, 0x02,
    0x03, 0x03, 0x01, 0x02, 0x01, 0x03, 0x02, 0x07, 0x03, 0x05, 0x06, 0x06, 0x01, 0x0F, 0x01, 0x0E, 0x08, 0x07, 0x01, 0x06,
    0x02, 0x05, 0x01, 0x04, 0x01, 0x02, 0x02, 0x03, 0x03, 0x02, 0x01, 0x03, 0x02, 0x04, 0x02, 0x03, 0x01, 0x02, 0x01, 0x03,
    0x01, 0x02, 0x04, 0x07, 0x01, 0x0E, 0x01, 0x10, 0x01, 0x0F, 0x08, 0x10, 0x05, 0x07, 0x01, 0x06, 0x01, 0x05, 0x01, 0x07,
    0x01, 0x04, 0x02, 0x02, 0x01, 0x07, 0x02, 0x10, 0x01, 0x07, 0x3A, 0x00, 0x01, 0x07, 0x01, 0x0F, 0x05, 0x07, 0x01, 0x06,
    0x01, 0x07, 0x01, 0x06, 0x02, 0x02, 0x02, 0x03, 0x02, 0x02, 0x01, 0x07, 0x0A, 0x06, 0x01, 0x07, 0x01, 0x0F, 0x01, 0x10,
    0x01, 0x07, 0x01, 0x06, 0x07, 0x07, 0x01, 0x06, 0x02, 0x05, 0x02, 0x02, 0x01, 0x03, 0x01, 0x02, 0x01, 0x04, 0x04, 0x05,
    0x02, 0x04, 0x03, 0x02, 0x01, 0x04, 0x02, 0x07, 0x0B, 0x10, 0x06, 0x07, 0x01, 0x06, 0x01, 0x05, 0x01, 0x07, 0x01, 0x03,
    0x02, 0x02, 0x01, 0x07, 0x02, 0x10, 0x01, 0x07, 0x3A, 0x00, 0x06, 0x07, 0x02, 0x06, 0x01, 0x07, 0x01, 0x04, 0x01, 0x02,
    0x03, 0x03, 0x01, 0x02, 0x01, 0x04, 0x01, 0x07, 0x0A, 0x06, 0x01, 0x07, 0x03, 0x10, 0x09, 0x07, 0x01, 0x06, 0x01, 0x05,
    0x01, 0x03, 0x01, 0x02, 0x01, 0x03, 0x01, 0x02, 0x05, 0x06, 0x01, 0x05, 0x01, 0x04, 0x01, 0x03, 0x01, 0x02, 0x01, 0x03,
    0x01, 0x02, 0x06, 0x07, 0x01, 0x0F, 0x05, 0x10, 0x01, 0x0F, 0x06, 0x07, 0x01, 0x06, 0x01, 0x05, 0x01, 0x07, 0x03, 0x02,
    0x02, 0x07, 0x01, 0x0F, 0x01, 0x07, 0x39, 0x00, 0x07, 0x07, 0x02, 0x06, 0x01, 0x07, 0x01, 0x03, 0x01, 0x02, 0x03, 0x03,
    0x01, 0x02, 0x01, 0x05, 0x08, 0x06, 0x02, 0x07, 0x01, 0x06, 0x01, 0x07, 0x01, 0x10, 0x01, 0x0F, 0x02, 0x10, 0x08, 0x07,
    0x01, 0x06, 0x01, 0x05, 0x01, 0x03, 0x01, 0x02, 0x02, 0x03, 0x06, 0x07, 0x01, 0x05, 0x01, 0x04, 0x03, 0x02, 0x01, 0x05,
    0x07, 0x07, 0x04, 0x10, 0x07, 0x07, 0x03, 0x06, 0x03, 0x02, 0x03, 0x07, 0x01, 0x0F, 0x01, 0x07, 0x38, 0x00, 0x01, 0x07,
    0x01, 0x0E, 0x04, 0x07, 0x03, 0x06, 0x01, 0x07, 0x01, 0x03, 0x01, 0x02, 0x02, 0x03, 0x02, 0x02, 0x09, 0x06, 0x02, 0x07,
    0x01, 0x06, 0x01, 0x07, 0x05, 0x10, 0x07, 0x07, 0x01, 0x06, 0x01, 0x05, 0x01, 0x03, 0x02, 0x02, 0x01, 0x03, 0x06, 0x07,
    0x01, 0x06, 0x01, 0x04, 0x01, 0x03, 0x03, 0x02, 0x08, 0x07, 0x03, 0x10, 0x07, 0x07, 0x02, 0x06, 0x01, 0x04, 0x02, 0x02,
    0x01, 0x04, 0x01, 0x0F, 0x02, 0x07, 0x01, 0x10, 0x01, 0x07, 0x38, 0x00, 0x05, 0x07, 0x04, 0x06, 0x01, 0x07, 0x01, 0x04,
    0x01, 0x02, 0x02, 0x03, 0x02, 0x02, 0x01, 0x06, 0x01, 0x07, 0x06, 0x06, 0x02, 0x07, 0x01, 0x06, 0x01, 0x07, 0x08, 0x10,
    0x01, 0x0F, 0x04, 0x07, 0x02, 0x06, 0x01, 0x04, 0x02, 0x02, 0x01, 0x03, 0x07, 0x07, 0x01, 0x05, 0x01, 0x04, 0x03, 0x02,
    0x01, 0x04, 0x08, 0x07, 0x01, 0x10, 0x01, 0x0F, 0x08, 0x07, 0x01, 0x06, 0x01, 0x02, 0x01, 0x04, 0x01, 0x02, 0x04, 0x07,
    0x01, 0x10, 0x01, 0x07, 0x37, 0x00, 0x06, 0x07, 0x04, 0x06, 0x01, 0x07, 0x01, 0x05, 0x02, 0x02, 0x02, 0x03, 0x01, 0x02,
    0x01, 0x05, 0x01, 0x07, 0x05, 0x06, 0x04, 0x07, 0x01, 0x0F, 0x0B, 0x10, 0x01, 0x0E, 0x01, 0x07, 0x02, 0x06, 0x01, 0x04,
    0x02, 0x02, 0x01, 0x04, 0x07, 0x07, 0x01, 0x06, 0x01, 0x05, 0x01, 0x03, 0x03, 0x02, 0x08, 0x07, 0x02, 0x0F, 0x08, 0x07,
    0x01, 0x03, 0x01, 0x04, 0x01, 0x02, 0x01, 0x03, 0x04, 0x07, 0x01, 0x10, 0x01, 0x07, 0x37, 0x00, 0x01, 0x07, 0x01, 0x0E,
    0x04, 0x07, 0x07, 0x06, 0x01, 0x03, 0x03, 0x02, 0x01, 0x04, 0x01, 0x07, 0x05, 0x06, 0x01, 0x07, 0x01, 0x06, 0x01, 0x07,
    0x01, 0x0E, 0x0A, 0x10, 0x01, 0x0F, 0x04, 0x07, 0x01, 0x06, 0x01, 0x03, 0x02, 0x02, 0x01, 0x04, 0x08, 0x07, 0x01, 0x06,
    0x01, 0x04, 0x04, 0x02, 0x08, 0x07, 0x01, 0x0F, 0x06, 0x07, 0x01, 0x06, 0x01, 0x03, 0x01, 0x04, 0x02, 0x02, 0x05, 0x07,
    0x01, 0x0F, 0x01, 0x07, 0x37, 0x00, 0x05, 0x07, 0x07, 0x06, 0x02, 0x07, 0x03, 0x02, 0x01, 0x03, 0x01, 0x07, 0x06, 0x06,
    0x01, 0x07, 0x01, 0x0F, 0x01, 0x10, 0x01, 0x0F, 0x06, 0x10, 0x01, 0x0F, 0x01, 0x10, 0x01, 0x0F, 0x05, 0x07, 0x01, 0x06,
    0x01, 0x03, 0x02, 0x02, 0x01, 0x05, 0x09, 0x07, 0x01, 0x05, 0x01, 0x03, 0x03, 0x02, 0x01, 0x03, 0x0D, 0x07, 0x01, 0x05,
    0x01, 0x03, 0x01, 0x04, 0x02, 0x02, 0x01, 0x06, 0x05, 0x07, 0x01, 0x0E, 0x01, 0x07, 0x37, 0x00, 0x05, 0x07, 0x08, 0x06,
    0x01, 0x07, 0x01, 0x05, 0x03, 0x02, 0x02, 0x07, 0x03, 0x06, 0x02, 0x07, 0x0B, 0x10, 0x01, 0x0F, 0x05, 0x07, 0x02, 0x06,
    0x01, 0x03, 0x02, 0x02, 0x01, 0x06, 0x0A, 0x07, 0x01, 0x05, 0x01, 0x03, 0x03, 0x02, 0x01, 0x03, 0x01, 0x06, 0x08, 0x07,
    0x01, 0x05, 0x01, 0x04, 0x03, 0x03, 0x02, 0x02, 0x01, 0x06, 0x08, 0x07, 0x36, 0x00, 0x05, 0x07, 0x0A, 0x06, 0x01, 0x07,
    0x03, 0x02, 0x01, 0x05, 0x01, 0x07, 0x03, 0x06, 0x05, 0x07, 0x01, 0x0F, 0x07, 0x10, 0x07, 0x07, 0x01, 0x05, 0x03, 0x02,
    0x0B, 0x07, 0x01, 0x06, 0x01, 0x05, 0x01, 0x03, 0x04, 0x02, 0x01, 0x03, 0x01, 0x04, 0x03, 0x05, 0x02, 0x04, 0x03, 0x03,
    0x03, 0x02, 0x01, 0x03, 0x0A, 0x07, 0x36, 0x00, 0x05, 0x07, 0x0A, 0x06, 0x01, 0x07, 0x01, 0x04, 0x02, 0x02, 0x01, 0x03,
    0x01, 0x07, 0x08, 0x06, 0x02, 0x07, 0x01, 0x0F, 0x01, 0x10, 0x01, 0x0F, 0x02, 0x10, 0x01, 0x0E, 0x07, 0x07, 0x01, 0x05,
    0x03, 0x02, 0x0C, 0x07, 0x01, 0x06, 0x01, 0x05, 0x01, 0x04, 0x0E, 0x02, 0x01, 0x03, 0x01, 0x06, 0x0B, 0x07, 0x36, 0x00,
    0x05, 0x07, 0x0C, 0x06, 0x03, 0x02, 0x01, 0x06, 0x01, 0x07, 0x04, 0x06, 0x04, 0x07, 0x01, 0x06, 0x02, 0x07, 0x03, 0x10,
    0x08, 0x07, 0x01, 0x03, 0x02, 0x02, 0x01, 0x04, 0x0B, 0x07, 0x01, 0x06, 0x02, 0x07, 0x02, 0x05, 0x01, 0x04, 0x01, 0x03,
    0x08, 0x02, 0x01, 0x03, 0x01, 0x04, 0x01, 0x06, 0x0C, 0x07, 0x37, 0x00, 0x04, 0x07, 0x0C, 0x06, 0x01, 0x07, 0x01, 0x03,
    0x02, 0x02, 0x01, 0x04, 0x01, 0x07, 0x06, 0x06, 0x05, 0x07, 0x01, 0x0E, 0x02, 0x10, 0x01, 0x07, 0x01, 0x06, 0x05, 0x07,
    0x01, 0x06, 0x03, 0x02, 0x01, 0x06, 0x06, 0x07, 0x01, 0x04, 0x03, 0x07, 0x01, 0x06, 0x01, 0x02, 0x01, 0x06, 0x01, 0x07,
    0x03, 0x06, 0x05, 0x05, 0x01, 0x04, 0x02, 0x05, 0x05, 0x06, 0x0B, 0x07, 0x37, 0x00, 0x04, 0x07, 0x0C, 0x06, 0x01, 0x07,
    0x01, 0x06, 0x03, 0x02, 0x01, 0x06, 0x01, 0x07, 0x05, 0x06, 0x06, 0x07, 0x02, 0x10, 0x07, 0x07, 0x01, 0x03, 0x02, 0x02,
    0x01, 0x03, 0x01, 0x07, 0x01, 0x06, 0x01, 0x05, 0x03, 0x07, 0x01, 0x04, 0x02, 0x02, 0x01, 0x03, 0x03, 0x02, 0x01, 0x04,
    0x03, 0x07, 0x0C, 0x06, 0x08, 0x07, 0x02, 0x06, 0x03, 0x07, 0x37, 0x00, 0x03, 0x07, 0x0E, 0x06, 0x01, 0x07, 0x01, 0x04,
    0x02, 0x02, 0x01, 0x03, 0x02, 0x07, 0x06, 0x06, 0x03, 0x07, 0x01, 0x06, 0x01, 0x07, 0x01, 0x10, 0x02, 0x07, 0x01, 0x06,
    0x03, 0x07, 0x01, 0x03, 0x03, 0x02, 0x02, 0x07, 0x02, 0x02, 0x01, 0x03, 0x01, 0x04, 0x08, 0x02, 0x01, 0x03, 0x07, 0x07,
    0x05, 0x06, 0x01, 0x07, 0x03, 0x06, 0x04, 0x07, 0x05, 0x06, 0x02, 0x07, 0x38, 0x00, 0x03, 0x07, 0x0F, 0x06, 0x01, 0x07,
    0x02, 0x02, 0x01, 0x03, 0x01, 0x04, 0x02, 0x07, 0x05, 0x06, 0x01, 0x07, 0x03, 0x06, 0x01, 0x07, 0x01, 0x0E, 0x04, 0x07,
    0x01, 0x06, 0x04, 0x02, 0x01, 0x05, 0x02, 0x07, 0x0C, 0x02, 0x01, 0x03, 0x12, 0x07, 0x07, 0x06, 0x02, 0x07, 0x38, 0x00,
    0x03, 0x07, 0x0F, 0x06, 0x01, 0x07, 0x01, 0x06, 0x02, 0x02, 0x01, 0x03, 0x01, 0x04, 0x04, 0x07, 0x04, 0x06, 0x06, 0x07,
    0x01, 0x06, 0x01, 0x03, 0x04, 0x02, 0x01, 0x05, 0x03, 0x07, 0x0C, 0x02, 0x01, 0x03, 0x11, 0x07, 0x07, 0x06, 0x02, 0x07,
    0x39, 0x00, 0x03, 0x07, 0x10, 0x06, 0x01, 0x07, 0x01, 0x05, 0x02, 0x02, 0x01, 0x03, 0x01, 0x04, 0x01, 0x05, 0x08, 0x07,
    0x01, 0x06, 0x01, 0x05, 0x01, 0x04, 0x01, 0x03, 0x05, 0x02, 0x01, 0x06, 0x04, 0x07, 0x04, 0x02, 0x04, 0x03, 0x04, 0x02,
    0x01, 0x03, 0x0D, 0x07, 0x0A, 0x06, 0x02, 0x07, 0x3A, 0x00, 0x02, 0x07, 0x12, 0x06, 0x01, 0x07, 0x01, 0x04, 0x02, 0x02,
    0x03, 0x03, 0x02, 0x04, 0x01, 0x05, 0x02, 0x04, 0x01, 0x03, 0x08, 0x02, 0x01, 0x04, 0x06, 0x07, 0x01, 0x03, 0x01, 0x02,
    0x01, 0x03, 0x06, 0x04, 0x03, 0x02, 0x01, 0x05, 0x0A, 0x07, 0x0D, 0x06, 0x02, 0x07, 0x3A, 0x00, 0x02, 0x07, 0x13, 0x06,
    0x01, 0x07, 0x01, 0x05, 0x10, 0x02, 0x01, 0x04, 0x01, 0x06, 0x07, 0x07, 0x01, 0x04, 0x01, 0x03, 0x01, 0x04, 0x01, 0x05,
    0x02, 0x04, 0x03, 0x05, 0x01, 0x04, 0x02, 0x02, 0x01, 0x06, 0x05, 0x07, 0x11, 0x06, 0x02, 0x07, 0x3C, 0x00, 0x02, 0x07,
    0x14, 0x06, 0x01, 0x07, 0x01, 0x04, 0x0A, 0x02, 0x01, 0x03, 0x01, 0x04, 0x01, 0x05, 0x04, 0x06, 0x07, 0x07, 0x01, 0x04,
    0x08, 0x05, 0x02, 0x02, 0x02, 0x07, 0x04, 0x06, 0x06, 0x07, 0x0A, 0x06, 0x02, 0x07, 0x3D, 0x00, 0x02, 0x07, 0x11, 0x06,
    0x03, 0x05, 0x04, 0x06, 0x01, 0x05, 0x04, 0x04, 0x02, 0x05, 0x07, 0x06, 0x02, 0x07, 0x01, 0x06, 0x05, 0x07, 0x01, 0x05,
    0x01, 0x04, 0x04, 0x05, 0x02, 0x06, 0x01, 0x05, 0x01, 0x02, 0x02, 0x07, 0x02, 0x06, 0x0C, 0x07, 0x01, 0x06, 0x01, 0x05,
    0x04, 0x06, 0x02, 0x07, 0x3E, 0x00, 0x02, 0x07, 0x11, 0x06, 0x07, 0x05, 0x15, 0x06, 0x02, 0x07, 0x01, 0x04, 0x01, 0x05,
    0x02, 0x06, 0x01, 0x05, 0x01, 0x06, 0x01, 0x05, 0x01, 0x04, 0x01, 0x05, 0x01, 0x07, 0x01, 0x06, 0x07, 0x07, 0x01, 0x03,
    0x01, 0x02, 0x03, 0x03, 0x01, 0x04, 0x01, 0x05, 0x02, 0x07, 0x01, 0x06, 0x01, 0x05, 0x02, 0x06, 0x01, 0x07, 0x40, 0x00,
    0x01, 0x07, 0x13, 0x06, 0x0A, 0x05, 0x11, 0x06, 0x02, 0x07, 0x01, 0x05, 0x05, 0x04, 0x01, 0x06, 0x01, 0x07, 0x01, 0x06,
    0x06, 0x07, 0x01, 0x10, 0x01, 0x07, 0x01, 0x02, 0x04, 0x03, 0x02, 0x04, 0x01, 0x05, 0x03, 0x07, 0x02, 0x06, 0x41, 0x00,
    0x02, 0x07, 0x2E, 0x06, 0x03, 0x07, 0x02, 0x06, 0x03, 0x07, 0x01, 0x06, 0x07, 0x07, 0x01, 0x10, 0x01, 0x03, 0x01, 0x02,
    0x05, 0x03, 0x01, 0x04, 0x01, 0x06, 0x01, 0x05, 0x01, 0x07, 0x01, 0x10, 0x01, 0x07, 0x43, 0x00, 0x01, 0x07, 0x31, 0x06,
    0x01, 0x07, 0x04, 0x06, 0x07, 0x07, 0x01, 0x0F, 0x01, 0x07, 0x07, 0x02, 0x01, 0x03, 0x01, 0x04, 0x02, 0x05, 0x01, 0x07,
    0x01, 0x10, 0x01, 0x0E, 0x01, 0x07, 0x41, 0x00, 0x02, 0x07, 0x2F, 0x06, 0x02, 0x05, 0x01, 0x04, 0x01, 0x07, 0x01, 0x06,
    0x08, 0x07, 0x01, 0x0F, 0x01, 0x07, 0x09, 0x02, 0x01, 0x03, 0x01, 0x04, 0x01, 0x07, 0x02, 0x10, 0x01, 0x0E, 0x01, 0x07,
    0x41, 0x00, 0x02, 0x07, 0x0A, 0x06, 0x01, 0x05, 0x21, 0x06, 0x02, 0x05, 0x02, 0x04, 0x0C, 0x07, 0x02, 0x0E, 0x01, 0x07,
    0x02, 0x02, 0x01, 0x03, 0x07, 0x02, 0x02, 0x0F, 0x01, 0x10, 0x01, 0x0E, 0x42, 0x00, 0x02, 0x07, 0x08, 0x06, 0x02, 0x05,
    0x1F, 0x06, 0x03, 0x05, 0x01, 0x04, 0x01, 0x03, 0x01, 0x06, 0x0E, 0x07, 0x01, 0x10, 0x01, 0x07, 0x01, 0x05, 0x01, 0x02,
    0x01, 0x03, 0x01, 0x04, 0x01, 0x03, 0x02, 0x02, 0x01, 0x04, 0x01, 0x06, 0x02, 0x0E, 0x01, 0x0F, 0x01, 0x10, 0x01, 0x07,
    0x42, 0x00, 0x02, 0x07, 0x06, 0x06, 0x02, 0x05, 0x01, 0x06, 0x01, 0x05, 0x05, 0x06, 0x01, 0x05, 0x17, 0x06, 0x03, 0x05,
    0x01, 0x04, 0x01, 0x02, 0x01, 0x05, 0x02, 0x07, 0x01, 0x04, 0x01, 0x05, 0x01, 0x06, 0x0B, 0x07, 0x01, 0x0E, 0x01, 0x10,
    0x01, 0x07, 0x02, 0x02, 0x01, 0x03, 0x01, 0x06, 0x01, 0x07, 0x02, 0x10, 0x03, 0x0E, 0x01, 0x0F, 0x01, 0x10, 0x01, 0x07,
    0x42, 0x00, 0x02, 0x07, 0x04, 0x06, 0x14, 0x05, 0x0F, 0x06, 0x02, 0x05, 0x01, 0x04, 0x01, 0x03, 0x02, 0x07, 0x01, 0x03,
    0x04, 0x02, 0x01, 0x04, 0x07, 0x07, 0x01, 0x0E, 0x02, 0x0F, 0x01, 0x0E, 0x01, 0x10, 0x01, 0x07, 0x01, 0x06, 0x01, 0x0E,
    0x02, 0x10, 0x01, 0x07, 0x01, 0x0E, 0x01, 0x07, 0x02, 0x0E, 0x01, 0x07, 0x01, 0x10, 0x01, 0x07, 0x43, 0x00, 0x02, 0x07,
    0x03, 0x06, 0x16, 0x05, 0x09, 0x06, 0x02, 0x05, 0x04, 0x04, 0x01, 0x03, 0x01, 0x06, 0x01, 0x07, 0x01, 0x04, 0x05, 0x02,
    0x01, 0x03, 0x07, 0x07, 0x01, 0x0E, 0x02, 0x0F, 0x01, 0x10, 0x01, 0x0F, 0x03, 0x10, 0x03, 0x0F, 0x02, 0x0E, 0x04, 0x07,
    0x01, 0x10, 0x05, 0x07, 0x3F, 0x00, 0x02, 0x07, 0x02, 0x06, 0x15, 0x05, 0x02, 0x06, 0x03, 0x05, 0x04, 0x06, 0x03, 0x07,
    0x01, 0x06, 0x01, 0x05, 0x02, 0x02, 0x01, 0x03, 0x01, 0x07, 0x01, 0x06, 0x01, 0x02, 0x02, 0x03, 0x03, 0x02, 0x01, 0x05,
    0x07, 0x07, 0x01, 0x0E, 0x02, 0x0F, 0x02, 0x10, 0x01, 0x0F, 0x01, 0x07, 0x01, 0x0F, 0x02, 0x10, 0x01, 0x0F, 0x02, 0x0E,
    0x05, 0x07, 0x01, 0x06, 0x03, 0x07, 0x01, 0x10, 0x01, 0x07, 0x40, 0x00, 0x01, 0x07, 0x03, 0x06, 0x12, 0x05, 0x01, 0x04,
    0x02, 0x05, 0x02, 0x06, 0x02, 0x07, 0x02, 0x0F, 0x04, 0x10, 0x01, 0x0F, 0x02, 0x07, 0x01, 0x04, 0x01, 0x05, 0x01, 0x07,
    0x02, 0x02, 0x02, 0x04, 0x03, 0x02, 0x01, 0x05, 0x07, 0x07, 0x01, 0x0E, 0x02, 0x0F, 0x03, 0x10, 0x01, 0x07, 0x01, 0x0F,
    0x02, 0x10, 0x02, 0x0F, 0x01, 0x0E, 0x04, 0x07, 0x01, 0x03, 0x01, 0x04, 0x01, 0x06, 0x03, 0x07, 0x01, 0x10, 0x01, 0x07,
    0x40, 0x00, 0x02, 0x07, 0x03, 0x06, 0x0C, 0x05, 0x01, 0x04, 0x03, 0x05, 0x01, 0x06, 0x05, 0x07, 0x01, 0x0E, 0x01, 0x07,
    0x01, 0x0E, 0x03, 0x0F, 0x01, 0x0E, 0x03, 0x07, 0x01, 0x06, 0x01, 0x07, 0x01, 0x04, 0x01, 0x02, 0x03, 0x04, 0x03, 0x02,
    0x01, 0x06, 0x08, 0x07, 0x01, 0x0E, 0x02, 0x0F, 0x02, 0x10, 0x01, 0x07, 0x01, 0x0F, 0x01, 0x10, 0x02, 0x0F, 0x02, 0x0E,
    0x04, 0x07, 0x01, 0x02, 0x01, 0x03, 0x01, 0x05, 0x04, 0x07, 0x01, 0x0E, 0x01, 0x07, 0x42, 0x00, 0x01, 0x07, 0x06, 0x06,
    0x02, 0x05, 0x02, 0x04, 0x02, 0x03, 0x01, 0x02, 0x01, 0x03, 0x01, 0x05, 0x01, 0x06, 0x0A, 0x07, 0x01, 0x0E, 0x05, 0x07,
    0x01, 0x06, 0x01, 0x05, 0x01, 0x06, 0x03, 0x07, 0x01, 0x04, 0x04, 0x02, 0x01, 0x06, 0x09, 0x07, 0x01, 0x0E, 0x03, 0x0F,
    0x01, 0x07, 0x04, 0x0F, 0x02, 0x0E, 0x03, 0x07, 0x01, 0x0E, 0x03, 0x03, 0x04, 0x06, 0x02, 0x07, 0x45, 0x00, 0x01, 0x07,
    0x01, 0x06, 0x02, 0x07, 0x01, 0x06, 0x01, 0x04, 0x01, 0x03, 0x02, 0x02, 0x02, 0x03, 0x02, 0x04, 0x01, 0x03, 0x02, 0x04,
    0x01, 0x05, 0x01, 0x06, 0x0C, 0x07, 0x01, 0x06, 0x06, 0x07, 0x02, 0x02, 0x01, 0x03, 0x01, 0x02, 0x01, 0x06, 0x0A, 0x07,
    0x01, 0x0E, 0x01, 0x07, 0x01, 0x10, 0x01, 0x07, 0x01, 0x0E, 0x01, 0x0F, 0x03, 0x0E, 0x04, 0x07, 0x01, 0x0E, 0x01, 0x04,
    0x02, 0x02, 0x01, 0x05, 0x04, 0x07, 0x01, 0x10, 0x01, 0x07, 0x49, 0x00, 0x01, 0x05, 0x02, 0x04, 0x02, 0x05, 0x05, 0x06,
    0x01, 0x05, 0x01, 0x04, 0x01, 0x02, 0x02, 0x04, 0x01, 0x06, 0x01, 0x07, 0x01, 0x05, 0x02, 0x07, 0x01, 0x0E, 0x01, 0x0F,
    0x01, 0x10, 0x08, 0x07, 0x01, 0x0E, 0x01, 0x05, 0x01, 0x02, 0x01, 0x03, 0x01, 0x02, 0x01, 0x03, 0x0B, 0x07, 0x01, 0x10,
    0x02, 0x07, 0x01, 0x0F, 0x02, 0x07, 0x01, 0x0E, 0x05, 0x07, 0x01, 0x0E, 0x01, 0x03, 0x02, 0x02, 0x01, 0x06, 0x03, 0x07,
    0x01, 0x0F, 0x01, 0x10, 0x01, 0x07, 0x48, 0x00, 0x01, 0x07, 0x01, 0x06, 0x02, 0x05, 0x07, 0x06, 0x02, 0x07, 0x01, 0x06,
    0x01, 0x04, 0x03, 0x02, 0x01, 0x06, 0x01, 0x0F, 0x01, 0x0E, 0x01, 0x10, 0x01, 0x0F, 0x01, 0x07, 0x02, 0x06, 0x07, 0x07,
    0x01, 0x04, 0x02, 0x02, 0x01, 0x03, 0x02, 0x07, 0x01, 0x06, 0x09, 0x07, 0x01, 0x06, 0x01, 0x02, 0x01, 0x03, 0x01, 0x06,
    0x01, 0x0E, 0x08, 0x07, 0x01, 0x03, 0x02, 0x02, 0x05, 0x07, 0x01, 0x0E, 0x01, 0x0F, 0x01, 0x07, 0x47, 0x00, 0x01, 0x07,
    0x01, 0x06, 0x01, 0x05, 0x0B, 0x06, 0x01, 0x07, 0x01, 0x06, 0x01, 0x04, 0x01, 0x07, 0x01, 0x10, 0x01, 0x0E, 0x01, 0x0F,
    0x01, 0x10, 0x01, 0x07, 0x02, 0x06, 0x05, 0x07, 0x01, 0x06, 0x02, 0x07, 0x02, 0x02, 0x01, 0x05, 0x04, 0x07, 0x01, 0x06,
    0x07, 0x07, 0x02, 0x02, 0x01, 0x03, 0x02, 0x02, 0x01, 0x06, 0x01, 0x0F, 0x07, 0x07, 0x02, 0x02, 0x01, 0x03, 0x02, 0x07,
    0x01, 0x0E, 0x03, 0x07, 0x01, 0x10, 0x01, 0x07, 0x46, 0x00, 0x02, 0x07, 0x09, 0x06, 0x03, 0x05, 0x02, 0x06, 0x01, 0x05,
    0x01, 0x06, 0x01, 0x0E, 0x02, 0x0F, 0x01, 0x10, 0x01, 0x07, 0x02, 0x06, 0x09, 0x07, 0x02, 0x06, 0x06, 0x07, 0x02, 0x06,
    0x03, 0x07, 0x01, 0x04, 0x03, 0x02, 0x01, 0x03, 0x03, 0x02, 0x01, 0x06, 0x01, 0x0E, 0x05, 0x07, 0x01, 0x06, 0x02, 0x02,
    0x01, 0x03, 0x06, 0x07, 0x01, 0x0E, 0x01, 0x07, 0x46, 0x00, 0x02, 0x07, 0x08, 0x06, 0x01, 0x05, 0x01, 0x06, 0x05, 0x05,
    0x02, 0x07, 0x01, 0x0E, 0x01, 0x10, 0x01, 0x07, 0x01, 0x06, 0x0E, 0x07, 0x01, 0x06, 0x07, 0x07, 0x01, 0x06, 0x0A, 0x02,
    0x01, 0x05, 0x06, 0x07, 0x01, 0x03, 0x01, 0x02, 0x01, 0x03, 0x08, 0x07, 0x46, 0x00, 0x02, 0x07, 0x0C, 0x06, 0x02, 0x05,
    0x03, 0x07, 0x01, 0x0F, 0x01, 0x10, 0x01, 0x07, 0x01, 0x06, 0x16, 0x07, 0x0C, 0x02, 0x01, 0x05, 0x06, 0x07, 0x02, 0x02,
    0x03, 0x06, 0x01, 0x07, 0x01, 0x06, 0x03, 0x07, 0x46, 0x00, 0x0D, 0x06, 0x02, 0x05, 0x04, 0x07, 0x02, 0x0F, 0x01, 0x05,
    0x0C, 0x07, 0x01, 0x0E, 0x01, 0x0F, 0x09, 0x07, 0x01, 0x03, 0x0B, 0x02, 0x01, 0x05, 0x01, 0x10, 0x05, 0x07, 0x02, 0x02,
    0x04, 0x05, 0x02, 0x06, 0x02, 0x07, 0x45, 0x00, 0x09, 0x06, 0x01, 0x07, 0x01, 0x06, 0x03, 0x07, 0x01, 0x06, 0x04, 0x07,
    0x01, 0x0E, 0x01, 0x10, 0x01, 0x07, 0x01, 0x05, 0x02, 0x07, 0x03, 0x06, 0x0B, 0x07, 0x02, 0x06, 0x05, 0x07, 0x01, 0x05,
    0x0B, 0x02, 0x07, 0x07, 0x01, 0x03, 0x01, 0x04, 0x06, 0x06, 0x02, 0x07, 0x46, 0x00, 0x08, 0x06, 0x02, 0x07, 0x02, 0x06,
    0x01, 0x05, 0x01, 0x06, 0x04, 0x07, 0x01, 0x0E, 0x01, 0x10, 0x01, 0x07, 0x01, 0x05, 0x01, 0x07, 0x05, 0x06, 0x0A, 0x07,
    0x02, 0x06, 0x03, 0x07, 0x01, 0x06, 0x01, 0x07, 0x01, 0x06, 0x0A, 0x02, 0x01, 0x03, 0x07, 0x07, 0x01, 0x05, 0x02, 0x07,
    0x01, 0x0F, 0x03, 0x07, 0x01, 0x06, 0x02, 0x07, 0x46, 0x00, 0x07, 0x06, 0x01, 0x05, 0x02, 0x06, 0x01, 0x05, 0x03, 0x06,
    0x01, 0x07, 0x01, 0x06, 0x02, 0x07, 0x01, 0x0E, 0x01, 0x10, 0x02, 0x06, 0x01, 0x07, 0x0A, 0x06, 0x05, 0x07, 0x01, 0x05,
    0x05, 0x06, 0x02, 0x07, 0x0A, 0x02, 0x07, 0x07, 0x02, 0x06, 0x06, 0x07, 0x01, 0x06, 0x02, 0x07, 0x46, 0x00, 0x01, 0x07,
    0x07, 0x06, 0x01, 0x05, 0x02, 0x06, 0x02, 0x05, 0x02, 0x06, 0x03, 0x07, 0x01, 0x0E, 0x01, 0x10, 0x01, 0x06, 0x01, 0x05,
    0x01, 0x07, 0x0E, 0x06, 0x02, 0x05, 0x05, 0x06, 0x02, 0x07, 0x09, 0x02, 0x01, 0x03, 0x07, 0x07, 0x01, 0x04, 0x01, 0x06,
    0x06, 0x07, 0x01, 0x06, 0x01, 0x07, 0x47, 0x00, 0x01, 0x07, 0x02, 0x06, 0x06, 0x05, 0x01, 0x06, 0x05, 0x05, 0x03, 0x07,
    0x01, 0x0E, 0x01, 0x10, 0x01, 0x07, 0x01, 0x05, 0x01, 0x07, 0x0A, 0x06, 0x03, 0x05, 0x02, 0x07, 0x07, 0x06, 0x01, 0x07,
    0x01, 0x03, 0x08, 0x02, 0x07, 0x07, 0x01, 0x06, 0x01, 0x02, 0x01, 0x05, 0x01, 0x06, 0x01, 0x07, 0x02, 0x06, 0x01, 0x07,
    0x01, 0x06, 0x02, 0x07, 0x47, 0x00, 0x02, 0x06, 0x0C, 0x05, 0x01, 0x04, 0x04, 0x07, 0x01, 0x10, 0x01, 0x07, 0x01, 0x04,
    0x01, 0x07, 0x0C, 0x06, 0x01, 0x07, 0x01, 0x0F, 0x01, 0x07, 0x08, 0x06, 0x01, 0x07, 0x01, 0x06, 0x01, 0x04, 0x05, 0x02,
    0x01, 0x06, 0x07, 0x07, 0x01, 0x06, 0x01, 0x03, 0x02, 0x05, 0x05, 0x06, 0x01, 0x07, 0x49, 0x00, 0x02, 0x06, 0x0A, 0x05,
    0x02, 0x04, 0x04, 0x07, 0x01, 0x0F, 0x01, 0x07, 0x01, 0x04, 0x09, 0x06, 0x08, 0x07, 0x01, 0x05, 0x06, 0x06, 0x09, 0x07,
    0x01, 0x06, 0x01, 0x07, 0x03, 0x06, 0x01, 0x07, 0x01, 0x05, 0x01, 0x03, 0x05, 0x05, 0x01, 0x04, 0x01, 0x05, 0x01, 0x0E,
    0x01, 0x07, 0x49, 0x00, 0x02, 0x06, 0x0A, 0x05, 0x02, 0x04, 0x05, 0x07, 0x01, 0x10, 0x02, 0x05, 0x08, 0x06, 0x08, 0x07,
    0x01, 0x05, 0x02, 0x07, 0x0C, 0x06, 0x01, 0x07, 0x03, 0x06, 0x02, 0x07, 0x01, 0x06, 0x01, 0x03, 0x02, 0x04, 0x04, 0x05,
    0x01, 0x06, 0x01, 0x0F, 0x01, 0x07, 0x4B, 0x00, 0x02, 0x06, 0x07, 0x05, 0x04, 0x04, 0x01, 0x06, 0x04, 0x07, 0x01, 0x10,
    0x01, 0x07, 0x01, 0x04, 0x0C, 0x06, 0x03, 0x07, 0x01, 0x04, 0x01, 0x02, 0x01, 0x03, 0x01, 0x05, 0x0C, 0x06, 0x01, 0x07,
    0x01, 0x06, 0x03, 0x07, 0x01, 0x04, 0x01, 0x02, 0x02, 0x05, 0x01, 0x04, 0x01, 0x05, 0x01, 0x06, 0x02, 0x07, 0x01, 0x0E,
    0x01, 0x07, 0x3E, 0x00, 0x04, 0x07, 0x0A, 0x00, 0x02, 0x06, 0x04, 0x05, 0x02, 0x04, 0x04, 0x05, 0x01, 0x04, 0x01, 0x05,
    0x01, 0x07, 0x01, 0x06, 0x02, 0x07, 0x02, 0x0E, 0x01, 0x04, 0x01, 0x05, 0x02, 0x06, 0x02, 0x05, 0x08, 0x06, 0x01, 0x07,
    0x01, 0x06, 0x04, 0x02, 0x0C, 0x06, 0x01, 0x07, 0x01, 0x06, 0x01, 0x04, 0x01, 0x03, 0x01, 0x02, 0x01, 0x03, 0x02, 0x06,
    0x02, 0x05, 0x01, 0x06, 0x04, 0x07, 0x3D, 0x00, 0x09, 0x07, 0x08, 0x00, 0x01, 0x06, 0x07, 0x05, 0x02, 0x04, 0x01, 0x05,
    0x02, 0x04, 0x05, 0x07, 0x01, 0x0F, 0x01, 0x07, 0x01, 0x03, 0x02, 0x06, 0x07, 0x05, 0x03, 0x06, 0x01, 0x05, 0x06, 0x02,
    0x01, 0x07, 0x0A, 0x06, 0x01, 0x07, 0x02, 0x02, 0x01, 0x03, 0x01, 0x04, 0x03, 0x06, 0x01, 0x07, 0x01, 0x06, 0x04, 0x07,
    0x3D, 0x00, 0x03, 0x07, 0x05, 0x06, 0x03, 0x07, 0x07, 0x00, 0x01, 0x07, 0x01, 0x06, 0x07, 0x05, 0x04, 0x04, 0x01, 0x06,
    0x01, 0x07, 0x01, 0x06, 0x03, 0x07, 0x01, 0x0E, 0x01, 0x06, 0x01, 0x03, 0x01, 0x05, 0x03, 0x06, 0x06, 0x05, 0x02, 0x04,
    0x05, 0x03, 0x01, 0x02, 0x01, 0x05, 0x01, 0x07, 0x09, 0x06, 0x02, 0x02, 0x02, 0x05, 0x03, 0x00, 0x05, 0x07, 0x3E, 0x00,
    0x02, 0x07, 0x08, 0x06, 0x01, 0x07, 0x01, 0x0E, 0x01, 0x07, 0x06, 0x00, 0x01, 0x06, 0x01, 0x07, 0x09, 0x05, 0x02, 0x04,
    0x01, 0x05, 0x02, 0x07, 0x02, 0x06, 0x03, 0x07, 0x01, 0x06, 0x01, 0x02, 0x01, 0x04, 0x07, 0x05, 0x01, 0x04, 0x04, 0x05,
    0x01, 0x04, 0x03, 0x03, 0x01, 0x02, 0x01, 0x05, 0x07, 0x06, 0x01, 0x05, 0x01, 0x02, 0x01, 0x03, 0x01, 0x05, 0x47, 0x00,
    0x02, 0x07, 0x0A, 0x06, 0x03, 0x07, 0x05, 0x00, 0x02, 0x06, 0x0D, 0x05, 0x01, 0x07, 0x02, 0x06, 0x04, 0x07, 0x01, 0x06,
    0x02, 0x04, 0x01, 0x03, 0x02, 0x04, 0x01, 0x05, 0x01, 0x06, 0x07, 0x05, 0x01, 0x06, 0x01, 0x03, 0x01, 0x04, 0x01, 0x05,
    0x03, 0x06, 0x01, 0x07, 0x04, 0x06, 0x01, 0x02, 0x01, 0x05, 0x48, 0x00, 0x01, 0x07, 0x01, 0x0F, 0x01, 0x07, 0x0B, 0x06,
    0x02, 0x07, 0x04, 0x00, 0x01, 0x06, 0x01, 0x07, 0x02, 0x06, 0x01, 0x05, 0x01, 0x04, 0x06, 0x05, 0x01, 0x04, 0x01, 0x05,
    0x02, 0x04, 0x01, 0x06, 0x01, 0x07, 0x02, 0x06, 0x05, 0x07, 0x04, 0x06, 0x01, 0x07, 0x04, 0x05, 0x03, 0x04, 0x01, 0x05,
    0x01, 0x06, 0x03, 0x02, 0x01, 0x03, 0x01, 0x04, 0x01, 0x05, 0x02, 0x03, 0x01, 0x04, 0x01, 0x06, 0x4B, 0x00, 0x02, 0x07,
    0x0D, 0x06, 0x02, 0x07, 0x03, 0x00, 0x04, 0x06, 0x02, 0x05, 0x04, 0x04, 0x03, 0x05, 0x04, 0x04, 0x01, 0x06, 0x01, 0x07,
    0x03, 0x06, 0x07, 0x07, 0x01, 0x04, 0x01, 0x02, 0x02, 0x04, 0x01, 0x03, 0x03, 0x02, 0x01, 0x03, 0x02, 0x02, 0x01, 0x03,
    0x01, 0x02, 0x02, 0x05, 0x01, 0x04, 0x01, 0x02, 0x01, 0x03, 0x01, 0x04, 0x01, 0x06, 0x4A, 0x00, 0x03, 0x07, 0x0D, 0x06,
    0x02, 0x07, 0x02, 0x00, 0x04, 0x06, 0x04, 0x05, 0x02, 0x04, 0x01, 0x03, 0x07, 0x04, 0x01, 0x03, 0x01, 0x04, 0x02, 0x07,
    0x02, 0x06, 0x05, 0x07, 0x01, 0x04, 0x01, 0x02, 0x02, 0x03, 0x01, 0x02, 0x02, 0x03, 0x05, 0x04, 0x01, 0x03, 0x01, 0x04,
    0x01, 0x06, 0x01, 0x05, 0x01, 0x04, 0x01, 0x03, 0x01, 0x04, 0x01, 0x05, 0x02, 0x07, 0x49, 0x00, 0x02, 0x07, 0x0E, 0x06,
    0x04, 0x07, 0x04, 0x06, 0x05, 0x05, 0x03, 0x04, 0x07, 0x03, 0x01, 0x02, 0x01, 0x03, 0x01, 0x04, 0x05, 0x06, 0x01, 0x05,
    0x01, 0x04, 0x01, 0x03, 0x01, 0x04, 0x04, 0x05, 0x03, 0x04, 0x01, 0x05, 0x01, 0x06, 0x01, 0x03, 0x01, 0x02, 0x01, 0x03,
    0x02, 0x05, 0x03, 0x04, 0x01, 0x05, 0x02, 0x07, 0x49, 0x00, 0x02, 0x07, 0x0E, 0x06, 0x04, 0x07, 0x04, 0x06, 0x07, 0x05,
    0x05, 0x04, 0x05, 0x03, 0x02, 0x02, 0x01, 0x03, 0x02, 0x02, 0x03, 0x05, 0x01, 0x03, 0x01, 0x02, 0x01, 0x03, 0x03, 0x06,
    0x01, 0x04, 0x01, 0x05, 0x02, 0x06, 0x01, 0x07, 0x01, 0x04, 0x03, 0x03, 0x04, 0x04, 0x01, 0x05, 0x02, 0x07, 0x49, 0x00,
    0x02, 0x07, 0x0B, 0x06, 0x01, 0x05, 0x01, 0x06, 0x02, 0x07, 0x06, 0x06, 0x07, 0x05, 0x0D, 0x04, 0x05, 0x03, 0x02, 0x04,
    0x01, 0x03, 0x01, 0x04, 0x07, 0x06, 0x01, 0x07, 0x07, 0x04, 0x02, 0x05, 0x01, 0x06, 0x01, 0x07, 0x49, 0x00, 0x02, 0x07,
    0x0C, 0x06, 0x03, 0x07, 0x02, 0x05, 0x04, 0x06, 0x08, 0x05, 0x13, 0x04, 0x01, 0x03, 0x01, 0x05, 0x07, 0x06, 0x01, 0x07,
    0x01, 0x05, 0x01, 0x04, 0x07, 0x05, 0x01, 0x06, 0x01, 0x07, 0x49, 0x00, 0x02, 0x07, 0x0B, 0x06, 0x04, 0x07, 0x01, 0x05,
    0x04, 0x06, 0x09, 0x05, 0x0E, 0x04, 0x03, 0x05, 0x01, 0x04, 0x01, 0x05, 0x01, 0x04, 0x01, 0x05, 0x01, 0x07, 0x01, 0x06,
    0x01, 0x07, 0x02, 0x06, 0x03, 0x07, 0x01, 0x06, 0x03, 0x04, 0x05, 0x05, 0x01, 0x06, 0x01, 0x07, 0x4A, 0x00, 0x01, 0x07,
    0x0A, 0x06, 0x04, 0x07, 0x01, 0x06, 0x01, 0x05, 0x03, 0x06, 0x0B, 0x05, 0x0C, 0x04, 0x02, 0x05, 0x02, 0x04, 0x02, 0x05,
    0x01, 0x03, 0x01, 0x05, 0x08, 0x07, 0x01, 0x06, 0x01, 0x03, 0x01, 0x02, 0x01, 0x03, 0x01, 0x05, 0x01, 0x06, 0x03, 0x05,
    0x01, 0x06, 0x01, 0x07, 0x01, 0x06, 0x49, 0x00, 0x02, 0x07, 0x09, 0x06, 0x04, 0x07, 0x01, 0x06, 0x01, 0x05, 0x01, 0x07,
    0x02, 0x06, 0x18, 0x05, 0x03, 0x03, 0x01, 0x04, 0x01, 0x05, 0x01, 0x02, 0x01, 0x05, 0x03, 0x07, 0x01, 0x06, 0x01, 0x04,
    0x01, 0x06, 0x02, 0x07, 0x01, 0x04, 0x01, 0x03, 0x01, 0x05, 0x02, 0x07, 0x01, 0x06, 0x03, 0x05, 0x01, 0x06, 0x01, 0x07,
    0x01, 0x06, 0x4A, 0x00, 0x02, 0x06, 0x01, 0x05, 0x07, 0x06, 0x04, 0x07, 0x01, 0x06, 0x01, 0x05, 0x02, 0x06, 0x18, 0x05,
    0x01, 0x04, 0x01, 0x05, 0x01, 0x06, 0x02, 0x07, 0x02, 0x04, 0x01, 0x05, 0x03, 0x06, 0x02, 0x04, 0x02, 0x06, 0x02, 0x05,
    0x01, 0x06, 0x03, 0x05, 0x01, 0x04, 0x03, 0x05, 0x01, 0x06, 0x01, 0x07, 0x01, 0x06, 0x4B, 0x00, 0x01, 0x07, 0x01, 0x06,
    0x01, 0x05, 0x04, 0x06, 0x01, 0x05, 0x06, 0x07, 0x01, 0x06, 0x01, 0x05, 0x01, 0x06, 0x18, 0x05, 0x01, 0x03, 0x01, 0x06,
    0x01, 0x05, 0x01, 0x06, 0x02, 0x05, 0x01, 0x07, 0x01, 0x06, 0x06, 0x05, 0x01, 0x04, 0x01, 0x05, 0x01, 0x04, 0x01, 0x02,
    0x01, 0x05, 0x01, 0x07, 0x02, 0x05, 0x01, 0x06, 0x02, 0x05, 0x02, 0x06, 0x02, 0x07, 0x4A, 0x00, 0x02, 0x07, 0x01, 0x06,
    0x02, 0x05, 0x02, 0x06, 0x01, 0x05, 0x07, 0x07, 0x1A, 0x05, 0x01, 0x02, 0x01, 0x04, 0x01, 0x06, 0x02, 0x05, 0x01, 0x02,
    0x01, 0x03, 0x01, 0x06, 0x03, 0x05, 0x02, 0x04, 0x01, 0x05, 0x01, 0x06, 0x01, 0x07, 0x01, 0x06, 0x01, 0x02, 0x01, 0x03,
    0x01, 0x04, 0x01, 0x05, 0x01, 0x06, 0x02, 0x05, 0x03, 0x06, 0x01, 0x07, 0x01, 0x10, 0x01, 0x07, 0x4A, 0x00, 0x02, 0x07,
    0x01, 0x06, 0x01, 0x05, 0x02, 0x06, 0x01, 0x05, 0x01, 0x06, 0x07, 0x07, 0x01, 0x05, 0x01, 0x04, 0x17, 0x05, 0x01, 0x03,
    0x01, 0x02, 0x03, 0x05, 0x01, 0x04, 0x01, 0x05, 0x04, 0x07, 0x02, 0x06, 0x01, 0x07, 0x02, 0x0F, 0x01, 0x07, 0x01, 0x05,
    0x02, 0x04, 0x02, 0x06, 0x01, 0x05, 0x05, 0x06, 0x01, 0x0E, 0x01, 0x0F, 0x01, 0x07, 0x4B, 0x00, 0x01, 0x07, 0x03, 0x06,
    0x01, 0x05, 0x01, 0x06, 0x08, 0x07, 0x01, 0x05, 0x01, 0x04, 0x17, 0x05, 0x02, 0x04, 0x03, 0x05, 0x08, 0x07, 0x01, 0x0E,
    0x01, 0x07, 0x01, 0x0E, 0x0B, 0x06, 0x01, 0x07, 0x01, 0x10, 0x01, 0x07, 0x4C, 0x00, 0x02, 0x07, 0x03, 0x06, 0x09, 0x07,
    0x01, 0x06, 0x16, 0x05, 0x04, 0x06, 0x01, 0x05, 0x01, 0x06, 0x04, 0x07, 0x01, 0x0E, 0x01, 0x06, 0x02, 0x07, 0x02, 0x0E,
    0x01, 0x10, 0x01, 0x07, 0x01, 0x05, 0x09, 0x06, 0x01, 0x07, 0x01, 0x0F, 0x01, 0x10, 0x01, 0x07, 0x4E, 0x00, 0x01, 0x07,
    0x01, 0x06, 0x0B, 0x07, 0x01, 0x06, 0x15, 0x05, 0x02, 0x06, 0x01, 0x05, 0x01, 0x06, 0x04, 0x07, 0x01, 0x0F, 0x01, 0x07,
    0x01, 0x06, 0x03, 0x07, 0x02, 0x0E, 0x01, 0x07, 0x01, 0x06, 0x01, 0x05, 0x08, 0x06, 0x01, 0x0E, 0x01, 0x0F, 0x01, 0x10,
    0x01, 0x0E, 0x50, 0x00, 0x0D, 0x07, 0x12, 0x05, 0x02, 0x06, 0x02, 0x05, 0x01, 0x06, 0x05, 0x07, 0x01, 0x0E, 0x01, 0x07,
    0x01, 0x05, 0x01, 0x06, 0x02, 0x07, 0x03, 0x0E, 0x01, 0x0F, 0x01, 0x07, 0x02, 0x05, 0x05, 0x06, 0x01, 0x07, 0x02, 0x0F,
    0x01, 0x10, 0x01, 0x0E, 0x01, 0x07, 0x50, 0x00, 0x02, 0x07, 0x01, 0x06, 0x0B, 0x07, 0x01, 0x06, 0x0B, 0x05, 0x01, 0x06,
    0x01, 0x05, 0x03, 0x06, 0x02, 0x05, 0x01, 0x06, 0x06, 0x07, 0x01, 0x0F, 0x01, 0x05, 0x01, 0x04, 0x05, 0x07, 0x03, 0x0F,
    0x01, 0x07, 0x04, 0x06, 0x01, 0x07, 0x01, 0x0E, 0x01, 0x10, 0x04, 0x0F, 0x01, 0x07, 0x51, 0x00, 0x03, 0x07, 0x01, 0x06,
    0x08, 0x07, 0x01, 0x0E, 0x03, 0x07, 0x01, 0x06, 0x05, 0x05, 0x01, 0x06, 0x07, 0x05, 0x01, 0x06, 0x09, 0x07, 0x02, 0x04,
    0x05, 0x07, 0x01, 0x0F, 0x01, 0x0E, 0x01, 0x0F, 0x02, 0x10, 0x01, 0x0F, 0x01, 0x0E, 0x01, 0x0F, 0x01, 0x10, 0x02, 0x0F,
    0x01, 0x10, 0x02, 0x0F, 0x01, 0x0E, 0x01, 0x07, 0x52, 0x00, 0x01, 0x07, 0x02, 0x06, 0x09, 0x07, 0x02, 0x0E, 0x01, 0x0F,
    0x03, 0x07, 0x02, 0x06, 0x05, 0x05, 0x02, 0x06, 0x02, 0x07, 0x01, 0x0E, 0x09, 0x07, 0x01, 0x05, 0x01, 0x04, 0x01, 0x06,
    0x05, 0x07, 0x01, 0x0E, 0x05, 0x0F, 0x01, 0x10, 0x02, 0x0F, 0x01, 0x10, 0x02, 0x0F, 0x01, 0x10, 0x01, 0x07, 0x53, 0x00,
    0x02, 0x07, 0x04, 0x06, 0x09, 0x07, 0x01, 0x0E, 0x01, 0x0F, 0x01, 0x0E, 0x01, 0x0F, 0x08, 0x07, 0x01, 0x0F, 0x0A, 0x07,
    0x01, 0x06, 0x01, 0x05, 0x01, 0x04, 0x01, 0x05, 0x02, 0x06, 0x04, 0x07, 0x02, 0x0E, 0x08, 0x0F, 0x01, 0x07, 0x01, 0x10,
    0x01, 0x07, 0x52, 0x00, 0x03, 0x07, 0x05, 0x06, 0x07, 0x07, 0x01, 0x0E, 0x03, 0x07, 0x02, 0x0E, 0x01, 0x0F, 0x03, 0x0E,
    0x01, 0x0F, 0x03, 0x07, 0x01, 0x0E, 0x04, 0x07, 0x01, 0x0E, 0x03, 0x07, 0x02, 0x06, 0x02, 0x05, 0x01, 0x04, 0x02, 0x06,
    0x07, 0x07, 0x06, 0x0E, 0x04, 0x07, 0x52, 0x00, 0x02, 0x07, 0x08, 0x06, 0x0B, 0x07, 0x01, 0x0E, 0x01, 0x07, 0x02, 0x0E,
    0x02, 0x07, 0x01, 0x0E, 0x02, 0x07, 0x01, 0x0E, 0x06, 0x07, 0x03, 0x06, 0x02, 0x05, 0x01, 0x04, 0x01, 0x05, 0x03, 0x06,
    0x06, 0x07, 0x01, 0x0E, 0x07, 0x07, 0x53, 0x00, 0x02, 0x07, 0x03, 0x06, 0x02, 0x05, 0x02, 0x06, 0x01, 0x07, 0x02, 0x06,
    0x0B, 0x07, 0x01, 0x0E, 0x0C, 0x07, 0x04, 0x06, 0x03, 0x05, 0x01, 0x04, 0x01, 0x05, 0x02, 0x06, 0x0D, 0x07, 0x4C, 0x00,
    0x06, 0x07, 0x01, 0x00, 0x02, 0x07, 0x05, 0x06, 0x03, 0x05, 0x06, 0x06, 0x13, 0x07, 0x01, 0x06, 0x01, 0x05, 0x04, 0x06,
    0x04, 0x05, 0x01, 0x04, 0x01, 0x05, 0x04, 0x06, 0x03, 0x07, 0x01, 0x06, 0x05, 0x07, 0x4B, 0x00, 0x0B, 0x07, 0x06, 0x06,
    0x04, 0x05, 0x02, 0x06, 0x01, 0x07, 0x02, 0x06, 0x01, 0x07, 0x03, 0x06, 0x0A, 0x07, 0x01, 0x06, 0x01, 0x07, 0x02, 0x06,
    0x01, 0x05, 0x06, 0x06, 0x04, 0x05, 0x01, 0x04, 0x02, 0x05, 0x06, 0x06, 0x04, 0x07, 0x4B, 0x00, 0x03, 0x07, 0x02, 0x06,
    0x03, 0x05, 0x01, 0x06, 0x02, 0x07, 0x07, 0x06, 0x07, 0x05, 0x0C, 0x06, 0x01, 0x07, 0x04, 0x06, 0x03, 0x05, 0x06, 0x06,
    0x07, 0x05, 0x02, 0x04, 0x03, 0x05, 0x04, 0x06, 0x4C, 0x00, 0x02, 0x07, 0x05, 0x06, 0x02, 0x07, 0x01, 0x06, 0x02, 0x07,
    0x08, 0x06, 0x06, 0x05, 0x02, 0x04, 0x03, 0x05, 0x09, 0x06, 0x05, 0x05, 0x07, 0x06, 0x09, 0x05, 0x03, 0x04, 0x01, 0x06,
    0x01, 0x07, 0x4D, 0x00, 0x03, 0x07, 0x04, 0x06, 0x02, 0x07, 0x02, 0x06, 0x02, 0x07, 0x0A, 0x06, 0x07, 0x05, 0x01, 0x04,
    0x02, 0x05, 0x01, 0x04, 0x1E, 0x05, 0x01, 0x06, 0x01, 0x07, 0x4D, 0x00, 0x03, 0x07, 0x03, 0x06, 0x04, 0x07, 0x01, 0x06,
    0x02, 0x07, 0x0D, 0x06, 0x24, 0x05, 0x03, 0x06, 0x02, 0x07, 0x4C, 0x00, 0x03, 0x07, 0x03, 0x06, 0x08, 0x07, 0x0F, 0x06,
    0x0C, 0x05, 0x01, 0x06, 0x10, 0x05, 0x08, 0x06, 0x02, 0x07, 0x4B, 0x00, 0x03, 0x07, 0x03, 0x06, 0x07, 0x07, 0x13, 0x06,
    0x07, 0x05, 0x05, 0x06, 0x0B, 0x05, 0x0C, 0x06, 0x01, 0x07, 0x4C, 0x00, 0x02, 0x07, 0x04, 0x06, 0x05, 0x07, 0x17, 0x06,
    0x04, 0x05, 0x03, 0x06, 0x02, 0x00, 0x01, 0x07, 0x01, 0x06, 0x02, 0x04, 0x06, 0x05, 0x0D, 0x06, 0x02, 0x07, 0x4B, 0x00,
    0x02, 0x07, 0x05, 0x06, 0x03, 0x07, 0x1B, 0x06, 0x01, 0x05, 0x02, 0x06, 0x04, 0x00, 0x02, 0x06, 0x08, 0x05, 0x0D, 0x06,
    0x02, 0x07, 0x4A, 0x00, 0x03, 0x07, 0x05, 0x06, 0x01, 0x07, 0x1F, 0x06, 0x05, 0x00, 0x02, 0x06, 0x07, 0x05, 0x0E, 0x06,
    0x01, 0x07, 0x4B, 0x00, 0x02, 0x07, 0x25, 0x06, 0x06, 0x00, 0x01, 0x07, 0x01, 0x06, 0x06, 0x05, 0x0E, 0x06, 0x02, 0x07,
    0x4A, 0x00, 0x02, 0x07, 0x25, 0x06, 0x06, 0x00, 0x02, 0x07, 0x01, 0x06, 0x06, 0x05, 0x0E, 0x06, 0x02, 0x07, 0x4A, 0x00,
    0x02, 0x07, 0x24, 0x06, 0x06, 0x00, 0x02, 0x07, 0x02, 0x06, 0x05, 0x05, 0x0E, 0x06, 0x02, 0x07, 0x4A, 0x00, 0x02, 0x07,
    0x24, 0x06, 0x05, 0x00, 0x03, 0x07, 0x02, 0x06, 0x06, 0x05, 0x0E, 0x06, 0x02, 0x07, 0x4A, 0x00, 0x02, 0x07, 0x06, 0x06,
    0x02, 0x05, 0x1B, 0x06, 0x04, 0x00, 0x04, 0x07, 0x02, 0x06, 0x07, 0x05, 0x0D, 0x06, 0x02, 0x07, 0x4B, 0x00, 0x01, 0x07,
    0x07, 0x06, 0x04, 0x05, 0x18, 0x06, 0x04, 0x00, 0x03, 0x07, 0x03, 0x06, 0x08, 0x05, 0x0D, 0x06, 0x01, 0x07, 0x4B, 0x00,
    0x02, 0x07, 0x07, 0x06, 0x05, 0x05, 0x07, 0x06, 0x05, 0x05, 0x07, 0x06, 0x01, 0x05, 0x02, 0x06, 0x04, 0x00, 0x05, 0x07,
    0x02, 0x06, 0x09, 0x05, 0x0B, 0x06, 0x02, 0x07, 0x4B, 0x00, 0x02, 0x07, 0x06, 0x06, 0x07, 0x05, 0x06, 0x06, 0x0B, 0x05,
    0x03, 0x06, 0x05, 0x00, 0x02, 0x07, 0x01, 0x06, 0x01, 0x07, 0x01, 0x06, 0x0B, 0x05, 0x0A, 0x06, 0x02, 0x07, 0x4C, 0x00,
    0x01, 0x07, 0x07, 0x06, 0x08, 0x05, 0x03, 0x06, 0x0B, 0x05, 0x04, 0x06, 0x05, 0x00, 0x02, 0x07, 0x05, 0x06, 0x0D, 0x05,
    0x07, 0x06, 0x01, 0x07, 0x4E, 0x00, 0x06, 0x06, 0x0A, 0x05, 0x0E, 0x06, 0x01, 0x07, 0x07, 0x00, 0x02, 0x07, 0x03, 0x06,
    0x14, 0x05, 0x01, 0x06, 0x01, 0x07, 0x4F, 0x00, 0x01, 0x07, 0x01, 0x06, 0x01, 0x05, 0x03, 0x06, 0x0D, 0x05, 0x03, 0x07,
    0x03, 0x06, 0x01, 0x07, 0x02, 0x06, 0x09, 0x00, 0x02, 0x07, 0x01, 0x06, 0x15, 0x05, 0x03, 0x06, 0x51, 0x00, 0x02, 0x06,
    0x04, 0x05, 0x01, 0x06, 0x0A, 0x05, 0x01, 0x06, 0x12, 0x00, 0x02, 0x07, 0x01, 0x06, 0x14, 0x05, 0x02, 0x06, 0x54, 0x00,
    0x03, 0x06, 0x01, 0x05, 0x02, 0x06, 0x08, 0x05, 0x02, 0x06, 0x13, 0x00, 0x01, 0x07, 0x01, 0x06, 0x14, 0x05, 0x02, 0x06,
    0x56, 0x00, 0x02, 0x07, 0x01, 0x06, 0x09, 0x05, 0x02, 0x06, 0x13, 0x00, 0x02, 0x07, 0x01, 0x06, 0x12, 0x05, 0x02, 0x06,
    0x01, 0x07, 0x58, 0x00, 0x03, 0x06, 0x03, 0x05, 0x02, 0x06, 0x01, 0x05, 0x03, 0x06, 0x14, 0x00, 0x02, 0x07, 0x01, 0x06,
    0x11, 0x05, 0x02, 0x06, 0x5B, 0x00, 0x01, 0x07, 0x09, 0x06, 0x14, 0x00, 0x02, 0x07, 0x01, 0x06, 0x01, 0x05, 0x01, 0x06,
    0x0E, 0x05, 0x03, 0x06, 0x5E, 0x00, 0x01, 0x06, 0x02, 0x07, 0x19, 0x00, 0x02, 0x07, 0x01, 0x06, 0x01, 0x05, 0x03, 0x06,
    0x0B, 0x05, 0x02, 0x06, 0x7C, 0x00, 0x02, 0x07, 0x07, 0x06, 0x08, 0x05, 0x01, 0x06, 0x01, 0x07, 0x7D, 0x00, 0x01, 0x07,
    0x0A, 0x06, 0x06, 0x05, 0x02, 0x07, 0x7C, 0x00, 0x02, 0x07, 0x0F, 0x06, 0x01, 0x05, 0x02, 0x07, 0x7C, 0x00, 0x02, 0x07,
    0x10, 0x06, 0x02, 0x07, 0x7C, 0x00, 0x02, 0x07, 0x01, 0x05, 0x0F, 0x06, 0x01, 0x07, 0x7D, 0x00, 0x01, 0x07, 0x01, 0x06,
    0x01, 0x05, 0x0E, 0x06, 0x02, 0x07, 0x7D, 0x00, 0x01, 0x07, 0x01, 0x06, 0x01, 0x05, 0x0E, 0x06, 0x02, 0x07, 0x7E, 0x00,
    0x0A, 0x06, 0x01, 0x07, 0x05, 0x06, 0x02, 0x07, 0x7E, 0x00, 0x01, 0x07, 0x01, 0x06, 0x01, 0x05, 0x04, 0x06, 0x01, 0x05,
    0x08, 0x06, 0x01, 0x07, 0x80, 0x00, 0x05, 0x06, 0x02, 0x05, 0x04, 0x06, 0x01, 0x07, 0x02, 0x06, 0x02, 0x07, 0x81, 0x00,
    0x01, 0x07, 0x02, 0x06, 0x02, 0x05, 0x05, 0x06, 0x01, 0x07, 0x01, 0x05, 0x02, 0x06, 0x85, 0x00, 0x02, 0x06, 0x01, 0x05,
    0x03, 0x06, 0x01, 0x07, 0x02, 0x06, 0x88, 0x00, 0x02, 0x06, 0x02, 0x05, 0x01, 0x06, 0x01, 0x07, 0xFF, 0x00, 0xFF, 0x00,
    0xFF, 0x00, 0xFF, 0x00, 0xFF, 0x00, 0xFF, 0x00, 0xFF, 0x00, 0x03, 0x00,
};

static const uint8_t momo_sprite_5[] = {
    0xFF, 0x00, 0xFF, 0x00, 0xFF, 0x00, 0xFF, 0x00, 0xFF, 0x00, 0xFF, 0x00, 0xFF, 0x00, 0xFF, 0x00, 0xFF, 0x00, 0xFF, 0x00,
    0xFF, 0x00, 0xFF, 0x00, 0xFF, 0x00, 0xFF, 0x00, 0xFF, 0x00, 0xFF, 0x00, 0xFF, 0x00, 0xFF, 0x00, 0xFF, 0x00, 0xFF, 0x00,
    0xFF, 0x00, 0xFF, 0x00, 0xFF, 0x00, 0xFF, 0x00, 0xFF, 0x00, 0xFF, 0x00, 0xFF, 0x00, 0xFF, 0x00, 0xFF, 0x00, 0xFF, 0x00,
    0xFF, 0x00, 0xFF, 0x00, 0xFF, 0x00, 0xFF, 0x00, 0xFF, 0x00, 0xFF, 0x00, 0xFF, 0x00, 0xFF, 0x00, 0xFF, 0x00, 0xFF, 0x00,
    0xFF, 0x00, 0xFF, 0x00, 0xFF, 0x00, 0xFF, 0x00, 0xFF, 0x00, 0xFF, 0x00, 0xFF, 0x00, 0xAF, 0x00, 0x05, 0x07, 0x89, 0x00,
    0x06, 0x07, 0x01, 0x0E, 0x01, 0x07, 0x87, 0x00, 0x01, 0x07, 0x01, 0x10, 0x08, 0x07, 0x84, 0x00, 0x0D, 0x07, 0x82, 0x00,
    0x08, 0x07, 0x03, 0x06, 0x02, 0x07, 0x01, 0x0E, 0x01, 0x07, 0x80, 0x00, 0x09, 0x07, 0x02, 0x05, 0x02, 0x06, 0x04, 0x07,
    0x7F, 0x00, 0x08, 0x07, 0x01, 0x05, 0x03, 0x04, 0x01, 0x06, 0x04, 0x07, 0x7E, 0x00, 0x01, 0x07, 0x01, 0x0E, 0x06, 0x07,
    0x01, 0x06, 0x01, 0x04, 0x01, 0x05, 0x01, 0x06, 0x01, 0x04, 0x01, 0x05, 0x01, 0x06, 0x02, 0x07, 0x01, 0x0E, 0x01, 0x07,
    0x7C, 0x00, 0x01, 0x07, 0x01, 0x10, 0x07, 0x07, 0x02, 0x05, 0x03, 0x06, 0x01, 0x04, 0x01, 0x05, 0x01, 0x06, 0x03, 0x07,
    0x7B, 0x00, 0x01, 0x07, 0x01, 0x10, 0x07, 0x07, 0x01, 0x06, 0x01, 0x04, 0x01, 0x05, 0x03, 0x06, 0x01, 0x05, 0x01, 0x04,
    0x01, 0x06, 0x04, 0x07, 0x7A, 0x00, 0x09, 0x07, 0x02, 0x05, 0x05, 0x06, 0x02, 0x05, 0x04, 0x07, 0x79, 0x00, 0x01, 0x07,
    0x01, 0x10, 0x08, 0x07, 0x02, 0x05, 0x05, 0x06, 0x02, 0x05, 0x01, 0x06, 0x04, 0x07, 0x77, 0x00, 0x01, 0x07, 0x01, 0x0E,
    0x08, 0x07, 0x01, 0x06, 0x02, 0x05, 0x06, 0x06, 0x01, 0x05, 0x01, 0x06, 0x04, 0x07, 0x77, 0x00, 0x01, 0x07, 0x01, 0x0F,
    0x08, 0x07, 0x01, 0x06, 0x01, 0x05, 0x07, 0x06, 0x02, 0x05, 0x05, 0x07, 0x75, 0x00, 0x0B, 0x07, 0x01, 0x06, 0x01, 0x05,
    0x07, 0x06, 0x02, 0x05, 0x05, 0x07, 0x72, 0x00, 0x03, 0x07, 0x01, 0x0E, 0x0A, 0x07, 0x01, 0x06, 0x01, 0x04, 0x03, 0x05,
    0x05, 0x06, 0x01, 0x05, 0x05, 0x07, 0x6F, 0x00, 0x03, 0x07, 0x03, 0x10, 0x0E, 0x07, 0x03, 0x06, 0x05, 0x05, 0x05, 0x07,
    0x6C, 0x00, 0x03, 0x07, 0x02, 0x10, 0x17, 0x07, 0x01, 0x06, 0x02, 0x05, 0x06, 0x07, 0x69, 0x00, 0x01, 0x07, 0x01, 0x0E,
    0x02, 0x10, 0x23, 0x07, 0x67, 0x00, 0x01, 0x07, 0x01, 0x0E, 0x02, 0x10, 0x25, 0x07, 0x66, 0x00, 0x01, 0x07, 0x01, 0x0F,
    0x01, 0x10, 0x27, 0x07, 0x64, 0x00, 0x01, 0x07, 0x01, 0x0E, 0x01, 0x10, 0x26, 0x07, 0x01, 0x0E, 0x02, 0x0F, 0x01, 0x07,
    0x54, 0x00, 0x07, 0x07, 0x07, 0x00, 0x01, 0x07, 0x01, 0x0F, 0x01, 0x10, 0x29, 0x07, 0x01, 0x0F, 0x01, 0x10, 0x01, 0x07,
    0x4F, 0x00, 0x05, 0x07, 0x04, 0x0E, 0x06, 0x07, 0x02, 0x00, 0x01, 0x07, 0x01, 0x10, 0x2C, 0x07, 0x01, 0x0E, 0x01, 0x10,
    0x01, 0x0E, 0x4B, 0x00, 0x0F, 0x07, 0x01, 0x0E, 0x02, 0x10, 0x02, 0x07, 0x01, 0x10, 0x2E, 0x07, 0x01, 0x0E, 0x01, 0x10,
    0x01, 0x0F, 0x01, 0x07, 0x48, 0x00, 0x46, 0x07, 0x01, 0x10, 0x01, 0x0F, 0x01, 0x07, 0x46, 0x00, 0x48, 0x07, 0x01, 0x10,
    0x01, 0x0E, 0x01, 0x07, 0x45, 0x00, 0x02, 0x07, 0x05, 0x06, 0x42, 0x07, 0x01, 0x10, 0x01, 0x0E, 0x01, 0x07, 0x44, 0x00,
    0x01, 0x07, 0x02, 0x06, 0x01, 0x05, 0x07, 0x06, 0x3F, 0x07, 0x01, 0x10, 0x01, 0x0E, 0x43, 0x00, 0x02, 0x07, 0x02, 0x06,
    0x01, 0x05, 0x01, 0x04, 0x01, 0x03, 0x02, 0x04, 0x01, 0x05, 0x04, 0x06, 0x3E, 0x07, 0x01, 0x10, 0x01, 0x0E, 0x42, 0x00,
    0x02, 0x07, 0x01, 0x06, 0x01, 0x07, 0x01, 0x06, 0x06, 0x03, 0x01, 0x04, 0x03, 0x06, 0x3E, 0x07, 0x01, 0x10, 0x01, 0x07,
    0x42, 0x00, 0x01, 0x07, 0x01, 0x06, 0x01, 0x07, 0x01, 0x06, 0x06, 0x04, 0x02, 0x03, 0x01, 0x05, 0x03, 0x06, 0x3C, 0x07,
    0x01, 0x0E, 0x01, 0x10, 0x01, 0x07, 0x41, 0x00, 0x04, 0x07, 0x02, 0x04, 0x01, 0x05, 0x05, 0x04, 0x01, 0x03, 0x01, 0x04,
    0x02, 0x06, 0x2F, 0x07, 0x01, 0x06, 0x01, 0x05, 0x01, 0x04, 0x04, 0x03, 0x01, 0x06, 0x06, 0x07, 0x01, 0x10, 0x01, 0x07,
    0x41, 0x00, 0x04, 0x07, 0x04, 0x05, 0x05, 0x04, 0x01, 0x02, 0x01, 0x06, 0x2D, 0x07, 0x01, 0x06, 0x01, 0x04, 0x04, 0x03,
    0x01, 0x02, 0x01, 0x03, 0x03, 0x02, 0x01, 0x05, 0x06, 0x07, 0x01, 0x10, 0x01, 0x07, 0x40, 0x00, 0x04, 0x07, 0x01, 0x06,
    0x05, 0x05, 0x02, 0x04, 0x01, 0x03, 0x01, 0x04, 0x2C, 0x07, 0x01, 0x05, 0x04, 0x03, 0x02, 0x02, 0x06, 0x03, 0x01, 0x02,
    0x06, 0x07, 0x02, 0x0E, 0x02, 0x07, 0x02, 0x00, 0x03, 0x07, 0x05, 0x00, 0x02, 0x07, 0x01, 0x00, 0x04, 0x07, 0x01, 0x0E,
    0x2C, 0x00, 0x02, 0x07, 0x01, 0x06, 0x02, 0x07, 0x06, 0x05, 0x02, 0x04, 0x2B, 0x07, 0x01, 0x05, 0x03, 0x03, 0x07, 0x02,
    0x04, 0x03, 0x01, 0x02, 0x01, 0x04, 0x06, 0x07, 0x01, 0x0F, 0x01, 0x07, 0x03, 0x06, 0x15, 0x07, 0x28, 0x00, 0x01, 0x07,
    0x01, 0x06, 0x02, 0x07, 0x01, 0x06, 0x05, 0x05, 0x01, 0x04, 0x01, 0x06, 0x29, 0x07, 0x01, 0x05, 0x03, 0x03, 0x03, 0x02,
    0x01, 0x04, 0x01, 0x06, 0x03, 0x07, 0x01, 0x05, 0x02, 0x02, 0x02, 0x03, 0x02, 0x02, 0x06, 0x07, 0x01, 0x0F, 0x01, 0x06,
    0x03, 0x05, 0x01, 0x04, 0x02, 0x03, 0x01, 0x07, 0x04, 0x05, 0x01, 0x04, 0x01, 0x03, 0x01, 0x07, 0x01, 0x06, 0x0C, 0x07,
    0x25, 0x00, 0x05, 0x07, 0x06, 0x05, 0x28, 0x07, 0x01, 0x05, 0x03, 0x03, 0x02, 0x02, 0x01, 0x03, 0x01, 0x05, 0x03, 0x07,
    0x03, 0x06, 0x01, 0x07, 0x01, 0x06, 0x01, 0x02, 0x02, 0x03, 0x01, 0x02, 0x01, 0x03, 0x08, 0x07, 0x01, 0x05, 0x04, 0x07,
    0x01, 0x05, 0x01, 0x06, 0x01, 0x07, 0x01, 0x06, 0x02, 0x07, 0x03, 0x06, 0x01, 0x07, 0x09, 0x06, 0x08, 0x07, 0x01, 0x0E,
    0x02, 0x07, 0x1D, 0x00, 0x02, 0x07, 0x01, 0x06, 0x02, 0x07, 0x04, 0x05, 0x01, 0x04, 0x01, 0x06, 0x26, 0x07, 0x01, 0x05,
    0x03, 0x03, 0x02, 0x02, 0x01, 0x03, 0x01, 0x06, 0x01, 0x07, 0x01, 0x06, 0x06, 0x05, 0x01, 0x04, 0x01, 0x06, 0x01, 0x05,
    0x01, 0x02, 0x01, 0x03, 0x01, 0x02, 0x01, 0x06, 0x08, 0x07, 0x01, 0x05, 0x01, 0x07, 0x03, 0x06, 0x01, 0x05, 0x01, 0x06,
    0x01, 0x07, 0x02, 0x06, 0x02, 0x07, 0x01, 0x05, 0x01, 0x06, 0x01, 0x07, 0x0B, 0x06, 0x04, 0x07, 0x04, 0x10, 0x01, 0x0F,
    0x01, 0x07, 0x1D, 0x00, 0x01, 0x07, 0x01, 0x06, 0x03, 0x07, 0x01, 0x04, 0x03, 0x05, 0x26, 0x07, 0x01, 0x03, 0x01, 0x02,
    0x01, 0x03, 0x02, 0x02, 0x01, 0x03, 0x01, 0x05, 0x01, 0x07, 0x01, 0x06, 0x08, 0x05, 0x01, 0x04, 0x01, 0x05, 0x01, 0x06,
    0x01, 0x03, 0x02, 0x02, 0x01, 0x05, 0x08, 0x07, 0x01, 0x03, 0x01, 0x04, 0x01, 0x05, 0x02, 0x06, 0x01, 0x04, 0x01, 0x05,
    0x01, 0x06, 0x01, 0x05, 0x01, 0x06, 0x01, 0x07, 0x01, 0x06, 0x01, 0x04, 0x01, 0x05, 0x01, 0x06, 0x01, 0x05, 0x0C, 0x06,
    0x03, 0x07, 0x02, 0x0F, 0x01, 0x0E, 0x01, 0x10, 0x01, 0x07, 0x1D, 0x00, 0x05, 0x07, 0x01, 0x06, 0x01, 0x04, 0x01, 0x05,
    0x01, 0x06, 0x24, 0x07, 0x01, 0x06, 0x02, 0x02, 0x01, 0x03, 0x02, 0x02, 0x01, 0x05, 0x02, 0x06, 0x03, 0x05, 0x07, 0x06,
    0x04, 0x05, 0x02, 0x02, 0x01, 0x04, 0x08, 0x07, 0x01, 0x05, 0x01, 0x04, 0x01, 0x05, 0x01, 0x06, 0x01, 0x07, 0x01, 0x05,
    0x02, 0x04, 0x01, 0x05, 0x04, 0x06, 0x01, 0x05, 0x01, 0x04, 0x01, 0x05, 0x0D, 0x06, 0x01, 0x07, 0x01, 0x10, 0x01, 0x0F,
    0x02, 0x0E, 0x01, 0x07, 0x01, 0x10, 0x01, 0x07, 0x1D, 0x00, 0x01, 0x07, 0x01, 0x06, 0x03, 0x07, 0x02, 0x05, 0x24, 0x07,
    0x01, 0x05, 0x01, 0x02, 0x01, 0x03, 0x02, 0x02, 0x01, 0x04, 0x02, 0x06, 0x02, 0x05, 0x05, 0x06, 0x02, 0x07, 0x04, 0x06,
    0x02, 0x05, 0x01, 0x06, 0x03, 0x02, 0x08, 0x07, 0x02, 0x06, 0x01, 0x07, 0x03, 0x06, 0x01, 0x07, 0x01, 0x06, 0x01, 0x07,
    0x04, 0x06, 0x01, 0x07, 0x01, 0x06, 0x01, 0x07, 0x0C, 0x06, 0x01, 0x07, 0x01, 0x10, 0x01, 0x0E, 0x01, 0x0F, 0x01, 0x0E,
    0x02, 0x07, 0x01, 0x0F, 0x01, 0x07, 0x1D, 0x00, 0x02, 0x07, 0x01, 0x06, 0x27, 0x07, 0x01, 0x06, 0x01, 0x02, 0x01, 0x03,
    0x02, 0x02, 0x01, 0x05, 0x01, 0x06, 0x02, 0x05, 0x06, 0x06, 0x05, 0x07, 0x03, 0x06, 0x01, 0x05, 0x01, 0x06, 0x01, 0x04,
    0x02, 0x02, 0x08, 0x07, 0x01, 0x05, 0x1A, 0x06, 0x01, 0x07, 0x01, 0x10, 0x01, 0x0E, 0x01, 0x0F, 0x02, 0x0E, 0x04, 0x07,
    0x1E, 0x00, 0x02, 0x06, 0x27, 0x07, 0x03, 0x02, 0x01, 0x03, 0x03, 0x05, 0x05, 0x06, 0x0A, 0x07, 0x01, 0x06, 0x01, 0x05,
    0x01, 0x06, 0x01, 0x05, 0x02, 0x02, 0x01, 0x05, 0x07, 0x07, 0x01, 0x05, 0x19, 0x06, 0x01, 0x07, 0x01, 0x10, 0x01, 0x0E,
    0x02, 0x0F, 0x01, 0x0E, 0x04, 0x07, 0x1F, 0x00, 0x02, 0x07, 0x01, 0x06, 0x01, 0x07, 0x01, 0x06, 0x09, 0x07, 0x01, 0x06,
    0x19, 0x07, 0x01, 0x04, 0x01, 0x02, 0x01, 0x03, 0x01, 0x02, 0x03, 0x05, 0x02, 0x06, 0x0E, 0x07, 0x04, 0x06, 0x02, 0x02,
    0x01, 0x04, 0x06, 0x07, 0x01, 0x06, 0x01, 0x04, 0x17, 0x06, 0x01, 0x07, 0x01, 0x0E, 0x01, 0x0F, 0x01, 0x0E, 0x02, 0x0F,
    0x01, 0x0E, 0x03, 0x07, 0x01, 0x06, 0x01, 0x07, 0x01, 0x0E, 0x1F, 0x00, 0x01, 0x07, 0x02, 0x06, 0x08, 0x07, 0x03, 0x06,
    0x19, 0x07, 0x03, 0x02, 0x01, 0x04, 0x01, 0x05, 0x03, 0x06, 0x0F, 0x07, 0x02, 0x06, 0x01, 0x05, 0x01, 0x06, 0x02, 0x02,
    0x01, 0x03, 0x04, 0x07, 0x01, 0x06, 0x01, 0x07, 0x02, 0x05, 0x09, 0x06, 0x02, 0x07, 0x0B, 0x06, 0x01, 0x07, 0x05, 0x0F,
    0x01, 0x0E, 0x03, 0x07, 0x01, 0x06, 0x04, 0x07, 0x1E, 0x00, 0x02, 0x07, 0x01, 0x06, 0x07, 0x07, 0x06, 0x06, 0x17, 0x07,
    0x03, 0x02, 0x01, 0x05, 0x03, 0x06, 0x10, 0x07, 0x04, 0x06, 0x01, 0x03, 0x02, 0x02, 0x06, 0x07, 0x01, 0x04, 0x09, 0x06,
    0x02, 0x07, 0x03, 0x06, 0x01, 0x07, 0x07, 0x06, 0x01, 0x07, 0x01, 0x10, 0x01, 0x0E, 0x03, 0x0F, 0x01, 0x0E, 0x03, 0x07,
    0x01, 0x05, 0x01, 0x06, 0x01, 0x07, 0x01, 0x0E, 0x03, 0x07, 0x1E, 0x00, 0x08, 0x07, 0x0D, 0x06, 0x10, 0x07, 0x01, 0x06,
    0x03, 0x02, 0x01, 0x05, 0x02, 0x06, 0x0D, 0x07, 0x01, 0x06, 0x03, 0x07, 0x04, 0x06, 0x01, 0x03, 0x02, 0x02, 0x03, 0x07,
    0x01, 0x06, 0x01, 0x07, 0x01, 0x05, 0x01, 0x04, 0x09, 0x06, 0x01, 0x07, 0x03, 0x06, 0x01, 0x07, 0x06, 0x06, 0x01, 0x07,
    0x01, 0x0E, 0x01, 0x10, 0x01, 0x0E, 0x03, 0x0F, 0x04, 0x07, 0x01, 0x05, 0x01, 0x06, 0x07, 0x07, 0x1E, 0x00, 0x01, 0x07,
    0x01, 0x0F, 0x05, 0x07, 0x0A, 0x06, 0x05, 0x07, 0x04, 0x06, 0x0A, 0x07, 0x01, 0x05, 0x01, 0x02, 0x01, 0x03, 0x01, 0x02,
    0x01, 0x06, 0x0F, 0x07, 0x01, 0x02, 0x04, 0x07, 0x03, 0x06, 0x01, 0x03, 0x02, 0x02, 0x02, 0x07, 0x01, 0x06, 0x02, 0x07,
    0x01, 0x04, 0x01, 0x05, 0x0D, 0x06, 0x01, 0x07, 0x05, 0x06, 0x01, 0x07, 0x04, 0x0F, 0x02, 0x0E, 0x03, 0x07, 0x01, 0x06,
    0x01, 0x05, 0x08, 0x07, 0x01, 0x0E, 0x01, 0x07, 0x1D, 0x00, 0x01, 0x07, 0x01, 0x0F, 0x04, 0x07, 0x09, 0x06, 0x03, 0x07,
    0x01, 0x06, 0x01, 0x05, 0x02, 0x03, 0x02, 0x02, 0x02, 0x03, 0x01, 0x04, 0x01, 0x05, 0x06, 0x07, 0x01, 0x05, 0x04, 0x03,
    0x01, 0x02, 0x01, 0x05, 0x0E, 0x07, 0x01, 0x05, 0x01, 0x02, 0x04, 0x07, 0x03, 0x06, 0x01, 0x03, 0x01, 0x02, 0x01, 0x03,
    0x02, 0x07, 0x01, 0x06, 0x01, 0x07, 0x01, 0x05, 0x01, 0x04, 0x13, 0x06, 0x01, 0x07, 0x01, 0x0F, 0x01, 0x0E, 0x02, 0x0F,
    0x02, 0x0E, 0x03, 0x07, 0x02, 0x05, 0x0D, 0x07, 0x1B, 0x00, 0x05, 0x07, 0x07, 0x06, 0x03, 0x07, 0x01, 0x06, 0x01, 0x05,
    0x01, 0x03, 0x07, 0x02, 0x04, 0x03, 0x01, 0x06, 0x02, 0x07, 0x01, 0x05, 0x06, 0x03, 0x01, 0x02, 0x01, 0x03, 0x0E, 0x07,
    0x01, 0x02, 0x01, 0x06, 0x04, 0x07, 0x02, 0x06, 0x01, 0x05, 0x02, 0x02, 0x01, 0x04, 0x01, 0x07, 0x03, 0x06, 0x01, 0x03,
    0x01, 0x05, 0x08, 0x06, 0x01, 0x05, 0x09, 0x06, 0x01, 0x07, 0x01, 0x0F, 0x01, 0x0E, 0x03, 0x0F, 0x04, 0x07, 0x01, 0x05,
    0x01, 0x06, 0x0F, 0x07, 0x19, 0x00, 0x06, 0x07, 0x05, 0x06, 0x03, 0x07, 0x01, 0x05, 0x01, 0x03, 0x0C, 0x02, 0x01, 0x03,
    0x01, 0x02, 0x01, 0x03, 0x01, 0x05, 0x03, 0x02, 0x06, 0x03, 0x01, 0x02, 0x01, 0x06, 0x01, 0x07, 0x01, 0x06, 0x0A, 0x07,
    0x01, 0x02, 0x01, 0x03, 0x05, 0x07, 0x01, 0x06, 0x01, 0x07, 0x01, 0x04, 0x02, 0x02, 0x01, 0x05, 0x01, 0x07, 0x01, 0x06,
    0x01, 0x07, 0x02, 0x04, 0x12, 0x06, 0x01, 0x07, 0x01, 0x0F, 0x01, 0x0E, 0x01, 0x0F, 0x01, 0x0E, 0x04, 0x07, 0x01, 0x06,
    0x01, 0x05, 0x12, 0x07, 0x18, 0x00, 0x01, 0x07, 0x01, 0x0F, 0x03, 0x07, 0x04, 0x06, 0x03, 0x07, 0x01, 0x05, 0x07, 0x02,
    0x01, 0x04, 0x01, 0x05, 0x04, 0x06, 0x01, 0x05, 0x01, 0x03, 0x02, 0x02, 0x01, 0x03, 0x03, 0x02, 0x03, 0x03, 0x05, 0x02,
    0x01, 0x03, 0x04, 0x07, 0x02, 0x06, 0x04, 0x07, 0x01, 0x05, 0x01, 0x02, 0x01, 0x03, 0x05, 0x07, 0x01, 0x06, 0x01, 0x07,
    0x01, 0x06, 0x03, 0x02, 0x03, 0x07, 0x01, 0x05, 0x01, 0x03, 0x0B, 0x06, 0x01, 0x05, 0x06, 0x06, 0x01, 0x07, 0x01, 0x0E,
    0x01, 0x07, 0x02, 0x0F, 0x01, 0x0E, 0x03, 0x07, 0x01, 0x05, 0x01, 0x06, 0x14, 0x07, 0x17, 0x00, 0x01, 0x07, 0x01, 0x10,
    0x03, 0x07, 0x03, 0x06, 0x02, 0x07, 0x01, 0x05, 0x06, 0x02, 0x01, 0x04, 0x01, 0x05, 0x03, 0x06, 0x04, 0x05, 0x02, 0x06,
    0x01, 0x03, 0x01, 0x02, 0x02, 0x03, 0x01, 0x02, 0x01, 0x03, 0x02, 0x02, 0x01, 0x03, 0x03, 0x04, 0x01, 0x02, 0x01, 0x03,
    0x01, 0x02, 0x01, 0x05, 0x01, 0x07, 0x01, 0x06, 0x01, 0x07, 0x01, 0x05, 0x02, 0x02, 0x01, 0x03, 0x03, 0x02, 0x01, 0x05,
    0x05, 0x07, 0x01, 0x06, 0x01, 0x07, 0x01, 0x06, 0x01, 0x02, 0x01, 0x03, 0x01, 0x02, 0x01, 0x05, 0x01, 0x07, 0x02, 0x06,
    0x01, 0x03, 0x01, 0x05, 0x0B, 0x06, 0x01, 0x05, 0x05, 0x06, 0x03, 0x07, 0x02, 0x0E, 0x03, 0x07, 0x01, 0x06, 0x01, 0x05,
    0x17, 0x07, 0x16, 0x00, 0x01, 0x07, 0x01, 0x0F, 0x03, 0x07, 0x01, 0x06, 0x02, 0x07, 0x01, 0x06, 0x01, 0x03, 0x04, 0x02,
    0x01, 0x03, 0x01, 0x05, 0x03, 0x06, 0x09, 0x05, 0x01, 0x06, 0x01, 0x03, 0x01, 0x02, 0x01, 0x03, 0x03, 0x02, 0x01, 0x04,
    0x04, 0x05, 0x01, 0x04, 0x03, 0x02, 0x01, 0x06, 0x04, 0x07, 0x01, 0x05, 0x02, 0x04, 0x01, 0x06, 0x04, 0x07, 0x02, 0x06,
    0x02, 0x07, 0x01, 0x06, 0x03, 0x02, 0x01, 0x03, 0x01, 0x07, 0x02, 0x06, 0x01, 0x03, 0x01, 0x05, 0x0C, 0x06, 0x02, 0x05,
    0x03, 0x06, 0x08, 0x07, 0x02, 0x05, 0x18, 0x07, 0x16, 0x00, 0x07, 0x07, 0x01, 0x04, 0x04, 0x02, 0x01, 0x03, 0x01, 0x05,
    0x01, 0x07, 0x01, 0x06, 0x0E, 0x05, 0x01, 0x02, 0x02, 0x03, 0x01, 0x02, 0x06, 0x05, 0x01, 0x06, 0x01, 0x03, 0x03, 0x02,
    0x01, 0x06, 0x08, 0x07, 0x01, 0x06, 0x01, 0x07, 0x01, 0x06, 0x03, 0x07, 0x01, 0x04, 0x01, 0x02, 0x01, 0x03, 0x02, 0x02,
    0x01, 0x07, 0x02, 0x06, 0x01, 0x03, 0x01, 0x04, 0x05, 0x06, 0x02, 0x07, 0x06, 0x06, 0x02, 0x05, 0x01, 0x06, 0x01, 0x05,
    0x08, 0x07, 0x01, 0x05, 0x01, 0x06, 0x13, 0x07, 0x01, 0x06, 0x04, 0x07, 0x01, 0x0F, 0x01, 0x07, 0x15, 0x00, 0x06, 0x07,
    0x01, 0x03, 0x04, 0x02, 0x01, 0x05, 0x01, 0x07, 0x01, 0x06, 0x08, 0x05, 0x03, 0x06, 0x04, 0x05, 0x01, 0x06, 0x01, 0x03,
    0x02, 0x02, 0x01, 0x03, 0x02, 0x05, 0x04, 0x06, 0x02, 0x05, 0x01, 0x03, 0x03, 0x02, 0x01, 0x06, 0x03, 0x07, 0x03, 0x06,
    0x05, 0x07, 0x01, 0x05, 0x01, 0x03, 0x03, 0x02, 0x01, 0x03, 0x01, 0x07, 0x02, 0x06, 0x01, 0x03, 0x01, 0x04, 0x06, 0x06,
    0x02, 0x07, 0x06, 0x06, 0x01, 0x04, 0x02, 0x05, 0x08, 0x07, 0x01, 0x05, 0x15, 0x07, 0x01, 0x06, 0x06, 0x07, 0x15, 0x00,
    0x05, 0x07, 0x04, 0x02, 0x01, 0x03, 0x01, 0x06, 0x01, 0x07, 0x07, 0x05, 0x08, 0x06, 0x04, 0x05, 0x02, 0x02, 0x01, 0x03,
    0x01, 0x05, 0x06, 0x06, 0x02, 0x05, 0x01, 0x03, 0x03, 0x02, 0x01, 0x05, 0x07, 0x07, 0x01, 0x06, 0x01, 0x05, 0x03, 0x03,
    0x02, 0x02, 0x01, 0x04, 0x03, 0x06, 0x02, 0x03, 0x06, 0x06, 0x02, 0x07, 0x06, 0x06, 0x01, 0x05, 0x01, 0x04, 0x01, 0x05,
    0x01, 0x06, 0x07, 0x07, 0x01, 0x05, 0x16, 0x07, 0x01, 0x06, 0x05, 0x07, 0x01, 0x0F, 0x01, 0x07, 0x14, 0x00, 0x04, 0x07,
    0x01, 0x03, 0x01, 0x02, 0x01, 0x03, 0x02, 0x02, 0x02, 0x06, 0x07, 0x05, 0x0A, 0x06, 0x03, 0x05, 0x03, 0x02, 0x01, 0x05,
    0x03, 0x06, 0x02, 0x07, 0x02, 0x06, 0x01, 0x05, 0x01, 0x06, 0x01, 0x03, 0x03, 0x02, 0x01, 0x03, 0x01, 0x04, 0x02, 0x06,
    0x02, 0x05, 0x01, 0x04, 0x03, 0x03, 0x02, 0x02, 0x01, 0x03, 0x03, 0x06, 0x01, 0x05, 0x02, 0x03, 0x06, 0x06, 0x03, 0x07,
    0x06, 0x06, 0x01, 0x05, 0x01, 0x04, 0x01, 0x05, 0x07, 0x07, 0x01, 0x05, 0x16, 0x07, 0x01, 0x06, 0x01, 0x05, 0x07, 0x07,
    0x14, 0x00, 0x03, 0x07, 0x01, 0x05, 0x01, 0x02, 0x02, 0x03, 0x01, 0x02, 0x01, 0x04, 0x01, 0x06, 0x06, 0x05, 0x0D, 0x06,
    0x01, 0x05, 0x01, 0x06, 0x01, 0x03, 0x02, 0x02, 0x01, 0x06, 0x01, 0x07, 0x01, 0x06, 0x03, 0x07, 0x03, 0x06, 0x01, 0x05,
    0x01, 0x06, 0x01, 0x04, 0x04, 0x02, 0x05, 0x03, 0x03, 0x02, 0x01, 0x03, 0x01, 0x05, 0x02, 0x06, 0x01, 0x05, 0x01, 0x04,
    0x01, 0x02, 0x01, 0x03, 0x01, 0x05, 0x05, 0x06, 0x03, 0x07, 0x07, 0x06, 0x01, 0x05, 0x01, 0x03, 0x01, 0x06, 0x06, 0x07,
    0x01, 0x05, 0x17, 0x07, 0x01, 0x06, 0x01, 0x05, 0x08, 0x07, 0x13, 0x00, 0x03, 0x07, 0x01, 0x03, 0x01, 0x02, 0x02, 0x03,
    0x01, 0x02, 0x01, 0x05, 0x01, 0x06, 0x01, 0x04, 0x04, 0x05, 0x0D, 0x06, 0x01, 0x07, 0x02, 0x06, 0x01, 0x04, 0x02, 0x02,
    0x01, 0x05, 0x01, 0x07, 0x04, 0x06, 0x01, 0x07, 0x03, 0x06, 0x01, 0x05, 0x01, 0x06, 0x01, 0x05, 0x01, 0x03, 0x08, 0x02,
    0x01, 0x04, 0x01, 0x05, 0x02, 0x06, 0x02, 0x05, 0x01, 0x03, 0x01, 0x02, 0x01, 0x04, 0x01, 0x05, 0x06, 0x06, 0x02, 0x07,
    0x08, 0x06, 0x01, 0x04, 0x01, 0x03, 0x06, 0x07, 0x01, 0x05, 0x01, 0x06, 0x17, 0x07, 0x01, 0x06, 0x01, 0x05, 0x08, 0x07,
    0x13, 0x00, 0x03, 0x07, 0x02, 0x02, 0x02, 0x03, 0x01, 0x02, 0x01, 0x04, 0x01, 0x05, 0x01, 0x04, 0x03, 0x05, 0x0D, 0x06,
    0x01, 0x07, 0x01, 0x04, 0x02, 0x06, 0x01, 0x04, 0x02, 0x02, 0x01, 0x05, 0x01, 0x07, 0x0D, 0x06, 0x01, 0x05, 0x03, 0x04,
    0x01, 0x05, 0x04, 0x06, 0x02, 0x05, 0x01, 0x04, 0x02, 0x02, 0x01, 0x04, 0x01, 0x05, 0x06, 0x06, 0x03, 0x07, 0x08, 0x06,
    0x01, 0x03, 0x01, 0x05, 0x05, 0x07, 0x01, 0x06, 0x01, 0x05, 0x15, 0x07, 0x02, 0x06, 0x01, 0x07, 0x02, 0x05, 0x08, 0x07,
    0x13, 0x00, 0x03, 0x07, 0x01, 0x04, 0x01, 0x02, 0x02, 0x03, 0x01, 0x02, 0x01, 0x03, 0x01, 0x06, 0x01, 0x04, 0x03, 0x05,
    0x0C, 0x06, 0x01, 0x07, 0x01, 0x05, 0x01, 0x02, 0x01, 0x07, 0x01, 0x06, 0x01, 0x05, 0x02, 0x02, 0x01, 0x04, 0x01, 0x07,
    0x04, 0x06, 0x05, 0x07, 0x01, 0x04, 0x01, 0x05, 0x09, 0x06, 0x03, 0x05, 0x01, 0x03, 0x02, 0x02, 0x01, 0x05, 0x06, 0x06,
    0x04, 0x07, 0x09, 0x06, 0x01, 0x03, 0x01, 0x06, 0x05, 0x07, 0x01, 0x05, 0x01, 0x06, 0x15, 0x07, 0x02, 0x06, 0x01, 0x07,
    0x01, 0x05, 0x01, 0x06, 0x08, 0x07, 0x13, 0x00, 0x04, 0x07, 0x02, 0x02, 0x02, 0x03, 0x01, 0x02, 0x04, 0x05, 0x0C, 0x06,
    0x02, 0x07, 0x01, 0x02, 0x01, 0x05, 0x01, 0x07, 0x01, 0x06, 0x01, 0x05, 0x02, 0x02, 0x01, 0x04, 0x01, 0x07, 0x03, 0x06,
    0x02, 0x07, 0x01, 0x06, 0x02, 0x07, 0x01, 0x05, 0x01, 0x02, 0x01, 0x07, 0x08, 0x06, 0x02, 0x05, 0x01, 0x04, 0x02, 0x02,
    0x01, 0x04, 0x01, 0x05, 0x06, 0x06, 0x04, 0x07, 0x09, 0x06, 0x01, 0x05, 0x01, 0x04, 0x05, 0x07, 0x01, 0x06, 0x01, 0x05,
    0x01, 0x07, 0x02, 0x06, 0x11, 0x07, 0x05, 0x06, 0x01, 0x04, 0x09, 0x07, 0x13, 0x00, 0x02, 0x07, 0x01, 0x06, 0x01, 0x07,
    0x01, 0x04, 0x02, 0x02, 0x01, 0x03, 0x01, 0x02, 0x01, 0x03, 0x01, 0x06, 0x02, 0x05, 0x05, 0x06, 0x08, 0x07, 0x02, 0x02,
    0x01, 0x07, 0x02, 0x06, 0x01, 0x05, 0x02, 0x02, 0x01, 0x05, 0x01, 0x07, 0x03, 0x06, 0x01, 0x07, 0x01, 0x05, 0x01, 0x02,
    0x02, 0x03, 0x01, 0x02, 0x01, 0x06, 0x01, 0x07, 0x06, 0x06, 0x01, 0x05, 0x01, 0x04, 0x01, 0x03, 0x02, 0x02, 0x01, 0x04,
    0x01, 0x05, 0x08, 0x06, 0x03, 0x07, 0x0A, 0x06, 0x02, 0x05, 0x05, 0x07, 0x01, 0x05, 0x06, 0x06, 0x0E, 0x07, 0x04, 0x06,
    0x01, 0x07, 0x02, 0x05, 0x09, 0x07, 0x13, 0x00, 0x02, 0x07, 0x02, 0x06, 0x01, 0x07, 0x01, 0x06, 0x01, 0x03, 0x01, 0x02,
    0x01, 0x03, 0x01, 0x02, 0x01, 0x05, 0x01, 0x06, 0x01, 0x05, 0x05, 0x06, 0x01, 0x02, 0x01, 0x04, 0x01, 0x06, 0x02, 0x07,
    0x01, 0x06, 0x01, 0x03, 0x01, 0x02, 0x01, 0x03, 0x01, 0x07, 0x03, 0x06, 0x01, 0x04, 0x02, 0x02, 0x01, 0x05, 0x01, 0x07,
    0x01, 0x06, 0x02, 0x07, 0x01, 0x06, 0x01, 0x02, 0x05, 0x07, 0x05, 0x06, 0x03, 0x05, 0x01, 0x07, 0x01, 0x06, 0x01, 0x03,
    0x01, 0x05, 0x08, 0x06, 0x04, 0x07, 0x09, 0x06, 0x01, 0x05, 0x01, 0x06, 0x01, 0x04, 0x01, 0x06, 0x04, 0x07, 0x01, 0x06,
    0x01, 0x04, 0x08, 0x06, 0x0A, 0x07, 0x07, 0x06, 0x01, 0x03, 0x0A, 0x07, 0x13, 0x00, 0x02, 0x07, 0x03, 0x06, 0x02, 0x07,
    0x03, 0x02, 0x01, 0x03, 0x02, 0x06, 0x01, 0x05, 0x03, 0x06, 0x01, 0x07, 0x01, 0x06, 0x06, 0x02, 0x01, 0x05, 0x01, 0x07,
    0x04, 0x06, 0x01, 0x03, 0x02, 0x02, 0x01, 0x06, 0x01, 0x07, 0x01, 0x05, 0x02, 0x03, 0x01, 0x02, 0x01, 0x06, 0x01, 0x07,
    0x01, 0x06, 0x01, 0x07, 0x06, 0x06, 0x01, 0x05, 0x02, 0x07, 0x01, 0x0F, 0x02, 0x10, 0x01, 0x0E, 0x01, 0x06, 0x01, 0x05,
    0x05, 0x06, 0x05, 0x07, 0x0A, 0x06, 0x01, 0x05, 0x01, 0x06, 0x01, 0x04, 0x01, 0x06, 0x04, 0x07, 0x01, 0x06, 0x01, 0x04,
    0x0C, 0x06, 0x04, 0x07, 0x08, 0x06, 0x01, 0x04, 0x01, 0x06, 0x0A, 0x07, 0x13, 0x00, 0x02, 0x07, 0x06, 0x06, 0x03, 0x02,
    0x01, 0x04, 0x06, 0x06, 0x02, 0x07, 0x01, 0x06, 0x02, 0x05, 0x01, 0x06, 0x02, 0x07, 0x04, 0x06, 0x01, 0x04, 0x02, 0x02,
    0x01, 0x03, 0x01, 0x07, 0x01, 0x06, 0x01, 0x07, 0x02, 0x06, 0x02, 0x07, 0x08, 0x06, 0x01, 0x05, 0x02, 0x07, 0x01, 0x0E,
    0x01, 0x07, 0x02, 0x0E, 0x01, 0x0F, 0x01, 0x07, 0x04, 0x06, 0x06, 0x07, 0x0A, 0x06, 0x02, 0x05, 0x01, 0x06, 0x01, 0x03,
    0x01, 0x06, 0x04, 0x07, 0x02, 0x05, 0x01, 0x06, 0x01, 0x05, 0x15, 0x06, 0x01, 0x04, 0x01, 0x06, 0x0B, 0x07, 0x14, 0x00,
    0x02, 0x07, 0x04, 0x06, 0x01, 0x07, 0x01, 0x05, 0x01, 0x02, 0x01, 0x03, 0x01, 0x02, 0x01, 0x05, 0x01, 0x06, 0x01, 0x05,
    0x06, 0x06, 0x02, 0x07, 0x05, 0x06, 0x01, 0x07, 0x01, 0x05, 0x03, 0x02, 0x01, 0x05, 0x01, 0x07, 0x03, 0x06, 0x01, 0x07,
    0x07, 0x06, 0x01, 0x05, 0x01, 0x04, 0x01, 0x03, 0x01, 0x02, 0x03, 0x07, 0x02, 0x0E, 0x01, 0x0F, 0x01, 0x0E, 0x01, 0x10,
    0x07, 0x07, 0x01, 0x06, 0x01, 0x07, 0x0B, 0x06, 0x03, 0x05, 0x01, 0x03, 0x01, 0x07, 0x01, 0x06, 0x03, 0x07, 0x02, 0x03,
    0x02, 0x06, 0x02, 0x05, 0x11, 0x06, 0x02, 0x05, 0x01, 0x06, 0x0C, 0x07, 0x14, 0x00, 0x02, 0x07, 0x05, 0x06, 0x01, 0x07,
    0x01, 0x03, 0x01, 0x02, 0x01, 0x03, 0x01, 0x02, 0x01, 0x05, 0x01, 0x06, 0x01, 0x05, 0x0C, 0x06, 0x01, 0x04, 0x03, 0x02,
    0x01, 0x04, 0x0A, 0x06, 0x02, 0x05, 0x01, 0x04, 0x02, 0x05, 0x02, 0x06, 0x02, 0x05, 0x01, 0x07, 0x01, 0x0E, 0x05, 0x0F,
    0x01, 0x07, 0x01, 0x10, 0x02, 0x07, 0x0E, 0x06, 0x02, 0x05, 0x01, 0x06, 0x01, 0x05, 0x01, 0x02, 0x01, 0x05, 0x04, 0x06,
    0x02, 0x03, 0x01, 0x04, 0x06, 0x05, 0x0D, 0x06, 0x02, 0x05, 0x0D, 0x07, 0x16, 0x00, 0x02, 0x07, 0x05, 0x06, 0x01, 0x07,
    0x02, 0x02, 0x01, 0x03, 0x01, 0x02, 0x01, 0x05, 0x02, 0x06, 0x02, 0x05, 0x07, 0x06, 0x01, 0x04, 0x04, 0x02, 0x01, 0x04,
    0x08, 0x06, 0x01, 0x05, 0x01, 0x04, 0x01, 0x05, 0x01, 0x06, 0x07, 0x07, 0x01, 0x05, 0x01, 0x06, 0x01, 0x07, 0x02, 0x0E,
    0x03, 0x0F, 0x03, 0x07, 0x01, 0x06, 0x01, 0x07, 0x0D, 0x06, 0x02, 0x05, 0x01, 0x06, 0x02, 0x02, 0x01, 0x05, 0x02, 0x06,
    0x05, 0x07, 0x01, 0x05, 0x02, 0x04, 0x05, 0x05, 0x07, 0x06, 0x03, 0x05, 0x01, 0x06, 0x0C, 0x07, 0x01, 0x06, 0x02, 0x07,
    0x16, 0x00, 0x02, 0x07, 0x06, 0x06, 0x01, 0x07, 0x02, 0x02, 0x02, 0x03, 0x01, 0x04, 0x07, 0x06, 0x01, 0x05, 0x01, 0x04,
    0x05, 0x02, 0x01, 0x05, 0x05, 0x06, 0x03, 0x05, 0x02, 0x04, 0x01, 0x06, 0x0A, 0x07, 0x01, 0x05, 0x02, 0x07, 0x01, 0x0E,
    0x03, 0x0F, 0x01, 0x0E, 0x02, 0x07, 0x0E, 0x06, 0x01, 0x05, 0x01, 0x06, 0x01, 0x05, 0x01, 0x04, 0x01, 0x02, 0x01, 0x05,
    0x0A, 0x07, 0x01, 0x06, 0x01, 0x05, 0x04, 0x04, 0x07, 0x05, 0x02, 0x06, 0x0D, 0x07, 0x02, 0x06, 0x02, 0x07, 0x17, 0x00,
    0x02, 0x07, 0x06, 0x06, 0x01, 0x07, 0x01, 0x03, 0x01, 0x02, 0x04, 0x03, 0x03, 0x04, 0x01, 0x03, 0x06, 0x02, 0x01, 0x03,
    0x06, 0x05, 0x02, 0x06, 0x01, 0x05, 0x01, 0x03, 0x01, 0x05, 0x0D, 0x07, 0x01, 0x05, 0x01, 0x07, 0x02, 0x0E, 0x01, 0x0F,
    0x01, 0x0E, 0x01, 0x0F, 0x01, 0x07, 0x0E, 0x06, 0x03, 0x05, 0x01, 0x04, 0x01, 0x06, 0x0E, 0x07, 0x02, 0x06, 0x02, 0x05,
    0x04, 0x06, 0x11, 0x07, 0x02, 0x06, 0x02, 0x07, 0x19, 0x00, 0x02, 0x07, 0x06, 0x06, 0x01, 0x07, 0x01, 0x04, 0x02, 0x02,
    0x01, 0x03, 0x09, 0x02, 0x01, 0x03, 0x02, 0x04, 0x02, 0x03, 0x01, 0x04, 0x02, 0x05, 0x02, 0x04, 0x02, 0x02, 0x01, 0x06,
    0x0E, 0x07, 0x01, 0x05, 0x03, 0x07, 0x03, 0x0E, 0x01, 0x07, 0x0C, 0x06, 0x04, 0x05, 0x01, 0x04, 0x28, 0x07, 0x04, 0x06,
    0x1B, 0x00, 0x02, 0x07, 0x06, 0x06, 0x01, 0x07, 0x01, 0x06, 0x01, 0x03, 0x07, 0x02, 0x01, 0x03, 0x02, 0x04, 0x02, 0x03,
    0x01, 0x04, 0x01, 0x05, 0x01, 0x06, 0x05, 0x07, 0x02, 0x05, 0x10, 0x07, 0x01, 0x05, 0x02, 0x07, 0x03, 0x0E, 0x01, 0x0F,
    0x0A, 0x06, 0x05, 0x05, 0x01, 0x03, 0x01, 0x05, 0x27, 0x07, 0x04, 0x06, 0x01, 0x07, 0x1C, 0x00, 0x02, 0x07, 0x07, 0x06,
    0x01, 0x07, 0x01, 0x06, 0x05, 0x05, 0x02, 0x06, 0x01, 0x05, 0x02, 0x04, 0x01, 0x06, 0x1A, 0x07, 0x01, 0x05, 0x07, 0x07,
    0x02, 0x06, 0x01, 0x05, 0x04, 0x06, 0x06, 0x05, 0x01, 0x04, 0x01, 0x03, 0x26, 0x07, 0x05, 0x06, 0x01, 0x07, 0x1F, 0x00,
    0x01, 0x07, 0x05, 0x06, 0x02, 0x05, 0x05, 0x06, 0x02, 0x05, 0x01, 0x04, 0x02, 0x05, 0x09, 0x07, 0x02, 0x06, 0x11, 0x07,
    0x01, 0x05, 0x01, 0x06, 0x06, 0x07, 0x02, 0x06, 0x01, 0x05, 0x01, 0x06, 0x01, 0x05, 0x02, 0x06, 0x06, 0x05, 0x01, 0x04,
    0x01, 0x02, 0x01, 0x06, 0x22, 0x07, 0x07, 0x06, 0x01, 0x07, 0x21, 0x00, 0x03, 0x06, 0x01, 0x05, 0x01, 0x06, 0x08, 0x05,
    0x01, 0x04, 0x01, 0x05, 0x01, 0x06, 0x0A, 0x07, 0x02, 0x06, 0x11, 0x07, 0x01, 0x06, 0x01, 0x05, 0x06, 0x07, 0x02, 0x06,
    0x0B, 0x05, 0x01, 0x03, 0x01, 0x02, 0x05, 0x06, 0x1B, 0x07, 0x0A, 0x06, 0x25, 0x00, 0x03, 0x05, 0x07, 0x04, 0x01, 0x03,
    0x01, 0x04, 0x01, 0x07, 0x01, 0x06, 0x09, 0x07, 0x01, 0x04, 0x01, 0x06, 0x01, 0x07, 0x01, 0x06, 0x0F, 0x07, 0x01, 0x06,
    0x01, 0x05, 0x06, 0x07, 0x02, 0x06, 0x0A, 0x05, 0x01, 0x04, 0x02, 0x02, 0x01, 0x04, 0x01, 0x07, 0x0A, 0x06, 0x0E, 0x07,
    0x0E, 0x06, 0x2B, 0x00, 0x01, 0x04, 0x05, 0x03, 0x01, 0x02, 0x01, 0x04, 0x03, 0x06, 0x01, 0x07, 0x01, 0x06, 0x05, 0x07,
    0x01, 0x06, 0x02, 0x04, 0x01, 0x07, 0x01, 0x06, 0x01, 0x07, 0x02, 0x06, 0x08, 0x07, 0x01, 0x06, 0x01, 0x07, 0x03, 0x06,
    0x01, 0x05, 0x06, 0x07, 0x01, 0x06, 0x0A, 0x05, 0x01, 0x04, 0x01, 0x00, 0x03, 0x02, 0x01, 0x04, 0x01, 0x07, 0x24, 0x06,
    0x34, 0x00, 0x05, 0x06, 0x03, 0x07, 0x02, 0x06, 0x01, 0x05, 0x01, 0x04, 0x01, 0x02, 0x01, 0x05, 0x01, 0x07, 0x04, 0x06,
    0x04, 0x07, 0x06, 0x06, 0x01, 0x07, 0x01, 0x05, 0x01, 0x04, 0x06, 0x07, 0x01, 0x06, 0x06, 0x05, 0x03, 0x04, 0x01, 0x03,
    0x06, 0x00, 0x21, 0x06, 0x01, 0x05, 0x39, 0x00, 0x08, 0x05, 0x02, 0x03, 0x02, 0x00, 0x03, 0x06, 0x01, 0x05, 0x01, 0x06,
    0x04, 0x07, 0x06, 0x06, 0x01, 0x05, 0x01, 0x04, 0x01, 0x06, 0x06, 0x07, 0x01, 0x03, 0x03, 0x04, 0x01, 0x03, 0x03, 0x04,
    0x0B, 0x00, 0x06, 0x05, 0x02, 0x06, 0x02, 0x05, 0x08, 0x06, 0x02, 0x05, 0x03, 0x06, 0x05, 0x05, 0x01, 0x04, 0x4A, 0x00,
    0x01, 0x04, 0x01, 0x03, 0x08, 0x05, 0x01, 0x04, 0x01, 0x03, 0x02, 0x00, 0x01, 0x03, 0x02, 0x06, 0x02, 0x07, 0x02, 0x06,
    0x01, 0x05, 0x1C, 0x00, 0x01, 0x03, 0x0A, 0x04, 0xFF, 0x00, 0xFF, 0x00, 0xFF, 0x00, 0xFF, 0x00, 0xFF, 0x00, 0xFF, 0x00,
    0xFF, 0x00, 0xFF, 0x00, 0xFF, 0x00, 0xB3, 0x00,
};

static const uint8_t momo_sprite_6[] = {
    0xFF, 0x00, 0xFF, 0x00, 0xFF, 0x00, 0xFF, 0x00, 0xFF, 0x00, 0xFF, 0x00, 0xFF, 0x00, 0xFF, 0x00, 0xFF, 0x00, 0xFF, 0x00,
    0xFF, 0x00, 0xFF, 0x00, 0xFF, 0x00, 0xFF, 0x00, 0x62, 0x00, 0x06, 0x07, 0x89, 0x00, 0x05, 0x07, 0x01, 0x10, 0x01, 0x0E,
    0x01, 0x07, 0x87, 0x00, 0x08, 0x07, 0x01, 0x10, 0x01, 0x0F, 0x01, 0x07, 0x84, 0x00, 0x02, 0x07, 0x04, 0x06, 0x05, 0x07,
    0x01, 0x10, 0x01, 0x07, 0x82, 0x00, 0x03, 0x07, 0x01, 0x06, 0x01, 0x05, 0x03, 0x06, 0x05, 0x07, 0x01, 0x10, 0x01, 0x0F,
    0x01, 0x07, 0x80, 0x00, 0x02, 0x07, 0x02, 0x06, 0x02, 0x05, 0x03, 0x06, 0x05, 0x07, 0x02, 0x0F, 0x01, 0x07, 0x7E, 0x00,
    0x04, 0x07, 0x01, 0x06, 0x01, 0x05, 0x01, 0x03, 0x01, 0x04, 0x03, 0x06, 0x06, 0x07, 0x01, 0x10, 0x01, 0x07, 0x7D, 0x00,
    0x04, 0x07, 0x01, 0x06, 0x02, 0x04, 0x02, 0x03, 0x02, 0x06, 0x06, 0x07, 0x01, 0x0E, 0x01, 0x10, 0x01, 0x07, 0x7C, 0x00,
    0x04, 0x07, 0x01, 0x05, 0x01, 0x04, 0x01, 0x05, 0x01, 0x04, 0x01, 0x03, 0x01, 0x04, 0x02, 0x06, 0x02, 0x07, 0x01, 0x0E,
    0x03, 0x07, 0x01, 0x0E, 0x01, 0x10, 0x01, 0x07, 0x7A, 0x00, 0x04, 0x07, 0x01, 0x06, 0x01, 0x04, 0x02, 0x05, 0x02, 0x04,
    0x01, 0x03, 0x01, 0x05, 0x01, 0x06, 0x03, 0x07, 0x01, 0x0E, 0x03, 0x07, 0x02, 0x0F, 0x01, 0x07, 0x79, 0x00, 0x04, 0x07,
    0x01, 0x06, 0x04, 0x05, 0x03, 0x04, 0x02, 0x06, 0x07, 0x07, 0x01, 0x10, 0x01, 0x0E, 0x22, 0x00, 0x08, 0x07, 0x4E, 0x00,
    0x05, 0x07, 0x05, 0x05, 0x02, 0x04, 0x01, 0x03, 0x02, 0x06, 0x03, 0x07, 0x02, 0x0E, 0x03, 0x07, 0x01, 0x10, 0x01, 0x07,
    0x1E, 0x00, 0x04, 0x07, 0x06, 0x10, 0x01, 0x0F, 0x01, 0x07, 0x4D, 0x00, 0x05, 0x07, 0x06, 0x05, 0x01, 0x04, 0x01, 0x03,
    0x01, 0x04, 0x01, 0x07, 0x01, 0x06, 0x02, 0x07, 0x01, 0x0E, 0x01, 0x0F, 0x04, 0x07, 0x01, 0x10, 0x01, 0x07, 0x1A, 0x00,
    0x03, 0x07, 0x02, 0x10, 0x05, 0x07, 0x02, 0x0F, 0x02, 0x0E, 0x01, 0x0F, 0x01, 0x07, 0x4C, 0x00, 0x04, 0x07, 0x01, 0x06,
    0x01, 0x05, 0x01, 0x06, 0x04, 0x05, 0x02, 0x04, 0x01, 0x03, 0x02, 0x06, 0x03, 0x07, 0x02, 0x0F, 0x03, 0x07, 0x01, 0x0E,
    0x01, 0x0F, 0x01, 0x07, 0x17, 0x00, 0x01, 0x07, 0x02, 0x0E, 0x01, 0x10, 0x06, 0x07, 0x01, 0x10, 0x01, 0x0F, 0x04, 0x07,
    0x01, 0x0F, 0x01, 0x07, 0x4C, 0x00, 0x04, 0x07, 0x01, 0x06, 0x01, 0x05, 0x01, 0x06, 0x04, 0x05, 0x02, 0x04, 0x01, 0x03,
    0x01, 0x05, 0x01, 0x06, 0x09, 0x07, 0x01, 0x10, 0x01, 0x0F, 0x01, 0x0E, 0x01, 0x07, 0x02, 0x0E, 0x05, 0x07, 0x0C, 0x00,
    0x02, 0x07, 0x01, 0x0E, 0x01, 0x10, 0x06, 0x07, 0x02, 0x0F, 0x03, 0x07, 0x02, 0x06, 0x03, 0x07, 0x4B, 0x00, 0x02, 0x07,
    0x01, 0x06, 0x02, 0x07, 0x02, 0x05, 0x01, 0x06, 0x05, 0x05, 0x01, 0x04, 0x01, 0x02, 0x01, 0x04, 0x01, 0x06, 0x08, 0x07,
    0x02, 0x0E, 0x01, 0x0F, 0x08, 0x10, 0x01, 0x0F, 0x01, 0x0E, 0x03, 0x07, 0x07, 0x00, 0x01, 0x07, 0x01, 0x0E, 0x01, 0x10,
    0x06, 0x07, 0x01, 0x0E, 0x01, 0x10, 0x04, 0x07, 0x02, 0x06, 0x01, 0x05, 0x01, 0x06, 0x03, 0x07, 0x4A, 0x00, 0x02, 0x07,
    0x01, 0x06, 0x02, 0x07, 0x02, 0x05, 0x01, 0x06, 0x04, 0x05, 0x03, 0x04, 0x01, 0x06, 0x11, 0x07, 0x02, 0x0E, 0x01, 0x0F,
    0x05, 0x10, 0x01, 0x0E, 0x02, 0x07, 0x02, 0x00, 0x01, 0x07, 0x01, 0x0F, 0x01, 0x10, 0x07, 0x07, 0x01, 0x0F, 0x01, 0x10,
    0x03, 0x07, 0x01, 0x06, 0x01, 0x05, 0x01, 0x04, 0x02, 0x05, 0x01, 0x06, 0x01, 0x07, 0x01, 0x0F, 0x01, 0x07, 0x4A, 0x00,
    0x05, 0x07, 0x02, 0x05, 0x02, 0x06, 0x03, 0x05, 0x01, 0x06, 0x17, 0x07, 0x02, 0x0E, 0x02, 0x0F, 0x04, 0x10, 0x03, 0x07,
    0x01, 0x0E, 0x07, 0x07, 0x02, 0x0F, 0x03, 0x07, 0x01, 0x05, 0x04, 0x04, 0x01, 0x05, 0x01, 0x06, 0x01, 0x07, 0x01, 0x0E,
    0x01, 0x07, 0x4A, 0x00, 0x05, 0x07, 0x05, 0x05, 0x01, 0x06, 0x1D, 0x07, 0x01, 0x0E, 0x03, 0x0F, 0x02, 0x10, 0x01, 0x0F,
    0x07, 0x07, 0x01, 0x0F, 0x01, 0x0E, 0x03, 0x07, 0x01, 0x05, 0x01, 0x04, 0x02, 0x05, 0x01, 0x06, 0x01, 0x05, 0x01, 0x04,
    0x01, 0x06, 0x03, 0x07, 0x4A, 0x00, 0x05, 0x07, 0x03, 0x05, 0x01, 0x06, 0x21, 0x07, 0x01, 0x0E, 0x03, 0x0F, 0x01, 0x10,
    0x01, 0x0F, 0x05, 0x07, 0x01, 0x0F, 0x01, 0x0E, 0x03, 0x07, 0x01, 0x05, 0x01, 0x04, 0x02, 0x05, 0x02, 0x06, 0x01, 0x05,
    0x01, 0x04, 0x01, 0x06, 0x03, 0x07, 0x4A, 0x00, 0x05, 0x07, 0x01, 0x06, 0x01, 0x05, 0x24, 0x07, 0x02, 0x0E, 0x02, 0x0F,
    0x01, 0x10, 0x01, 0x0F, 0x03, 0x07, 0x01, 0x0F, 0x01, 0x0E, 0x03, 0x07, 0x01, 0x05, 0x01, 0x04, 0x02, 0x05, 0x03, 0x06,
    0x01, 0x05, 0x01, 0x04, 0x01, 0x06, 0x03, 0x07, 0x4A, 0x00, 0x01, 0x07, 0x01, 0x06, 0x2B, 0x07, 0x02, 0x0E, 0x02, 0x0F,
    0x01, 0x0E, 0x02, 0x07, 0x01, 0x0F, 0x03, 0x07, 0x01, 0x05, 0x01, 0x04, 0x02, 0x05, 0x04, 0x06, 0x01, 0x05, 0x01, 0x04,
    0x01, 0x06, 0x03, 0x07, 0x49, 0x00, 0x02, 0x07, 0x03, 0x06, 0x01, 0x07, 0x01, 0x0E, 0x2A, 0x07, 0x03, 0x0E, 0x04, 0x07,
    0x01, 0x06, 0x01, 0x04, 0x01, 0x05, 0x06, 0x06, 0x02, 0x05, 0x01, 0x06, 0x03, 0x07, 0x49, 0x00, 0x02, 0x07, 0x01, 0x06,
    0x01, 0x07, 0x01, 0x0E, 0x01, 0x10, 0x01, 0x0E, 0x2B, 0x07, 0x02, 0x0E, 0x04, 0x07, 0x02, 0x05, 0x07, 0x06, 0x02, 0x05,
    0x01, 0x06, 0x03, 0x07, 0x49, 0x00, 0x03, 0x07, 0x02, 0x10, 0x01, 0x0E, 0x2E, 0x07, 0x01, 0x0E, 0x04, 0x07, 0x01, 0x06,
    0x01, 0x05, 0x06, 0x06, 0x02, 0x05, 0x01, 0x06, 0x03, 0x07, 0x49, 0x00, 0x02, 0x07, 0x01, 0x10, 0x01, 0x0F, 0x01, 0x0E,
    0x35, 0x07, 0x01, 0x06, 0x01, 0x05, 0x05, 0x06, 0x02, 0x05, 0x04, 0x07, 0x49, 0x00, 0x01, 0x07, 0x01, 0x10, 0x01, 0x0F,
    0x01, 0x0E, 0x37, 0x07, 0x01, 0x06, 0x01, 0x05, 0x04, 0x06, 0x01, 0x05, 0x01, 0x06, 0x04, 0x07, 0x48, 0x00, 0x01, 0x07,
    0x01, 0x10, 0x01, 0x0F, 0x22, 0x07, 0x0A, 0x0E, 0x0E, 0x07, 0x01, 0x06, 0x01, 0x05, 0x03, 0x06, 0x01, 0x05, 0x01, 0x06,
    0x04, 0x07, 0x47, 0x00, 0x01, 0x07, 0x01, 0x10, 0x01, 0x0F, 0x01, 0x0E, 0x21, 0x07, 0x06, 0x0E, 0x01, 0x0F, 0x05, 0x0E,
    0x0A, 0x07, 0x02, 0x0E, 0x02, 0x07, 0x01, 0x05, 0x02, 0x06, 0x02, 0x05, 0x05, 0x07, 0x46, 0x00, 0x01, 0x07, 0x01, 0x10,
    0x01, 0x0F, 0x22, 0x07, 0x04, 0x0E, 0x07, 0x0F, 0x04, 0x0E, 0x09, 0x07, 0x01, 0x0E, 0x01, 0x0F, 0x02, 0x07, 0x02, 0x05,
    0x01, 0x04, 0x01, 0x06, 0x04, 0x07, 0x46, 0x00, 0x01, 0x07, 0x01, 0x10, 0x01, 0x0E, 0x22, 0x07, 0x03, 0x0E, 0x0A, 0x0F,
    0x01, 0x0E, 0x01, 0x0F, 0x03, 0x0E, 0x08, 0x07, 0x02, 0x0F, 0x01, 0x0E, 0x01, 0x06, 0x01, 0x05, 0x01, 0x06, 0x05, 0x07,
    0x45, 0x00, 0x01, 0x07, 0x01, 0x10, 0x01, 0x0E, 0x24, 0x07, 0x02, 0x0E, 0x0D, 0x0F, 0x02, 0x0E, 0x08, 0x07, 0x01, 0x0E,
    0x02, 0x10, 0x08, 0x07, 0x44, 0x00, 0x01, 0x07, 0x01, 0x10, 0x02, 0x0E, 0x01, 0x07, 0x01, 0x06, 0x01, 0x04, 0x01, 0x03,
    0x07, 0x02, 0x01, 0x03, 0x02, 0x04, 0x01, 0x05, 0x01, 0x06, 0x14, 0x07, 0x03, 0x0E, 0x04, 0x0F, 0x03, 0x10, 0x05, 0x0F,
    0x04, 0x0E, 0x07, 0x07, 0x01, 0x0E, 0x01, 0x10, 0x01, 0x0F, 0x02, 0x07, 0x01, 0x0E, 0x04, 0x07, 0x43, 0x00, 0x01, 0x07,
    0x01, 0x10, 0x01, 0x0F, 0x01, 0x07, 0x01, 0x05, 0x11, 0x02, 0x01, 0x03, 0x01, 0x04, 0x01, 0x06, 0x11, 0x07, 0x02, 0x0E,
    0x05, 0x0F, 0x01, 0x10, 0x01, 0x0F, 0x02, 0x10, 0x03, 0x0F, 0x02, 0x0E, 0x01, 0x0F, 0x01, 0x0E, 0x08, 0x07, 0x01, 0x0F,
    0x02, 0x10, 0x05, 0x07, 0x43, 0x00, 0x01, 0x07, 0x01, 0x10, 0x01, 0x0F, 0x01, 0x07, 0x01, 0x04, 0x03, 0x02, 0x01, 0x03,
    0x12, 0x02, 0x01, 0x04, 0x01, 0x05, 0x0F, 0x07, 0x04, 0x0E, 0x03, 0x0F, 0x01, 0x10, 0x06, 0x0F, 0x03, 0x0E, 0x08, 0x07,
    0x01, 0x0E, 0x01, 0x0F, 0x01, 0x10, 0x01, 0x0E, 0x04, 0x07, 0x42, 0x00, 0x01, 0x07, 0x02, 0x0F, 0x01, 0x10, 0x01, 0x06,
    0x01, 0x02, 0x02, 0x03, 0x03, 0x02, 0x01, 0x04, 0x01, 0x06, 0x04, 0x07, 0x02, 0x06, 0x02, 0x05, 0x01, 0x04, 0x01, 0x03,
    0x07, 0x02, 0x01, 0x03, 0x01, 0x06, 0x10, 0x07, 0x05, 0x0E, 0x01, 0x0F, 0x01, 0x0E, 0x03, 0x0F, 0x04, 0x0E, 0x09, 0x07,
    0x01, 0x0F, 0x02, 0x10, 0x01, 0x07, 0x01, 0x06, 0x02, 0x07, 0x42, 0x00, 0x01, 0x0E, 0x01, 0x10, 0x02, 0x07, 0x01, 0x03,
    0x01, 0x02, 0x02, 0x03, 0x02, 0x02, 0x01, 0x06, 0x01, 0x07, 0x03, 0x06, 0x08, 0x05, 0x01, 0x06, 0x01, 0x05, 0x01, 0x04,
    0x01, 0x03, 0x03, 0x02, 0x02, 0x03, 0x01, 0x04, 0x12, 0x07, 0x02, 0x0E, 0x02, 0x0F, 0x03, 0x0E, 0x0E, 0x07, 0x01, 0x0F,
    0x01, 0x10, 0x01, 0x0F, 0x02, 0x07, 0x42, 0x00, 0x01, 0x07, 0x01, 0x10, 0x03, 0x07, 0x05, 0x02, 0x01, 0x05, 0x01, 0x07,
    0x09, 0x05, 0x01, 0x04, 0x01, 0x05, 0x01, 0x07, 0x05, 0x05, 0x01, 0x04, 0x03, 0x02, 0x01, 0x03, 0x01, 0x04, 0x17, 0x07,
    0x01, 0x0E, 0x02, 0x10, 0x01, 0x0F, 0x01, 0x0E, 0x0A, 0x07, 0x01, 0x0E, 0x02, 0x10, 0x01, 0x0E, 0x01, 0x07, 0x41, 0x00,
    0x01, 0x07, 0x01, 0x10, 0x01, 0x0E, 0x03, 0x07, 0x02, 0x02, 0x01, 0x03, 0x01, 0x02, 0x01, 0x03, 0x01, 0x07, 0x06, 0x05,
    0x02, 0x06, 0x01, 0x05, 0x01, 0x06, 0x01, 0x05, 0x02, 0x07, 0x07, 0x05, 0x01, 0x03, 0x02, 0x02, 0x01, 0x03, 0x01, 0x06,
    0x0C, 0x07, 0x01, 0x06, 0x01, 0x04, 0x06, 0x03, 0x03, 0x04, 0x01, 0x05, 0x01, 0x06, 0x03, 0x07, 0x02, 0x0E, 0x08, 0x07,
    0x01, 0x0F, 0x02, 0x10, 0x01, 0x07, 0x40, 0x00, 0x01, 0x07, 0x02, 0x0E, 0x04, 0x07, 0x01, 0x03, 0x01, 0x02, 0x01, 0x03,
    0x01, 0x02, 0x01, 0x04, 0x01, 0x06, 0x02, 0x05, 0x09, 0x06, 0x01, 0x0F, 0x01, 0x07, 0x01, 0x05, 0x02, 0x06, 0x05, 0x05,
    0x02, 0x02, 0x01, 0x03, 0x01, 0x04, 0x0A, 0x07, 0x01, 0x06, 0x0A, 0x02, 0x06, 0x03, 0x01, 0x04, 0x01, 0x05, 0x01, 0x06,
    0x08, 0x07, 0x01, 0x0E, 0x01, 0x0F, 0x01, 0x10, 0x01, 0x07, 0x40, 0x00, 0x01, 0x07, 0x01, 0x10, 0x03, 0x07, 0x01, 0x06,
    0x02, 0x07, 0x03, 0x02, 0x02, 0x06, 0x01, 0x05, 0x09, 0x06, 0x01, 0x07, 0x01, 0x10, 0x01, 0x07, 0x05, 0x06, 0x03, 0x05,
    0x01, 0x04, 0x03, 0x02, 0x09, 0x07, 0x01, 0x04, 0x02, 0x02, 0x01, 0x03, 0x0E, 0x02, 0x03, 0x03, 0x01, 0x04, 0x01, 0x05,
    0x01, 0x06, 0x06, 0x07, 0x01, 0x0E, 0x01, 0x10, 0x01, 0x07, 0x3F, 0x00, 0x01, 0x07, 0x01, 0x10, 0x04, 0x07, 0x03, 0x06,
    0x03, 0x02, 0x0B, 0x06, 0x01, 0x07, 0x01, 0x0F, 0x01, 0x10, 0x01, 0x0F, 0x06, 0x06, 0x03, 0x05, 0x02, 0x02, 0x01, 0x03,
    0x01, 0x06, 0x07, 0x07, 0x01, 0x05, 0x04, 0x02, 0x01, 0x03, 0x01, 0x04, 0x09, 0x05, 0x01, 0x04, 0x05, 0x02, 0x04, 0x03,
    0x01, 0x06, 0x04, 0x07, 0x01, 0x0E, 0x01, 0x10, 0x01, 0x0F, 0x05, 0x07, 0x3A, 0x00, 0x01, 0x07, 0x01, 0x0F, 0x03, 0x07,
    0x04, 0x06, 0x02, 0x02, 0x01, 0x03, 0x0B, 0x06, 0x01, 0x0E, 0x01, 0x10, 0x01, 0x0F, 0x01, 0x10, 0x01, 0x07, 0x06, 0x06,
    0x02, 0x05, 0x02, 0x02, 0x01, 0x03, 0x04, 0x02, 0x01, 0x04, 0x01, 0x05, 0x02, 0x06, 0x04, 0x02, 0x0B, 0x05, 0x01, 0x06,
    0x03, 0x07, 0x01, 0x06, 0x01, 0x04, 0x04, 0x02, 0x02, 0x03, 0x01, 0x04, 0x01, 0x06, 0x03, 0x07, 0x01, 0x0F, 0x01, 0x10,
    0x02, 0x07, 0x01, 0x0E, 0x01, 0x10, 0x01, 0x0E, 0x03, 0x07, 0x36, 0x00, 0x01, 0x07, 0x01, 0x10, 0x03, 0x07, 0x05, 0x06,
    0x02, 0x02, 0x01, 0x03, 0x01, 0x07, 0x08, 0x06, 0x01, 0x07, 0x01, 0x0E, 0x02, 0x10, 0x01, 0x0F, 0x01, 0x10, 0x01, 0x07,
    0x01, 0x06, 0x02, 0x07, 0x04, 0x06, 0x01, 0x05, 0x08, 0x02, 0x03, 0x03, 0x03, 0x02, 0x01, 0x05, 0x08, 0x06, 0x01, 0x05,
    0x01, 0x07, 0x01, 0x06, 0x03, 0x05, 0x01, 0x06, 0x04, 0x07, 0x01, 0x03, 0x05, 0x02, 0x01, 0x05, 0x03, 0x07, 0x01, 0x0F,
    0x05, 0x07, 0x01, 0x0E, 0x02, 0x10, 0x01, 0x07, 0x35, 0x00, 0x01, 0x07, 0x01, 0x10, 0x02, 0x07, 0x05, 0x06, 0x01, 0x07,
    0x02, 0x02, 0x01, 0x03, 0x01, 0x07, 0x04, 0x06, 0x03, 0x07, 0x01, 0x0E, 0x07, 0x10, 0x01, 0x07, 0x01, 0x06, 0x02, 0x07,
    0x03, 0x06, 0x01, 0x05, 0x02, 0x02, 0x01, 0x03, 0x02, 0x02, 0x06, 0x03, 0x02, 0x02, 0x01, 0x04, 0x01, 0x07, 0x01, 0x06,
    0x06, 0x07, 0x02, 0x06, 0x01, 0x10, 0x01, 0x07, 0x02, 0x06, 0x04, 0x05, 0x01, 0x06, 0x02, 0x07, 0x01, 0x05, 0x02, 0x02,
    0x01, 0x03, 0x02, 0x02, 0x01, 0x05, 0x02, 0x07, 0x01, 0x0E, 0x06, 0x07, 0x01, 0x0F, 0x01, 0x07, 0x01, 0x10, 0x01, 0x07,
    0x34, 0x00, 0x04, 0x07, 0x05, 0x06, 0x01, 0x07, 0x02, 0x02, 0x01, 0x03, 0x01, 0x07, 0x04, 0x06, 0x01, 0x07, 0x03, 0x10,
    0x01, 0x0F, 0x07, 0x10, 0x01, 0x07, 0x01, 0x06, 0x02, 0x07, 0x02, 0x06, 0x01, 0x05, 0x08, 0x02, 0x03, 0x03, 0x02, 0x02,
    0x01, 0x06, 0x0A, 0x07, 0x01, 0x10, 0x01, 0x07, 0x04, 0x06, 0x04, 0x05, 0x01, 0x06, 0x01, 0x07, 0x01, 0x04, 0x01, 0x02,
    0x02, 0x03, 0x02, 0x02, 0x04, 0x07, 0x02, 0x05, 0x08, 0x07, 0x32, 0x00, 0x05, 0x07, 0x05, 0x06, 0x01, 0x07, 0x02, 0x02,
    0x01, 0x03, 0x01, 0x07, 0x05, 0x06, 0x02, 0x07, 0x0A, 0x10, 0x02, 0x07, 0x03, 0x06, 0x01, 0x04, 0x01, 0x02, 0x01, 0x03,
    0x01, 0x02, 0x01, 0x03, 0x03, 0x04, 0x01, 0x03, 0x01, 0x02, 0x02, 0x03, 0x02, 0x02, 0x0A, 0x07, 0x01, 0x0F, 0x01, 0x10,
    0x03, 0x07, 0x04, 0x06, 0x03, 0x05, 0x02, 0x07, 0x02, 0x02, 0x02, 0x03, 0x01, 0x02, 0x01, 0x06, 0x03, 0x07, 0x02, 0x05,
    0x03, 0x07, 0x01, 0x06, 0x03, 0x07, 0x01, 0x0E, 0x01, 0x07, 0x31, 0x00, 0x04, 0x07, 0x06, 0x06, 0x01, 0x07, 0x01, 0x03,
    0x01, 0x02, 0x01, 0x03, 0x01, 0x07, 0x07, 0x06, 0x01, 0x07, 0x0B, 0x10, 0x01, 0x07, 0x02, 0x06, 0x01, 0x03, 0x02, 0x02,
    0x01, 0x04, 0x05, 0x05, 0x01, 0x04, 0x03, 0x02, 0x01, 0x03, 0x0A, 0x07, 0x02, 0x10, 0x06, 0x07, 0x02, 0x06, 0x02, 0x05,
    0x01, 0x06, 0x01, 0x07, 0x01, 0x03, 0x01, 0x02, 0x02, 0x03, 0x01, 0x02, 0x01, 0x05, 0x03, 0x07, 0x01, 0x06, 0x01, 0x05,
    0x02, 0x07, 0x02, 0x06, 0x02, 0x07, 0x02, 0x0E, 0x01, 0x0F, 0x01, 0x07, 0x30, 0x00, 0x03, 0x07, 0x07, 0x06, 0x01, 0x07,
    0x01, 0x04, 0x02, 0x02, 0x02, 0x07, 0x07, 0x06, 0x01, 0x07, 0x07, 0x10, 0x04, 0x07, 0x02, 0x06, 0x03, 0x02, 0x05, 0x06,
    0x02, 0x05, 0x01, 0x03, 0x02, 0x02, 0x01, 0x04, 0x09, 0x07, 0x01, 0x10, 0x01, 0x0F, 0x01, 0x10, 0x01, 0x0F, 0x06, 0x07,
    0x02, 0x06, 0x02, 0x05, 0x01, 0x07, 0x01, 0x04, 0x01, 0x02, 0x02, 0x03, 0x01, 0x02, 0x01, 0x06, 0x03, 0x07, 0x01, 0x06,
    0x01, 0x05, 0x01, 0x06, 0x01, 0x07, 0x01, 0x05, 0x02, 0x07, 0x01, 0x0E, 0x01, 0x10, 0x01, 0x07, 0x01, 0x10, 0x01, 0x07,
    0x30, 0x00, 0x03, 0x07, 0x07, 0x06, 0x01, 0x07, 0x01, 0x05, 0x02, 0x02, 0x01, 0x06, 0x01, 0x07, 0x07, 0x06, 0x01, 0x07,
    0x05, 0x10, 0x02, 0x07, 0x01, 0x06, 0x01, 0x07, 0x02, 0x06, 0x01, 0x07, 0x01, 0x04, 0x02, 0x02, 0x01, 0x04, 0x04, 0x07,
    0x02, 0x06, 0x01, 0x05, 0x01, 0x04, 0x02, 0x02, 0x01, 0x04, 0x07, 0x07, 0x01, 0x0E, 0x01, 0x10, 0x01, 0x0F, 0x01, 0x10,
    0x01, 0x0F, 0x01, 0x10, 0x07, 0x07, 0x01, 0x06, 0x02, 0x05, 0x01, 0x07, 0x01, 0x04, 0x01, 0x02, 0x01, 0x03, 0x02, 0x02,
    0x05, 0x07, 0x01, 0x04, 0x01, 0x06, 0x02, 0x05, 0x03, 0x07, 0x01, 0x0E, 0x03, 0x07, 0x30, 0x00, 0x03, 0x07, 0x09, 0x06,
    0x01, 0x02, 0x01, 0x03, 0x01, 0x04, 0x01, 0x07, 0x08, 0x06, 0x01, 0x07, 0x03, 0x10, 0x01, 0x07, 0x01, 0x06, 0x05, 0x07,
    0x01, 0x06, 0x03, 0x02, 0x07, 0x07, 0x01, 0x06, 0x01, 0x04, 0x02, 0x02, 0x01, 0x05, 0x05, 0x07, 0x01, 0x0E, 0x08, 0x10,
    0x06, 0x07, 0x02, 0x06, 0x01, 0x05, 0x01, 0x06, 0x01, 0x03, 0x01, 0x02, 0x01, 0x03, 0x01, 0x02, 0x01, 0x05, 0x05, 0x07,
    0x01, 0x05, 0x01, 0x04, 0x02, 0x05, 0x07, 0x07, 0x31, 0x00, 0x02, 0x07, 0x08, 0x06, 0x01, 0x07, 0x01, 0x03, 0x01, 0x02,
    0x01, 0x03, 0x01, 0x06, 0x01, 0x07, 0x07, 0x06, 0x01, 0x07, 0x02, 0x10, 0x01, 0x07, 0x01, 0x06, 0x06, 0x07, 0x01, 0x04,
    0x02, 0x02, 0x01, 0x03, 0x07, 0x07, 0x01, 0x06, 0x01, 0x04, 0x02, 0x02, 0x01, 0x05, 0x03, 0x07, 0x01, 0x0F, 0x0B, 0x10,
    0x05, 0x07, 0x02, 0x06, 0x01, 0x05, 0x01, 0x06, 0x03, 0x02, 0x01, 0x06, 0x06, 0x07, 0x01, 0x06, 0x01, 0x05, 0x01, 0x04,
    0x01, 0x05, 0x02, 0x06, 0x05, 0x07, 0x31, 0x00, 0x02, 0x07, 0x08, 0x06, 0x01, 0x07, 0x01, 0x05, 0x01, 0x02, 0x01, 0x03,
    0x01, 0x04, 0x02, 0x07, 0x06, 0x06, 0x01, 0x07, 0x01, 0x10, 0x01, 0x07, 0x02, 0x06, 0x01, 0x07, 0x02, 0x06, 0x02, 0x07,
    0x01, 0x06, 0x03, 0x02, 0x08, 0x07, 0x01, 0x06, 0x01, 0x04, 0x02, 0x02, 0x01, 0x04, 0x05, 0x07, 0x01, 0x0F, 0x01, 0x10,
    0x01, 0x0F, 0x08, 0x10, 0x04, 0x07, 0x04, 0x06, 0x03, 0x02, 0x08, 0x07, 0x01, 0x06, 0x02, 0x05, 0x02, 0x06, 0x05, 0x07,
    0x31, 0x00, 0x02, 0x07, 0x09, 0x06, 0x01, 0x07, 0x01, 0x03, 0x01, 0x02, 0x02, 0x03, 0x03, 0x07, 0x04, 0x06, 0x01, 0x07,
    0x01, 0x10, 0x01, 0x07, 0x03, 0x06, 0x01, 0x07, 0x01, 0x06, 0x02, 0x07, 0x01, 0x03, 0x02, 0x02, 0x01, 0x04, 0x08, 0x07,
    0x01, 0x06, 0x01, 0x05, 0x02, 0x02, 0x01, 0x03, 0x06, 0x07, 0x01, 0x0E, 0x0A, 0x10, 0x01, 0x0F, 0x03, 0x07, 0x02, 0x06,
    0x01, 0x05, 0x02, 0x02, 0x01, 0x04, 0x08, 0x07, 0x01, 0x05, 0x04, 0x06, 0x05, 0x07, 0x32, 0x00, 0x02, 0x07, 0x09, 0x06,
    0x01, 0x07, 0x04, 0x02, 0x01, 0x04, 0x04, 0x07, 0x01, 0x06, 0x02, 0x07, 0x04, 0x06, 0x03, 0x07, 0x01, 0x03, 0x02, 0x02,
    0x01, 0x03, 0x0A, 0x07, 0x01, 0x05, 0x03, 0x02, 0x07, 0x07, 0x01, 0x0F, 0x06, 0x10, 0x07, 0x07, 0x02, 0x06, 0x01, 0x03,
    0x02, 0x02, 0x09, 0x07, 0x01, 0x05, 0x01, 0x06, 0x01, 0x07, 0x01, 0x06, 0x06, 0x07, 0x32, 0x00, 0x02, 0x07, 0x0A, 0x06,
    0x01, 0x07, 0x01, 0x03, 0x04, 0x02, 0x01, 0x03, 0x01, 0x05, 0x01, 0x06, 0x08, 0x07, 0x01, 0x05, 0x04, 0x02, 0x0B, 0x07,
    0x01, 0x06, 0x01, 0x03, 0x02, 0x02, 0x01, 0x06, 0x07, 0x07, 0x04, 0x10, 0x01, 0x0E, 0x07, 0x07, 0x03, 0x06, 0x02, 0x02,
    0x01, 0x03, 0x09, 0x07, 0x01, 0x05, 0x01, 0x06, 0x08, 0x07, 0x33, 0x00, 0x02, 0x07, 0x0A, 0x06, 0x01, 0x07, 0x01, 0x05,
    0x07, 0x02, 0x03, 0x04, 0x01, 0x05, 0x02, 0x04, 0x05, 0x02, 0x01, 0x06, 0x0B, 0x07, 0x01, 0x06, 0x01, 0x04, 0x02, 0x02,
    0x01, 0x05, 0x07, 0x07, 0x01, 0x0F, 0x02, 0x10, 0x01, 0x0E, 0x08, 0x07, 0x02, 0x06, 0x01, 0x04, 0x02, 0x02, 0x01, 0x05,
    0x09, 0x07, 0x01, 0x05, 0x01, 0x06, 0x08, 0x07, 0x33, 0x00, 0x02, 0x07, 0x0D, 0x06, 0x01, 0x05, 0x01, 0x03, 0x0D, 0x02,
    0x01, 0x03, 0x01, 0x06, 0x0C, 0x07, 0x01, 0x06, 0x01, 0x05, 0x02, 0x02, 0x01, 0x03, 0x07, 0x07, 0x01, 0x0E, 0x01, 0x10,
    0x01, 0x0F, 0x09, 0x07, 0x02, 0x06, 0x03, 0x02, 0x0A, 0x07, 0x01, 0x05, 0x01, 0x06, 0x08, 0x07, 0x34, 0x00, 0x02, 0x07,
    0x0E, 0x06, 0x01, 0x05, 0x01, 0x04, 0x01, 0x03, 0x08, 0x02, 0x01, 0x03, 0x01, 0x05, 0x03, 0x07, 0x02, 0x06, 0x09, 0x07,
    0x02, 0x06, 0x01, 0x03, 0x02, 0x02, 0x01, 0x04, 0x07, 0x07, 0x01, 0x10, 0x09, 0x07, 0x01, 0x06, 0x01, 0x07, 0x01, 0x04,
    0x02, 0x02, 0x01, 0x05, 0x0A, 0x07, 0x01, 0x05, 0x01, 0x06, 0x08, 0x07, 0x35, 0x00, 0x02, 0x07, 0x0C, 0x06, 0x01, 0x05,
    0x05, 0x06, 0x05, 0x05, 0x02, 0x06, 0x05, 0x07, 0x01, 0x02, 0x01, 0x05, 0x01, 0x07, 0x01, 0x06, 0x02, 0x02, 0x05, 0x07,
    0x01, 0x06, 0x01, 0x05, 0x02, 0x02, 0x01, 0x03, 0x01, 0x05, 0x06, 0x07, 0x01, 0x0F, 0x0A, 0x07, 0x01, 0x05, 0x03, 0x02,
    0x0B, 0x07, 0x01, 0x05, 0x02, 0x06, 0x07, 0x07, 0x36, 0x00, 0x02, 0x07, 0x0E, 0x06, 0x01, 0x05, 0x0A, 0x06, 0x01, 0x07,
    0x02, 0x06, 0x01, 0x07, 0x01, 0x06, 0x03, 0x02, 0x01, 0x06, 0x01, 0x05, 0x01, 0x02, 0x02, 0x07, 0x02, 0x05, 0x01, 0x07,
    0x01, 0x06, 0x01, 0x04, 0x02, 0x02, 0x01, 0x03, 0x01, 0x04, 0x0F, 0x07, 0x01, 0x05, 0x03, 0x02, 0x01, 0x06, 0x0B, 0x07,
    0x01, 0x05, 0x02, 0x06, 0x07, 0x07, 0x37, 0x00, 0x02, 0x07, 0x1C, 0x06, 0x06, 0x07, 0x01, 0x05, 0x02, 0x02, 0x01, 0x03,
    0x02, 0x07, 0x01, 0x06, 0x01, 0x05, 0x01, 0x04, 0x02, 0x02, 0x01, 0x03, 0x02, 0x04, 0x01, 0x06, 0x0B, 0x07, 0x01, 0x04,
    0x03, 0x02, 0x01, 0x04, 0x0B, 0x07, 0x01, 0x06, 0x01, 0x05, 0x02, 0x06, 0x06, 0x07, 0x39, 0x00, 0x02, 0x07, 0x1D, 0x06,
    0x01, 0x07, 0x01, 0x06, 0x08, 0x07, 0x02, 0x06, 0x02, 0x05, 0x04, 0x02, 0x01, 0x03, 0x01, 0x04, 0x01, 0x05, 0x01, 0x04,
    0x03, 0x05, 0x01, 0x06, 0x02, 0x05, 0x01, 0x04, 0x01, 0x03, 0x03, 0x02, 0x01, 0x04, 0x0C, 0x07, 0x01, 0x06, 0x01, 0x05,
    0x03, 0x06, 0x06, 0x07, 0x39, 0x00, 0x03, 0x07, 0x1D, 0x06, 0x09, 0x07, 0x02, 0x06, 0x02, 0x05, 0x01, 0x04, 0x06, 0x02,
    0x05, 0x03, 0x05, 0x02, 0x01, 0x05, 0x0D, 0x07, 0x02, 0x05, 0x03, 0x06, 0x05, 0x07, 0x01, 0x0F, 0x01, 0x07, 0x39, 0x00,
    0x03, 0x07, 0x1C, 0x06, 0x09, 0x07, 0x06, 0x06, 0x01, 0x05, 0x01, 0x04, 0x0B, 0x02, 0x01, 0x04, 0x01, 0x06, 0x0E, 0x07,
    0x02, 0x04, 0x02, 0x06, 0x06, 0x07, 0x01, 0x10, 0x01, 0x0F, 0x01, 0x07, 0x3A, 0x00, 0x03, 0x07, 0x1C, 0x06, 0x01, 0x07,
    0x02, 0x06, 0x04, 0x07, 0x05, 0x06, 0x02, 0x05, 0x01, 0x06, 0x06, 0x05, 0x02, 0x04, 0x02, 0x05, 0x01, 0x06, 0x03, 0x07,
    0x01, 0x06, 0x07, 0x07, 0x02, 0x06, 0x02, 0x07, 0x01, 0x06, 0x02, 0x07, 0x01, 0x06, 0x01, 0x05, 0x05, 0x06, 0x01, 0x07,
    0x01, 0x0F, 0x01, 0x10, 0x01, 0x07, 0x3C, 0x00, 0x02, 0x07, 0x2A, 0x06, 0x02, 0x05, 0x0A, 0x06, 0x01, 0x07, 0x02, 0x06,
    0x01, 0x07, 0x0A, 0x06, 0x03, 0x07, 0x01, 0x0F, 0x01, 0x0E, 0x04, 0x07, 0x01, 0x0F, 0x01, 0x10, 0x01, 0x0F, 0x01, 0x10,
    0x01, 0x07, 0x3D, 0x00, 0x45, 0x06, 0x04, 0x07, 0x01, 0x0F, 0x05, 0x10, 0x03, 0x0F, 0x01, 0x07, 0x3D, 0x00, 0x01, 0x07,
    0x01, 0x06, 0x02, 0x05, 0x33, 0x06, 0x01, 0x07, 0x0B, 0x06, 0x01, 0x05, 0x07, 0x07, 0x02, 0x0E, 0x03, 0x07, 0x02, 0x0E,
    0x01, 0x07, 0x3D, 0x00, 0x02, 0x07, 0x01, 0x06, 0x01, 0x05, 0x02, 0x04, 0x01, 0x05, 0x3B, 0x06, 0x01, 0x05, 0x03, 0x06,
    0x0B, 0x07, 0x01, 0x0E, 0x01, 0x07, 0x3D, 0x00, 0x02, 0x07, 0x03, 0x06, 0x02, 0x04, 0x01, 0x03, 0x01, 0x04, 0x38, 0x06,
    0x01, 0x04, 0x01, 0x03, 0x01, 0x05, 0x01, 0x06, 0x0E, 0x07, 0x3D, 0x00, 0x02, 0x07, 0x05, 0x06, 0x01, 0x05, 0x01, 0x04,
    0x02, 0x03, 0x01, 0x04, 0x34, 0x06, 0x02, 0x04, 0x01, 0x05, 0x01, 0x04, 0x01, 0x05, 0x02, 0x06, 0x0B, 0x07, 0x3E, 0x00,
    0x02, 0x07, 0x06, 0x06, 0x01, 0x07, 0x01, 0x06, 0x01, 0x04, 0x01, 0x03, 0x01, 0x02, 0x01, 0x03, 0x01, 0x05, 0x2F, 0x06,
    0x01, 0x05, 0x01, 0x03, 0x01, 0x04, 0x02, 0x05, 0x02, 0x06, 0x04, 0x05, 0x02, 0x06, 0x06, 0x07, 0x3F, 0x00, 0x01, 0x06,
    0x0B, 0x07, 0x01, 0x06, 0x01, 0x04, 0x02, 0x02, 0x01, 0x04, 0x01, 0x05, 0x2A, 0x06, 0x01, 0x05, 0x01, 0x04, 0x01, 0x03,
    0x01, 0x04, 0x01, 0x05, 0x02, 0x06, 0x02, 0x05, 0x03, 0x06, 0x07, 0x05, 0x3F, 0x00, 0x02, 0x07, 0x01, 0x06, 0x01, 0x04,
    0x01, 0x06, 0x0C, 0x07, 0x01, 0x05, 0x01, 0x03, 0x02, 0x02, 0x01, 0x04, 0x01, 0x05, 0x25, 0x06, 0x01, 0x04, 0x03, 0x03,
    0x05, 0x05, 0x01, 0x06, 0x04, 0x05, 0x03, 0x06, 0x04, 0x05, 0x3E, 0x00, 0x02, 0x07, 0x01, 0x06, 0x01, 0x05, 0x01, 0x04,
    0x01, 0x03, 0x01, 0x05, 0x0E, 0x07, 0x01, 0x04, 0x01, 0x03, 0x01, 0x02, 0x01, 0x03, 0x03, 0x05, 0x1D, 0x06, 0x01, 0x05,
    0x01, 0x04, 0x01, 0x03, 0x03, 0x02, 0x01, 0x04, 0x02, 0x05, 0x01, 0x06, 0x05, 0x05, 0x03, 0x06, 0x04, 0x05, 0x02, 0x06,
    0x3D, 0x00, 0x03, 0x07, 0x01, 0x06, 0x04, 0x05, 0x01, 0x03, 0x01, 0x04, 0x01, 0x06, 0x0E, 0x07, 0x01, 0x06, 0x02, 0x03,
    0x01, 0x04, 0x08, 0x05, 0x02, 0x06, 0x0F, 0x05, 0x01, 0x04, 0x02, 0x03, 0x05, 0x02, 0x01, 0x03, 0x03, 0x04, 0x07, 0x05,
    0x01, 0x06, 0x03, 0x05, 0x02, 0x06, 0x02, 0x05, 0x02, 0x06, 0x3C, 0x00, 0x03, 0x07, 0x02, 0x06, 0x05, 0x05, 0x01, 0x04,
    0x01, 0x03, 0x01, 0x05, 0x01, 0x06, 0x0E, 0x07, 0x01, 0x06, 0x01, 0x04, 0x05, 0x05, 0x02, 0x04, 0x01, 0x03, 0x04, 0x02,
    0x01, 0x03, 0x09, 0x04, 0x02, 0x05, 0x01, 0x03, 0x03, 0x02, 0x03, 0x03, 0x02, 0x04, 0x01, 0x05, 0x01, 0x04, 0x02, 0x05,
    0x01, 0x06, 0x03, 0x05, 0x03, 0x06, 0x02, 0x05, 0x01, 0x06, 0x04, 0x05, 0x02, 0x06, 0x3C, 0x00, 0x03, 0x07, 0x02, 0x06,
    0x07, 0x05, 0x01, 0x04, 0x02, 0x03, 0x01, 0x05, 0x01, 0x06, 0x08, 0x07, 0x04, 0x0E, 0x02, 0x07, 0x02, 0x05, 0x01, 0x06,
    0x02, 0x05, 0x03, 0x04, 0x01, 0x05, 0x01, 0x06, 0x0A, 0x07, 0x04, 0x06, 0x02, 0x03, 0x04, 0x04, 0x03, 0x05, 0x01, 0x06,
    0x03, 0x05, 0x01, 0x06, 0x03, 0x05, 0x03, 0x06, 0x07, 0x05, 0x01, 0x06, 0x3C, 0x00, 0x02, 0x07, 0x09, 0x06, 0x01, 0x05,
    0x01, 0x06, 0x02, 0x05, 0x01, 0x04, 0x02, 0x03, 0x04, 0x06, 0x05, 0x07, 0x02, 0x0E, 0x01, 0x0F, 0x01, 0x0E, 0x01, 0x0F,
    0x01, 0x07, 0x01, 0x05, 0x02, 0x06, 0x02, 0x05, 0x11, 0x07, 0x01, 0x05, 0x01, 0x03, 0x03, 0x04, 0x05, 0x05, 0x02, 0x06,
    0x02, 0x05, 0x01, 0x06, 0x0C, 0x05, 0x02, 0x06, 0x3B, 0x00, 0x02, 0x07, 0x0B, 0x06, 0x01, 0x05, 0x01, 0x06, 0x03, 0x05,
    0x01, 0x04, 0x01, 0x03, 0x01, 0x04, 0x01, 0x05, 0x08, 0x07, 0x01, 0x0E, 0x01, 0x0F, 0x01, 0x0E, 0x01, 0x07, 0x02, 0x06,
    0x01, 0x05, 0x01, 0x06, 0x06, 0x07, 0x02, 0x0E, 0x09, 0x07, 0x01, 0x06, 0x02, 0x04, 0x05, 0x05, 0x05, 0x06, 0x03, 0x05,
    0x09, 0x06, 0x02, 0x05, 0x02, 0x06, 0x3B, 0x00, 0x02, 0x07, 0x0C, 0x06, 0x01, 0x05, 0x01, 0x06, 0x05, 0x05, 0x01, 0x04,
    0x01, 0x03, 0x01, 0x04, 0x01, 0x05, 0x01, 0x06, 0x06, 0x07, 0x02, 0x0E, 0x01, 0x10, 0x01, 0x07, 0x01, 0x05, 0x01, 0x06,
    0x03, 0x07, 0x01, 0x0E, 0x01, 0x0F, 0x01, 0x0E, 0x01, 0x0F, 0x01, 0x0E, 0x01, 0x0F, 0x02, 0x0E, 0x06, 0x07, 0x01, 0x06,
    0x01, 0x04, 0x01, 0x05, 0x02, 0x06, 0x01, 0x05, 0x09, 0x06, 0x0C, 0x05, 0x02, 0x06, 0x3B, 0x00, 0x02, 0x07, 0x0D, 0x06,
    0x01, 0x05, 0x01, 0x06, 0x02, 0x05, 0x02, 0x06, 0x03, 0x05, 0x01, 0x04, 0x01, 0x02, 0x01, 0x03, 0x01, 0x05, 0x05, 0x07,
    0x02, 0x0E, 0x01, 0x10, 0x01, 0x07, 0x01, 0x05, 0x04, 0x07, 0x01, 0x0E, 0x02, 0x0F, 0x02, 0x0E, 0x01, 0x07, 0x01, 0x0E,
    0x06, 0x07, 0x01, 0x05, 0x01, 0x04, 0x01, 0x05, 0x01, 0x06, 0x01, 0x05, 0x01, 0x06, 0x03, 0x05, 0x09, 0x06, 0x09, 0x05,
    0x02, 0x06, 0x3B, 0x00, 0x04, 0x07, 0x0C, 0x06, 0x01, 0x05, 0x01, 0x06, 0x02, 0x05, 0x06, 0x06, 0x01, 0x05, 0x01, 0x04,
    0x02, 0x03, 0x01, 0x05, 0x05, 0x07, 0x01, 0x0F, 0x01, 0x07, 0x01, 0x06, 0x02, 0x07, 0x01, 0x0E, 0x03, 0x07, 0x01, 0x0F,
    0x08, 0x07, 0x01, 0x05, 0x01, 0x04, 0x07, 0x05, 0x0A, 0x06, 0x09, 0x05, 0x02, 0x06, 0x3B, 0x00, 0x02, 0x07, 0x01, 0x06,
    0x01, 0x05, 0x0C, 0x06, 0x04, 0x05, 0x0A, 0x06, 0x01, 0x04, 0x01, 0x02, 0x01, 0x04, 0x04, 0x07, 0x01, 0x0F, 0x0D, 0x07,
    0x01, 0x06, 0x02, 0x05, 0x01, 0x04, 0x01, 0x05, 0x03, 0x06, 0x01, 0x05, 0x01, 0x06, 0x03, 0x05, 0x02, 0x06, 0x02, 0x05,
    0x05, 0x06, 0x08, 0x05, 0x03, 0x06, 0x3B, 0x00, 0x01, 0x06, 0x01, 0x07, 0x01, 0x06, 0x01, 0x05, 0x0D, 0x06, 0x04, 0x05,
    0x09, 0x06, 0x02, 0x05, 0x01, 0x06, 0x01, 0x03, 0x01, 0x04, 0x03, 0x07, 0x01, 0x10, 0x05, 0x07, 0x01, 0x0E, 0x02, 0x07,
    0x02, 0x06, 0x01, 0x05, 0x04, 0x04, 0x01, 0x05, 0x05, 0x06, 0x01, 0x05, 0x01, 0x06, 0x13, 0x05, 0x03, 0x06, 0x3B, 0x00,
    0x02, 0x07, 0x03, 0x06, 0x02, 0x05, 0x0B, 0x06, 0x04, 0x05, 0x08, 0x06, 0x02, 0x05, 0x02, 0x06, 0x01, 0x05, 0x01, 0x03,
    0x03, 0x07, 0x01, 0x10, 0x03, 0x07, 0x01, 0x0E, 0x02, 0x07, 0x01, 0x06, 0x04, 0x04, 0x01, 0x05, 0x09, 0x06, 0x13, 0x05,
    0x03, 0x06, 0x3D, 0x00, 0x01, 0x06, 0x01, 0x07, 0x01, 0x06, 0x01, 0x05, 0x01, 0x06, 0x01, 0x05, 0x02, 0x06, 0x01, 0x05,
    0x08, 0x06, 0x01, 0x05, 0x01, 0x04, 0x03, 0x05, 0x07, 0x06, 0x02, 0x05, 0x01, 0x07, 0x01, 0x10, 0x01, 0x06, 0x01, 0x05,
    0x01, 0x03, 0x01, 0x06, 0x05, 0x07, 0x01, 0x0E, 0x01, 0x0F, 0x01, 0x0E, 0x01, 0x05, 0x01, 0x04, 0x01, 0x05, 0x02, 0x06,
    0x02, 0x07, 0x09, 0x06, 0x11, 0x05, 0x03, 0x06, 0x3E, 0x00, 0x01, 0x06, 0x01, 0x07, 0x04, 0x06, 0x01, 0x05, 0x01, 0x06,
    0x01, 0x05, 0x01, 0x07, 0x08, 0x06, 0x01, 0x05, 0x01, 0x04, 0x04, 0x05, 0x05, 0x06, 0x01, 0x05, 0x01, 0x04, 0x02, 0x05,
    0x01, 0x07, 0x03, 0x06, 0x03, 0x07, 0x02, 0x05, 0x04, 0x07, 0x01, 0x04, 0x01, 0x05, 0x01, 0x04, 0x02, 0x05, 0x0B, 0x06,
    0x0F, 0x05, 0x04, 0x06, 0x3E, 0x00, 0x01, 0x07, 0x01, 0x06, 0x01, 0x07, 0x03, 0x06, 0x01, 0x05, 0x01, 0x06, 0x02, 0x05,
    0x01, 0x07, 0x07, 0x06, 0x01, 0x05, 0x02, 0x04, 0x03, 0x05, 0x06, 0x06, 0x01, 0x05, 0x01, 0x04, 0x03, 0x06, 0x02, 0x03,
    0x01, 0x04, 0x02, 0x05, 0x01, 0x06, 0x01, 0x04, 0x01, 0x07, 0x01, 0x06, 0x02, 0x07, 0x01, 0x06, 0x02, 0x05, 0x01, 0x06,
    0x02, 0x07, 0x0A, 0x06, 0x0C, 0x05, 0x05, 0x06, 0x41, 0x00, 0x01, 0x06, 0x01, 0x07, 0x01, 0x06, 0x01, 0x05, 0x02, 0x06,
    0x01, 0x05, 0x02, 0x06, 0x03, 0x07, 0x06, 0x06, 0x01, 0x05, 0x01, 0x03, 0x04, 0x05, 0x06, 0x06, 0x01, 0x05, 0x03, 0x03,
    0x01, 0x04, 0x01, 0x03, 0x01, 0x02, 0x01, 0x03, 0x01, 0x06, 0x01, 0x05, 0x04, 0x04, 0x01, 0x05, 0x02, 0x06, 0x01, 0x07,
    0x01, 0x06, 0x01, 0x05, 0x01, 0x07, 0x01, 0x06, 0x01, 0x05, 0x09, 0x06, 0x0A, 0x05, 0x04, 0x06, 0x43, 0x00, 0x02, 0x07,
    0x01, 0x06, 0x01, 0x05, 0x01, 0x06, 0x04, 0x05, 0x02, 0x06, 0x01, 0x05, 0x01, 0x07, 0x06, 0x06, 0x01, 0x04, 0x01, 0x03,
    0x04, 0x05, 0x07, 0x06, 0x02, 0x05, 0x01, 0x04, 0x02, 0x06, 0x01, 0x05, 0x01, 0x06, 0x01, 0x07, 0x01, 0x0E, 0x01, 0x07,
    0x01, 0x04, 0x01, 0x06, 0x02, 0x07, 0x01, 0x06, 0x02, 0x02, 0x01, 0x04, 0x02, 0x06, 0x01, 0x05, 0x0A, 0x06, 0x03, 0x05,
    0x05, 0x06, 0x48, 0x00, 0x02, 0x07, 0x01, 0x10, 0x01, 0x07, 0x01, 0x06, 0x02, 0x05, 0x03, 0x06, 0x01, 0x05, 0x01, 0x07,
    0x01, 0x06, 0x01, 0x05, 0x01, 0x07, 0x04, 0x06, 0x01, 0x05, 0x01, 0x03, 0x01, 0x04, 0x04, 0x05, 0x0C, 0x06, 0x01, 0x04,
    0x03, 0x07, 0x01, 0x0E, 0x02, 0x07, 0x01, 0x0E, 0x01, 0x10, 0x01, 0x07, 0x02, 0x04, 0x01, 0x02, 0x01, 0x04, 0x02, 0x05,
    0x0B, 0x06, 0x4D, 0x00, 0x01, 0x07, 0x01, 0x0E, 0x01, 0x10, 0x01, 0x07, 0x04, 0x06, 0x02, 0x05, 0x05, 0x06, 0x01, 0x07,
    0x01, 0x05, 0x04, 0x06, 0x01, 0x04, 0x01, 0x03, 0x05, 0x05, 0x0C, 0x06, 0x01, 0x04, 0x02, 0x07, 0x01, 0x0E, 0x02, 0x07,
    0x01, 0x0E, 0x01, 0x07, 0x01, 0x0F, 0x01, 0x07, 0x01, 0x05, 0x01, 0x06, 0x02, 0x04, 0x01, 0x05, 0x0C, 0x06, 0x4D, 0x00,
    0x01, 0x07, 0x01, 0x0F, 0x01, 0x07, 0x01, 0x0F, 0x01, 0x07, 0x01, 0x06, 0x02, 0x05, 0x02, 0x06, 0x02, 0x05, 0x01, 0x07,
    0x02, 0x06, 0x01, 0x07, 0x03, 0x06, 0x01, 0x05, 0x01, 0x06, 0x01, 0x03, 0x01, 0x04, 0x04, 0x05, 0x07, 0x06, 0x01, 0x05,
    0x02, 0x04, 0x01, 0x05, 0x01, 0x06, 0x01, 0x05, 0x01, 0x04, 0x02, 0x07, 0x01, 0x10, 0x02, 0x07, 0x02, 0x0E, 0x01, 0x10,
    0x01, 0x07, 0x01, 0x05, 0x10, 0x06, 0x4C, 0x00, 0x01, 0x07, 0x01, 0x10, 0x04, 0x07, 0x01, 0x0F, 0x02, 0x07, 0x01, 0x05,
    0x01, 0x06, 0x02, 0x07, 0x01, 0x05, 0x01, 0x06, 0x01, 0x07, 0x02, 0x06, 0x01, 0x05, 0x02, 0x06, 0x01, 0x04, 0x01, 0x03,
    0x05, 0x05, 0x06, 0x06, 0x02, 0x05, 0x01, 0x06, 0x02, 0x07, 0x01, 0x05, 0x02, 0x04, 0x02, 0x07, 0x01, 0x0E, 0x03, 0x07,
    0x02, 0x0F, 0x11, 0x06, 0x4D, 0x00, 0x07, 0x07, 0x01, 0x0E, 0x01, 0x10, 0x01, 0x07, 0x02, 0x06, 0x01, 0x07, 0x01, 0x10,
    0x01, 0x06, 0x01, 0x05, 0x02, 0x06, 0x03, 0x05, 0x01, 0x03, 0x01, 0x04, 0x05, 0x05, 0x06, 0x06, 0x01, 0x04, 0x02, 0x05,
    0x02, 0x07, 0x02, 0x05, 0x01, 0x06, 0x02, 0x07, 0x01, 0x06, 0x01, 0x05, 0x01, 0x06, 0x03, 0x07, 0x05, 0x05, 0x0C, 0x06,
    0x4D, 0x00, 0x09, 0x07, 0x01, 0x0E, 0x01, 0x0F, 0x01, 0x07, 0x01, 0x06, 0x01, 0x07, 0x01, 0x10, 0x01, 0x07, 0x02, 0x05,
    0x01, 0x06, 0x01, 0x05, 0x01, 0x04, 0x01, 0x03, 0x06, 0x05, 0x05, 0x06, 0x01, 0x05, 0x01, 0x03, 0x01, 0x05, 0x02, 0x06,
    0x02, 0x04, 0x02, 0x06, 0x01, 0x05, 0x01, 0x06, 0x01, 0x05, 0x01, 0x06, 0x01, 0x07, 0x01, 0x06, 0x02, 0x07, 0x01, 0x06,
    0x01, 0x05, 0x01, 0x04, 0x01, 0x07, 0x01, 0x10, 0x0C, 0x06, 0x4D, 0x00, 0x02, 0x07, 0x02, 0x06, 0x06, 0x07, 0x01, 0x0E,
    0x01, 0x10, 0x01, 0x0E, 0x02, 0x06, 0x02, 0x07, 0x01, 0x06, 0x02, 0x05, 0x02, 0x03, 0x07, 0x05, 0x04, 0x06, 0x01, 0x05,
    0x01, 0x04, 0x01, 0x03, 0x02, 0x05, 0x02, 0x03, 0x01, 0x02, 0x01, 0x05, 0x01, 0x06, 0x02, 0x04, 0x01, 0x05, 0x02, 0x04,
    0x02, 0x05, 0x02, 0x06, 0x02, 0x05, 0x01, 0x07, 0x01, 0x05, 0x0B, 0x06, 0x4E, 0x00, 0x01, 0x07, 0x01, 0x06, 0x09, 0x07,
    0x01, 0x0E, 0x01, 0x10, 0x01, 0x07, 0x01, 0x06, 0x01, 0x05, 0x01, 0x06, 0x01, 0x05, 0x01, 0x04, 0x01, 0x02, 0x01, 0x04,
    0x06, 0x05, 0x04, 0x06, 0x03, 0x05, 0x01, 0x04, 0x01, 0x03, 0x01, 0x04, 0x01, 0x06, 0x01, 0x05, 0x01, 0x03, 0x03, 0x07,
    0x01, 0x05, 0x01, 0x04, 0x01, 0x06, 0x01, 0x07, 0x01, 0x06, 0x01, 0x05, 0x02, 0x02, 0x02, 0x06, 0x02, 0x05, 0x0B, 0x06,
    0x4E, 0x00, 0x02, 0x06, 0x01, 0x05, 0x01, 0x06, 0x09, 0x07, 0x01, 0x0E, 0x02, 0x07, 0x02, 0x05, 0x01, 0x02, 0x01, 0x03,
    0x07, 0x05, 0x05, 0x06, 0x02, 0x05, 0x04, 0x06, 0x02, 0x05, 0x02, 0x07, 0x01, 0x0E, 0x01, 0x07, 0x01, 0x06, 0x01, 0x07,
    0x01, 0x0F, 0x01, 0x10, 0x01, 0x07, 0x02, 0x04, 0x01, 0x02, 0x01, 0x04, 0x01, 0x05, 0x0C, 0x06, 0x01, 0x07, 0x4D, 0x00,
    0x02, 0x07, 0x01, 0x06, 0x01, 0x04, 0x01, 0x05, 0x01, 0x06, 0x0B, 0x07, 0x01, 0x06, 0x01, 0x02, 0x01, 0x04, 0x08, 0x05,
    0x0A, 0x06, 0x02, 0x05, 0x02, 0x07, 0x01, 0x0E, 0x03, 0x07, 0x01, 0x0E, 0x01, 0x0F, 0x01, 0x06, 0x01, 0x05, 0x01, 0x06,
    0x02, 0x04, 0x0C, 0x06, 0x02, 0x07, 0x4D, 0x00, 0x02, 0x07, 0x01, 0x06, 0x02, 0x05, 0x01, 0x04, 0x01, 0x05, 0x01, 0x06,
    0x0A, 0x07, 0x01, 0x04, 0x08, 0x05, 0x06, 0x06, 0x02, 0x05, 0x01, 0x04, 0x01, 0x05, 0x01, 0x06, 0x01, 0x04, 0x01, 0x05,
    0x02, 0x07, 0x01, 0x0E, 0x02, 0x07, 0x01, 0x0E, 0x01, 0x07, 0x01, 0x10, 0x01, 0x06, 0x01, 0x05, 0x0F, 0x06, 0x02, 0x07,
    0x4C, 0x00, 0x03, 0x07, 0x04, 0x06, 0x01, 0x05, 0x01, 0x04, 0x01, 0x05, 0x01, 0x06, 0x07, 0x07, 0x01, 0x06, 0x01, 0x03,
    0x08, 0x05, 0x05, 0x06, 0x02, 0x05, 0x01, 0x06, 0x01, 0x07, 0x01, 0x06, 0x01, 0x05, 0x01, 0x04, 0x01, 0x05, 0x02, 0x07,
    0x01, 0x10, 0x02, 0x07, 0x02, 0x0E, 0x01, 0x10, 0x03, 0x06, 0x02, 0x05, 0x0C, 0x06, 0x02, 0x07, 0x4C, 0x00, 0x02, 0x07,
    0x03, 0x06, 0x02, 0x07, 0x02, 0x06, 0x01, 0x05, 0x01, 0x04, 0x01, 0x05, 0x06, 0x07, 0x01, 0x05, 0x01, 0x03, 0x08, 0x05,
    0x04, 0x06, 0x03, 0x05, 0x01, 0x06, 0x02, 0x07, 0x01, 0x05, 0x01, 0x04, 0x01, 0x06, 0x03, 0x07, 0x01, 0x05, 0x01, 0x06,
    0x03, 0x07, 0x01, 0x05, 0x02, 0x04, 0x01, 0x05, 0x0D, 0x06, 0x02, 0x07, 0x4C, 0x00, 0x02, 0x07, 0x04, 0x06, 0x04, 0x07,
    0x01, 0x06, 0x02, 0x04, 0x01, 0x06, 0x04, 0x07, 0x01, 0x03, 0x01, 0x04, 0x08, 0x05, 0x04, 0x06, 0x01, 0x05, 0x01, 0x04,
    0x01, 0x06, 0x01, 0x05, 0x01, 0x06, 0x02, 0x05, 0x03, 0x06, 0x01, 0x07, 0x01, 0x04, 0x01, 0x06, 0x01, 0x07, 0x01, 0x06,
    0x02, 0x07, 0x02, 0x06, 0x01, 0x05, 0x01, 0x07, 0x01, 0x10, 0x01, 0x06, 0x01, 0x05, 0x0C, 0x06, 0x4C, 0x00, 0x02, 0x07,
    0x04, 0x06, 0x06, 0x07, 0x01, 0x06, 0x02, 0x04, 0x02, 0x06, 0x01, 0x05, 0x01, 0x02, 0x01, 0x04, 0x07, 0x05, 0x05, 0x06,
    0x01, 0x05, 0x01, 0x04, 0x01, 0x05, 0x02, 0x06, 0x01, 0x04, 0x01, 0x02, 0x01, 0x03, 0x03, 0x05, 0x01, 0x04, 0x01, 0x05,
    0x02, 0x04, 0x03, 0x05, 0x01, 0x06, 0x02, 0x05, 0x01, 0x06, 0x01, 0x05, 0x0D, 0x06, 0x01, 0x07, 0x4B, 0x00, 0x02, 0x07,
    0x04, 0x06, 0x03, 0x07, 0x01, 0x06, 0x04, 0x07, 0x01, 0x04, 0x01, 0x03, 0x01, 0x05, 0x02, 0x03, 0x09, 0x05, 0x03, 0x06,
    0x02, 0x05, 0x01, 0x04, 0x03, 0x03, 0x01, 0x04, 0x01, 0x03, 0x01, 0x05, 0x03, 0x07, 0x02, 0x05, 0x03, 0x06, 0x01, 0x07,
    0x01, 0x03, 0x01, 0x02, 0x01, 0x05, 0x01, 0x06, 0x02, 0x05, 0x0C, 0x06, 0x01, 0x07, 0x01, 0x06, 0x4B, 0x00, 0x02, 0x07,
    0x05, 0x06, 0x02, 0x07, 0x02, 0x06, 0x04, 0x07, 0x01, 0x05, 0x01, 0x04, 0x01, 0x03, 0x01, 0x04, 0x09, 0x05, 0x03, 0x06,
    0x05, 0x05, 0x02, 0x06, 0x01, 0x04, 0x05, 0x07, 0x01, 0x06, 0x02, 0x07, 0x01, 0x0F, 0x01, 0x10, 0x01, 0x06, 0x01, 0x04,
    0x02, 0x03, 0x01, 0x04, 0x0D, 0x06, 0x02, 0x07, 0x4B, 0x00, 0x01, 0x06, 0x01, 0x07, 0x05, 0x06, 0x02, 0x07, 0x02, 0x05,
    0x04, 0x07, 0x01, 0x04, 0x01, 0x05, 0x01, 0x03, 0x01, 0x04, 0x09, 0x05, 0x04, 0x06, 0x03, 0x05, 0x02, 0x06, 0x02, 0x05,
    0x05, 0x07, 0x01, 0x06, 0x03, 0x07, 0x01, 0x0E, 0x01, 0x07, 0x03, 0x05, 0x0F, 0x06, 0x02, 0x07, 0x4B, 0x00, 0x01, 0x06,
    0x01, 0x07, 0x03, 0x06, 0x03, 0x07, 0x01, 0x05, 0x01, 0x04, 0x01, 0x06, 0x03, 0x07, 0x01, 0x05, 0x02, 0x07, 0x02, 0x04,
    0x07, 0x05, 0x09, 0x06, 0x02, 0x05, 0x06, 0x07, 0x01, 0x05, 0x03, 0x07, 0x01, 0x0E, 0x01, 0x10, 0x13, 0x06, 0x01, 0x0F,
    0x01, 0x07, 0x4B, 0x00, 0x01, 0x07, 0x04, 0x06, 0x02, 0x07, 0x01, 0x06, 0x01, 0x04, 0x01, 0x06, 0x02, 0x07, 0x02, 0x05,
    0x03, 0x07, 0x01, 0x06, 0x01, 0x04, 0x06, 0x05, 0x08, 0x06, 0x01, 0x05, 0x01, 0x04, 0x05, 0x07, 0x01, 0x0E, 0x01, 0x07,
    0x01, 0x05, 0x03, 0x07, 0x01, 0x0E, 0x01, 0x0F, 0x01, 0x07, 0x01, 0x05, 0x12, 0x06, 0x01, 0x10, 0x01, 0x07, 0x4A, 0x00,
    0x02, 0x07, 0x04, 0x06, 0x02, 0x07, 0x01, 0x05, 0x01, 0x04, 0x02, 0x06, 0x01, 0x05, 0x01, 0x06, 0x05, 0x07, 0x01, 0x06,
    0x04, 0x05, 0x01, 0x06, 0x01, 0x05, 0x05, 0x06, 0x03, 0x05, 0x06, 0x07, 0x01, 0x0F, 0x01, 0x06, 0x01, 0x04, 0x04, 0x07,
    0x01, 0x0E, 0x01, 0x10, 0x01, 0x07, 0x01, 0x05, 0x10, 0x06, 0x01, 0x07, 0x01, 0x10, 0x01, 0x07, 0x4B, 0x00, 0x03, 0x07,
    0x03, 0x06, 0x02, 0x07, 0x01, 0x05, 0x02, 0x00, 0x02, 0x06, 0x07, 0x07, 0x02, 0x06, 0x09, 0x05, 0x01, 0x06, 0x08, 0x07,
    0x01, 0x05, 0x01, 0x04, 0x04, 0x07, 0x02, 0x0E, 0x01, 0x10, 0x01, 0x07, 0x01, 0x05, 0x0E, 0x06, 0x01, 0x07, 0x01, 0x10,
    0x01, 0x0E, 0x01, 0x10, 0x01, 0x07, 0x4C, 0x00, 0x02, 0x07, 0x04, 0x06, 0x03, 0x00, 0x01, 0x06, 0x01, 0x07, 0x02, 0x06,
    0x0A, 0x07, 0x03, 0x06, 0x0C, 0x07, 0x02, 0x05, 0x02, 0x06, 0x03, 0x07, 0x02, 0x0E, 0x01, 0x10, 0x01, 0x07, 0x0B, 0x06,
    0x02, 0x07, 0x01, 0x0E, 0x01, 0x0F, 0x01, 0x0E, 0x01, 0x07, 0x01, 0x10, 0x01, 0x07, 0x4E, 0x00, 0x03, 0x07, 0x05, 0x00,
    0x02, 0x07, 0x01, 0x06, 0x18, 0x07, 0x01, 0x06, 0x03, 0x05, 0x05, 0x07, 0x02, 0x0E, 0x02, 0x0F, 0x03, 0x07, 0x02, 0x06,
    0x05, 0x07, 0x02, 0x0F, 0x02, 0x0E, 0x02, 0x07, 0x01, 0x0F, 0x01, 0x07, 0x56, 0x00, 0x03, 0x07, 0x02, 0x06, 0x15, 0x07,
    0x03, 0x06, 0x02, 0x05, 0x01, 0x06, 0x06, 0x07, 0x01, 0x0E, 0x01, 0x0F, 0x02, 0x10, 0x05, 0x0F, 0x01, 0x10, 0x01, 0x0F,
    0x05, 0x0E, 0x04, 0x07, 0x57, 0x00, 0x05, 0x06, 0x13, 0x07, 0x05, 0x06, 0x02, 0x05, 0x06, 0x07, 0x07, 0x0E, 0x01, 0x0F,
    0x04, 0x0E, 0x07, 0x07, 0x58, 0x00, 0x04, 0x06, 0x01, 0x07, 0x03, 0x06, 0x0F, 0x07, 0x01, 0x06, 0x01, 0x05, 0x05, 0x06,
    0x02, 0x05, 0x09, 0x07, 0x03, 0x0E, 0x01, 0x07, 0x01, 0x0E, 0x0A, 0x07, 0x58, 0x00, 0x02, 0x07, 0x02, 0x05, 0x01, 0x06,
    0x03, 0x07, 0x03, 0x06, 0x06, 0x07, 0x01, 0x06, 0x04, 0x07, 0x01, 0x06, 0x01, 0x05, 0x07, 0x06, 0x02, 0x05, 0x02, 0x06,
    0x14, 0x07, 0x59, 0x00, 0x01, 0x07, 0x02, 0x06, 0x04, 0x05, 0x02, 0x06, 0x02, 0x07, 0x06, 0x06, 0x01, 0x07, 0x03, 0x06,
    0x02, 0x05, 0x09, 0x06, 0x02, 0x05, 0x01, 0x06, 0x01, 0x07, 0x01, 0x06, 0x11, 0x07, 0x59, 0x00, 0x02, 0x07, 0x03, 0x06,
    0x07, 0x05, 0x07, 0x06, 0x03, 0x05, 0x0C, 0x06, 0x03, 0x05, 0x02, 0x06, 0x0B, 0x07, 0x02, 0x06, 0x01, 0x07, 0x5B, 0x00,
    0x02, 0x07, 0x05, 0x06, 0x0C, 0x05, 0x10, 0x06, 0x04, 0x05, 0x09, 0x06, 0x04, 0x05, 0x5C, 0x00, 0x02, 0x07, 0x06, 0x06,
    0x09, 0x05, 0x15, 0x06, 0x0C, 0x05, 0x02, 0x06, 0x5B, 0x00, 0x02, 0x07, 0x08, 0x06, 0x0B, 0x05, 0x0F, 0x06, 0x0B, 0x05,
    0x04, 0x06, 0x02, 0x07, 0x5B, 0x00, 0x02, 0x07, 0x0A, 0x06, 0x0A, 0x05, 0x01, 0x00, 0x06, 0x07, 0x03, 0x06, 0x08, 0x05,
    0x0B, 0x06, 0x02, 0x07, 0x5B, 0x00, 0x02, 0x07, 0x0C, 0x06, 0x06, 0x05, 0x01, 0x06, 0x0A, 0x00, 0x01, 0x06, 0x07, 0x05,
    0x08, 0x06, 0x01, 0x07, 0x03, 0x06, 0x02, 0x07, 0x5A, 0x00, 0x02, 0x07, 0x0E, 0x06, 0x04, 0x05, 0x02, 0x06, 0x0A, 0x00,
    0x02, 0x06, 0x04, 0x05, 0x0A, 0x06, 0x01, 0x07, 0x02, 0x06, 0x02, 0x07, 0x5B, 0x00, 0x02, 0x07, 0x0E, 0x06, 0x03, 0x05,
    0x02, 0x06, 0x0B, 0x00, 0x02, 0x06, 0x03, 0x05, 0x09, 0x06, 0x04, 0x07, 0x01, 0x06, 0x02, 0x07, 0x5B, 0x00, 0x02, 0x07,
    0x0F, 0x06, 0x02, 0x05, 0x02, 0x06, 0x0C, 0x00, 0x01, 0x06, 0x03, 0x05, 0x08, 0x06, 0x05, 0x07, 0x01, 0x06, 0x02, 0x07,
    0x5A, 0x00, 0x02, 0x07, 0x10, 0x06, 0x01, 0x05, 0x02, 0x06, 0x0D, 0x00, 0x01, 0x06, 0x02, 0x05, 0x08, 0x06, 0x06, 0x07,
    0x01, 0x06, 0x02, 0x07, 0x5A, 0x00, 0x02, 0x07, 0x10, 0x06, 0x01, 0x05, 0x01, 0x06, 0x0E, 0x00, 0x01, 0x06, 0x02, 0x05,
    0x08, 0x06, 0x06, 0x07, 0x01, 0x06, 0x02, 0x07, 0x5A, 0x00, 0x02, 0x07, 0x12, 0x06, 0x0E, 0x00, 0x02, 0x06, 0x01, 0x05,
    0x08, 0x06, 0x06, 0x07, 0x01, 0x06, 0x02, 0x07, 0x59, 0x00, 0x03, 0x07, 0x11, 0x06, 0x0F, 0x00, 0x01, 0x07, 0x01, 0x06,
    0x01, 0x05, 0x09, 0x06, 0x05, 0x07, 0x01, 0x06, 0x02, 0x07, 0x59, 0x00, 0x01, 0x07, 0x01, 0x0E, 0x08, 0x07, 0x0A, 0x06,
    0x0F, 0x00, 0x01, 0x07, 0x01, 0x06, 0x01, 0x05, 0x09, 0x06, 0x07, 0x07, 0x59, 0x00, 0x0E, 0x07, 0x07, 0x06, 0x0F, 0x00,
    0x01, 0x07, 0x01, 0x06, 0x01, 0x05, 0x05, 0x06, 0x0C, 0x07, 0x58, 0x00, 0x0B, 0x07, 0x01, 0x06, 0x03, 0x07, 0x05, 0x06,
    0x10, 0x00, 0x01, 0x07, 0x01, 0x06, 0x01, 0x05, 0x03, 0x06, 0x0F, 0x07, 0x56, 0x00, 0x10, 0x07, 0x04, 0x06, 0x01, 0x07,
    0x10, 0x00, 0x02, 0x06, 0x01, 0x05, 0x05, 0x06, 0x0B, 0x07, 0x01, 0x0F, 0x01, 0x0E, 0x01, 0x07, 0x55, 0x00, 0x01, 0x07,
    0x01, 0x0F, 0x13, 0x07, 0x10, 0x00, 0x08, 0x06, 0x0C, 0x07, 0x02, 0x0E, 0x54, 0x00, 0x01, 0x07, 0x01, 0x0E, 0x03, 0x07,
    0x01, 0x06, 0x07, 0x07, 0x01, 0x06, 0x08, 0x07, 0x0F, 0x00, 0x01, 0x07, 0x08, 0x06, 0x04, 0x07, 0x01, 0x06, 0x08, 0x07,
    0x01, 0x0F, 0x01, 0x07, 0x53, 0x00, 0x05, 0x07, 0x01, 0x06, 0x05, 0x07, 0x01, 0x0E, 0x01, 0x07, 0x01, 0x06, 0x08, 0x07,
    0x0F, 0x00, 0x01, 0x07, 0x08, 0x06, 0x03, 0x07, 0x01, 0x0E, 0x01, 0x06, 0x02, 0x07, 0x01, 0x0E, 0x01, 0x0F, 0x06, 0x07,
    0x53, 0x00, 0x02, 0x07, 0x02, 0x06, 0x01, 0x07, 0x02, 0x06, 0x06, 0x07, 0x01, 0x06, 0x05, 0x07, 0x01, 0x06, 0x02, 0x07,
    0x0F, 0x00, 0x01, 0x07, 0x08, 0x06, 0x05, 0x07, 0x01, 0x06, 0x09, 0x07, 0x53, 0x00, 0x02, 0x07, 0x02, 0x06, 0x01, 0x07,
    0x03, 0x06, 0x04, 0x07, 0x01, 0x06, 0x01, 0x05, 0x05, 0x07, 0x01, 0x06, 0x02, 0x07, 0x10, 0x00, 0x09, 0x06, 0x03, 0x07,
    0x02, 0x06, 0x09, 0x07, 0x53, 0x00, 0x02, 0x07, 0x03, 0x06, 0x01, 0x05, 0x02, 0x06, 0x04, 0x07, 0x01, 0x06, 0x01, 0x05,
    0x06, 0x07, 0x01, 0x06, 0x11, 0x00, 0x01, 0x06, 0x01, 0x07, 0x08, 0x06, 0x02, 0x07, 0x01, 0x06, 0x01, 0x05, 0x05, 0x07,
    0x02, 0x06, 0x02, 0x07, 0x54, 0x00, 0x03, 0x07, 0x01, 0x06, 0x01, 0x05, 0x01, 0x07, 0x03, 0x06, 0x03, 0x07, 0x01, 0x05,
    0x06, 0x07, 0x01, 0x06, 0x12, 0x00, 0x04, 0x06, 0x01, 0x07, 0x04, 0x06, 0x02, 0x07, 0x02, 0x06, 0x05, 0x07, 0x01, 0x06,
    0x02, 0x07, 0x56, 0x00, 0x02, 0x07, 0x01, 0x06, 0x01, 0x05, 0x01, 0x07, 0x04, 0x06, 0x01, 0x07, 0x02, 0x05, 0x02, 0x06,
    0x01, 0x07, 0x01, 0x06, 0x01, 0x07, 0x16, 0x00, 0x02, 0x05, 0x07, 0x06, 0x01, 0x05, 0x04, 0x06, 0x01, 0x07, 0x01, 0x06,
    0x01, 0x05, 0x01, 0x07, 0x5C, 0x00, 0x04, 0x06, 0x01, 0x05, 0x23, 0x00, 0x02, 0x06, 0x03, 0x00, 0x01, 0x06, 0xFF, 0x00,
    0xFF, 0x00, 0xFF, 0x00, 0xFF, 0x00, 0xFF, 0x00, 0xFF, 0x00, 0xF4, 0x00,
};

static const uint8_t momo_sprite_7[] = {
    0xFF, 0x00, 0x59, 0x00, 0x08, 0x07, 0x87, 0x00, 0x07, 0x07, 0x01, 0x0F, 0x03, 0x07, 0x84, 0x00, 0x0A, 0x07, 0x01, 0x0F,
    0x01, 0x10, 0x02, 0x07, 0x82, 0x00, 0x02, 0x07, 0x04, 0x06, 0x07, 0x07, 0x01, 0x10, 0x02, 0x07, 0x7F, 0x00, 0x02, 0x07,
    0x06, 0x06, 0x07, 0x07, 0x01, 0x0F, 0x01, 0x10, 0x01, 0x07, 0x7E, 0x00, 0x01, 0x07, 0x03, 0x06, 0x02, 0x05, 0x03, 0x06,
    0x08, 0x07, 0x01, 0x10, 0x01, 0x0E, 0x01, 0x07, 0x7B, 0x00, 0x02, 0x07, 0x01, 0x06, 0x01, 0x07, 0x01, 0x06, 0x03, 0x05,
    0x03, 0x06, 0x08, 0x07, 0x01, 0x0E, 0x01, 0x10, 0x01, 0x07, 0x32, 0x00, 0x02, 0x07, 0x46, 0x00, 0x02, 0x07, 0x01, 0x06,
    0x01, 0x07, 0x01, 0x06, 0x01, 0x05, 0x01, 0x04, 0x01, 0x03, 0x01, 0x04, 0x04, 0x06, 0x08, 0x07, 0x01, 0x10, 0x01, 0x07,
    0x2D, 0x00, 0x09, 0x07, 0x42, 0x00, 0x02, 0x07, 0x01, 0x06, 0x01, 0x07, 0x02, 0x06, 0x01, 0x04, 0x01, 0x03, 0x01, 0x04,
    0x01, 0x03, 0x01, 0x04, 0x03, 0x06, 0x09, 0x07, 0x01, 0x10, 0x01, 0x0E, 0x01, 0x07, 0x28, 0x00, 0x02, 0x07, 0x01, 0x0E,
    0x03, 0x10, 0x01, 0x0F, 0x01, 0x0E, 0x02, 0x0F, 0x02, 0x10, 0x01, 0x07, 0x41, 0x00, 0x02, 0x07, 0x01, 0x06, 0x01, 0x07,
    0x02, 0x06, 0x01, 0x04, 0x01, 0x05, 0x02, 0x04, 0x01, 0x03, 0x01, 0x04, 0x03, 0x06, 0x09, 0x07, 0x01, 0x10, 0x01, 0x0F,
    0x01, 0x07, 0x25, 0x00, 0x02, 0x07, 0x03, 0x10, 0x01, 0x0E, 0x01, 0x07, 0x01, 0x0E, 0x01, 0x0F, 0x01, 0x10, 0x01, 0x0E,
    0x05, 0x07, 0x40, 0x00, 0x01, 0x07, 0x01, 0x06, 0x02, 0x07, 0x01, 0x06, 0x04, 0x05, 0x02, 0x04, 0x01, 0x03, 0x01, 0x04,
    0x03, 0x06, 0x09, 0x07, 0x02, 0x0F, 0x01, 0x07, 0x22, 0x00, 0x01, 0x07, 0x01, 0x0E, 0x02, 0x10, 0x05, 0x0E, 0x02, 0x0F,
    0x05, 0x07, 0x01, 0x0E, 0x01, 0x07, 0x3F, 0x00, 0x02, 0x07, 0x01, 0x06, 0x01, 0x07, 0x02, 0x06, 0x01, 0x04, 0x04, 0x05,
    0x02, 0x04, 0x01, 0x03, 0x01, 0x05, 0x02, 0x06, 0x0A, 0x07, 0x02, 0x0F, 0x01, 0x07, 0x1F, 0x00, 0x01, 0x07, 0x01, 0x0E,
    0x02, 0x10, 0x05, 0x0E, 0x01, 0x0F, 0x01, 0x10, 0x03, 0x07, 0x03, 0x06, 0x04, 0x07, 0x3E, 0x00, 0x05, 0x07, 0x01, 0x06,
    0x06, 0x05, 0x02, 0x04, 0x01, 0x03, 0x03, 0x06, 0x0A, 0x07, 0x02, 0x0F, 0x01, 0x07, 0x1C, 0x00, 0x02, 0x07, 0x01, 0x10,
    0x01, 0x0F, 0x05, 0x07, 0x01, 0x0E, 0x01, 0x10, 0x01, 0x0F, 0x03, 0x07, 0x01, 0x06, 0x03, 0x05, 0x01, 0x06, 0x03, 0x07,
    0x3E, 0x00, 0x05, 0x07, 0x07, 0x05, 0x02, 0x04, 0x01, 0x03, 0x01, 0x05, 0x03, 0x06, 0x0A, 0x07, 0x01, 0x10, 0x01, 0x0E,
    0x01, 0x07, 0x1A, 0x00, 0x01, 0x07, 0x02, 0x10, 0x06, 0x07, 0x01, 0x0E, 0x01, 0x10, 0x04, 0x07, 0x01, 0x06, 0x04, 0x05,
    0x01, 0x06, 0x03, 0x07, 0x3E, 0x00, 0x01, 0x07, 0x01, 0x06, 0x03, 0x07, 0x08, 0x05, 0x02, 0x04, 0x01, 0x03, 0x03, 0x06,
    0x0B, 0x07, 0x01, 0x10, 0x01, 0x0E, 0x01, 0x07, 0x02, 0x0E, 0x02, 0x07, 0x01, 0x0E, 0x01, 0x0F, 0x07, 0x07, 0x0A, 0x00,
    0x02, 0x07, 0x01, 0x10, 0x07, 0x07, 0x01, 0x0E, 0x01, 0x0F, 0x04, 0x07, 0x01, 0x06, 0x03, 0x04, 0x02, 0x05, 0x01, 0x06,
    0x03, 0x07, 0x3D, 0x00, 0x02, 0x07, 0x01, 0x06, 0x03, 0x07, 0x09, 0x05, 0x01, 0x04, 0x01, 0x03, 0x01, 0x05, 0x02, 0x06,
    0x0C, 0x07, 0x01, 0x0F, 0x0D, 0x10, 0x01, 0x0E, 0x04, 0x07, 0x05, 0x00, 0x01, 0x07, 0x01, 0x10, 0x01, 0x0E, 0x07, 0x07,
    0x01, 0x0E, 0x01, 0x0F, 0x02, 0x07, 0x01, 0x06, 0x01, 0x07, 0x01, 0x05, 0x01, 0x04, 0x01, 0x03, 0x01, 0x04, 0x01, 0x05,
    0x01, 0x04, 0x01, 0x05, 0x01, 0x06, 0x04, 0x07, 0x3C, 0x00, 0x02, 0x07, 0x01, 0x06, 0x02, 0x07, 0x01, 0x06, 0x09, 0x05,
    0x03, 0x04, 0x03, 0x06, 0x15, 0x07, 0x03, 0x0E, 0x01, 0x0F, 0x05, 0x10, 0x02, 0x0E, 0x03, 0x07, 0x01, 0x10, 0x08, 0x07,
    0x01, 0x0E, 0x01, 0x0F, 0x04, 0x07, 0x01, 0x05, 0x02, 0x04, 0x02, 0x05, 0x01, 0x06, 0x02, 0x05, 0x01, 0x06, 0x04, 0x07,
    0x3C, 0x00, 0x05, 0x07, 0x01, 0x06, 0x0A, 0x05, 0x01, 0x03, 0x01, 0x02, 0x01, 0x06, 0x1C, 0x07, 0x02, 0x0E, 0x02, 0x0F,
    0x05, 0x10, 0x09, 0x07, 0x01, 0x0E, 0x04, 0x07, 0x01, 0x05, 0x01, 0x03, 0x04, 0x05, 0x01, 0x06, 0x01, 0x05, 0x01, 0x04,
    0x02, 0x06, 0x03, 0x07, 0x3C, 0x00, 0x05, 0x07, 0x01, 0x06, 0x01, 0x05, 0x01, 0x06, 0x06, 0x05, 0x02, 0x04, 0x01, 0x05,
    0x01, 0x06, 0x20, 0x07, 0x03, 0x0E, 0x03, 0x0F, 0x01, 0x10, 0x01, 0x0E, 0x06, 0x07, 0x01, 0x0E, 0x04, 0x07, 0x01, 0x06,
    0x01, 0x04, 0x05, 0x05, 0x01, 0x06, 0x01, 0x05, 0x01, 0x04, 0x02, 0x06, 0x03, 0x07, 0x3C, 0x00, 0x01, 0x07, 0x01, 0x06,
    0x03, 0x07, 0x01, 0x06, 0x01, 0x05, 0x02, 0x06, 0x04, 0x05, 0x01, 0x04, 0x01, 0x05, 0x01, 0x06, 0x25, 0x07, 0x02, 0x0E,
    0x02, 0x0F, 0x01, 0x10, 0x01, 0x0F, 0x03, 0x07, 0x02, 0x0E, 0x04, 0x07, 0x01, 0x06, 0x01, 0x04, 0x05, 0x05, 0x02, 0x06,
    0x01, 0x05, 0x01, 0x04, 0x02, 0x06, 0x03, 0x07, 0x3C, 0x00, 0x01, 0x07, 0x01, 0x06, 0x03, 0x07, 0x01, 0x06, 0x01, 0x05,
    0x02, 0x06, 0x04, 0x05, 0x01, 0x06, 0x2A, 0x07, 0x01, 0x0E, 0x01, 0x0F, 0x01, 0x10, 0x01, 0x0F, 0x03, 0x07, 0x01, 0x0F,
    0x04, 0x07, 0x01, 0x04, 0x03, 0x05, 0x05, 0x06, 0x01, 0x05, 0x01, 0x04, 0x02, 0x06, 0x03, 0x07, 0x3C, 0x00, 0x01, 0x07,
    0x01, 0x06, 0x03, 0x07, 0x01, 0x06, 0x05, 0x05, 0x01, 0x06, 0x2E, 0x07, 0x01, 0x0E, 0x02, 0x0F, 0x01, 0x0E, 0x05, 0x07,
    0x01, 0x05, 0x01, 0x04, 0x02, 0x05, 0x06, 0x06, 0x02, 0x05, 0x02, 0x06, 0x03, 0x07, 0x3B, 0x00, 0x02, 0x07, 0x01, 0x06,
    0x03, 0x07, 0x01, 0x06, 0x04, 0x05, 0x32, 0x07, 0x02, 0x0E, 0x05, 0x07, 0x01, 0x04, 0x03, 0x05, 0x06, 0x06, 0x02, 0x05,
    0x02, 0x06, 0x03, 0x07, 0x3B, 0x00, 0x02, 0x07, 0x01, 0x06, 0x04, 0x07, 0x02, 0x04, 0x01, 0x06, 0x3A, 0x07, 0x02, 0x05,
    0x09, 0x06, 0x01, 0x05, 0x02, 0x06, 0x03, 0x07, 0x3B, 0x00, 0x02, 0x07, 0x01, 0x06, 0x04, 0x07, 0x02, 0x06, 0x38, 0x07,
    0x01, 0x0E, 0x03, 0x07, 0x01, 0x06, 0x01, 0x05, 0x07, 0x06, 0x02, 0x05, 0x02, 0x06, 0x03, 0x07, 0x3B, 0x00, 0x02, 0x07,
    0x01, 0x06, 0x03, 0x07, 0x01, 0x06, 0x3B, 0x07, 0x01, 0x0E, 0x04, 0x07, 0x01, 0x05, 0x06, 0x06, 0x02, 0x05, 0x01, 0x06,
    0x04, 0x07, 0x3B, 0x00, 0x02, 0x07, 0x04, 0x06, 0x3E, 0x07, 0x01, 0x0E, 0x03, 0x07, 0x02, 0x05, 0x04, 0x06, 0x02, 0x05,
    0x05, 0x07, 0x3B, 0x00, 0x02, 0x07, 0x03, 0x06, 0x40, 0x07, 0x01, 0x0E, 0x01, 0x07, 0x01, 0x0E, 0x01, 0x07, 0x02, 0x05,
    0x03, 0x06, 0x01, 0x05, 0x01, 0x06, 0x05, 0x07, 0x3B, 0x00, 0x02, 0x07, 0x01, 0x06, 0x43, 0x07, 0x02, 0x0E, 0x01, 0x0F,
    0x01, 0x07, 0x02, 0x05, 0x01, 0x06, 0x02, 0x05, 0x02, 0x06, 0x04, 0x07, 0x3B, 0x00, 0x01, 0x07, 0x01, 0x06, 0x45, 0x07,
    0x02, 0x0F, 0x01, 0x10, 0x01, 0x07, 0x04, 0x05, 0x06, 0x07, 0x3C, 0x00, 0x47, 0x07, 0x02, 0x0F, 0x01, 0x10, 0x01, 0x07,
    0x01, 0x05, 0x01, 0x04, 0x01, 0x06, 0x03, 0x07, 0x01, 0x06, 0x02, 0x07, 0x3B, 0x00, 0x01, 0x07, 0x01, 0x0E, 0x30, 0x07,
    0x05, 0x0E, 0x12, 0x07, 0x02, 0x0F, 0x01, 0x10, 0x01, 0x07, 0x01, 0x06, 0x04, 0x07, 0x01, 0x06, 0x02, 0x07, 0x3A, 0x00,
    0x02, 0x07, 0x01, 0x0E, 0x2E, 0x07, 0x08, 0x0E, 0x01, 0x07, 0x01, 0x0E, 0x10, 0x07, 0x01, 0x0F, 0x02, 0x10, 0x05, 0x07,
    0x01, 0x06, 0x02, 0x07, 0x3A, 0x00, 0x01, 0x07, 0x01, 0x0F, 0x2F, 0x07, 0x05, 0x0E, 0x01, 0x0F, 0x05, 0x0E, 0x10, 0x07,
    0x02, 0x10, 0x01, 0x0E, 0x06, 0x07, 0x3A, 0x00, 0x01, 0x07, 0x01, 0x10, 0x30, 0x07, 0x05, 0x0E, 0x02, 0x0F, 0x01, 0x0E,
    0x01, 0x0F, 0x03, 0x0E, 0x0F, 0x07, 0x01, 0x0E, 0x01, 0x0F, 0x01, 0x10, 0x01, 0x0E, 0x05, 0x07, 0x39, 0x00, 0x01, 0x07,
    0x01, 0x10, 0x31, 0x07, 0x04, 0x0E, 0x02, 0x0F, 0x01, 0x0E, 0x02, 0x0F, 0x04, 0x0E, 0x0F, 0x07, 0x01, 0x0F, 0x02, 0x10,
    0x01, 0x07, 0x02, 0x06, 0x02, 0x07, 0x38, 0x00, 0x07, 0x07, 0x01, 0x05, 0x01, 0x04, 0x01, 0x03, 0x08, 0x02, 0x02, 0x03,
    0x02, 0x04, 0x01, 0x05, 0x02, 0x06, 0x1D, 0x07, 0x06, 0x0E, 0x01, 0x0F, 0x04, 0x0E, 0x10, 0x07, 0x01, 0x0F, 0x02, 0x10,
    0x01, 0x07, 0x01, 0x06, 0x02, 0x07, 0x38, 0x00, 0x01, 0x07, 0x01, 0x0F, 0x02, 0x07, 0x01, 0x04, 0x15, 0x02, 0x01, 0x03,
    0x01, 0x04, 0x01, 0x05, 0x20, 0x07, 0x02, 0x0E, 0x12, 0x07, 0x01, 0x0E, 0x01, 0x0F, 0x01, 0x10, 0x01, 0x07, 0x01, 0x06,
    0x01, 0x07, 0x38, 0x00, 0x01, 0x07, 0x01, 0x10, 0x01, 0x07, 0x01, 0x03, 0x04, 0x02, 0x02, 0x03, 0x15, 0x02, 0x01, 0x03,
    0x01, 0x05, 0x1B, 0x07, 0x01, 0x0E, 0x01, 0x07, 0x02, 0x0E, 0x13, 0x07, 0x01, 0x0F, 0x02, 0x10, 0x02, 0x07, 0x37, 0x00,
    0x01, 0x07, 0x01, 0x10, 0x01, 0x07, 0x04, 0x02, 0x02, 0x03, 0x05, 0x02, 0x01, 0x03, 0x05, 0x04, 0x03, 0x03, 0x08, 0x02,
    0x04, 0x03, 0x01, 0x05, 0x14, 0x07, 0x02, 0x0E, 0x0A, 0x07, 0x01, 0x0E, 0x03, 0x0F, 0x01, 0x0E, 0x0C, 0x07, 0x01, 0x0F,
    0x02, 0x10, 0x01, 0x07, 0x36, 0x00, 0x03, 0x07, 0x01, 0x03, 0x01, 0x02, 0x01, 0x03, 0x02, 0x02, 0x01, 0x03, 0x02, 0x02,
    0x01, 0x03, 0x01, 0x06, 0x08, 0x07, 0x05, 0x06, 0x02, 0x05, 0x01, 0x04, 0x01, 0x03, 0x05, 0x02, 0x02, 0x03, 0x01, 0x04,
    0x13, 0x07, 0x01, 0x05, 0x01, 0x04, 0x02, 0x03, 0x02, 0x02, 0x06, 0x03, 0x02, 0x04, 0x01, 0x05, 0x01, 0x06, 0x0D, 0x07,
    0x01, 0x0E, 0x01, 0x0F, 0x01, 0x10, 0x01, 0x07, 0x36, 0x00, 0x01, 0x07, 0x01, 0x0F, 0x01, 0x07, 0x07, 0x02, 0x01, 0x06,
    0x02, 0x07, 0x02, 0x06, 0x07, 0x05, 0x02, 0x04, 0x08, 0x05, 0x01, 0x03, 0x03, 0x02, 0x01, 0x03, 0x02, 0x04, 0x0F, 0x07,
    0x01, 0x05, 0x04, 0x02, 0x11, 0x03, 0x01, 0x04, 0x01, 0x05, 0x09, 0x07, 0x01, 0x0F, 0x01, 0x10, 0x01, 0x0F, 0x01, 0x07,
    0x34, 0x00, 0x01, 0x07, 0x01, 0x10, 0x01, 0x0F, 0x01, 0x06, 0x06, 0x02, 0x01, 0x06, 0x01, 0x07, 0x01, 0x06, 0x0B, 0x05,
    0x01, 0x06, 0x01, 0x07, 0x09, 0x05, 0x01, 0x03, 0x02, 0x02, 0x02, 0x03, 0x01, 0x05, 0x0C, 0x07, 0x01, 0x06, 0x03, 0x02,
    0x02, 0x03, 0x0E, 0x02, 0x03, 0x03, 0x01, 0x04, 0x04, 0x03, 0x01, 0x04, 0x07, 0x07, 0x01, 0x0F, 0x01, 0x10, 0x01, 0x07,
    0x33, 0x00, 0x01, 0x07, 0x01, 0x10, 0x01, 0x07, 0x01, 0x0F, 0x01, 0x04, 0x01, 0x02, 0x01, 0x03, 0x01, 0x02, 0x01, 0x03,
    0x01, 0x02, 0x01, 0x03, 0x01, 0x07, 0x01, 0x06, 0x08, 0x05, 0x03, 0x06, 0x01, 0x05, 0x01, 0x07, 0x01, 0x0E, 0x0A, 0x05,
    0x01, 0x03, 0x02, 0x02, 0x02, 0x03, 0x0B, 0x07, 0x01, 0x06, 0x02, 0x02, 0x01, 0x03, 0x05, 0x02, 0x02, 0x03, 0x05, 0x04,
    0x02, 0x03, 0x08, 0x02, 0x05, 0x03, 0x01, 0x04, 0x01, 0x06, 0x04, 0x07, 0x01, 0x0E, 0x01, 0x10, 0x01, 0x0F, 0x01, 0x07,
    0x31, 0x00, 0x04, 0x07, 0x01, 0x0E, 0x01, 0x03, 0x01, 0x02, 0x01, 0x03, 0x01, 0x02, 0x01, 0x03, 0x01, 0x02, 0x01, 0x05,
    0x01, 0x06, 0x04, 0x05, 0x09, 0x06, 0x01, 0x0F, 0x01, 0x10, 0x06, 0x06, 0x05, 0x05, 0x02, 0x02, 0x01, 0x03, 0x01, 0x02,
    0x01, 0x06, 0x0A, 0x07, 0x02, 0x02, 0x01, 0x03, 0x02, 0x02, 0x01, 0x03, 0x01, 0x04, 0x06, 0x05, 0x02, 0x06, 0x01, 0x05,
    0x01, 0x06, 0x04, 0x07, 0x01, 0x06, 0x01, 0x05, 0x01, 0x04, 0x05, 0x02, 0x04, 0x03, 0x01, 0x04, 0x03, 0x07, 0x01, 0x0E,
    0x01, 0x0F, 0x01, 0x10, 0x01, 0x07, 0x31, 0x00, 0x01, 0x07, 0x01, 0x10, 0x03, 0x07, 0x01, 0x05, 0x05, 0x02, 0x02, 0x06,
    0x02, 0x05, 0x0A, 0x06, 0x01, 0x07, 0x02, 0x10, 0x01, 0x07, 0x07, 0x06, 0x03, 0x05, 0x01, 0x04, 0x03, 0x02, 0x01, 0x04,
    0x09, 0x07, 0x01, 0x03, 0x01, 0x02, 0x01, 0x03, 0x02, 0x02, 0x01, 0x04, 0x09, 0x05, 0x01, 0x04, 0x05, 0x05, 0x02, 0x06,
    0x04, 0x07, 0x01, 0x05, 0x03, 0x02, 0x01, 0x03, 0x03, 0x02, 0x01, 0x03, 0x04, 0x07, 0x01, 0x10, 0x01, 0x0F, 0x30, 0x00,
    0x01, 0x07, 0x01, 0x10, 0x05, 0x07, 0x01, 0x04, 0x01, 0x02, 0x01, 0x03, 0x02, 0x02, 0x01, 0x07, 0x0D, 0x06, 0x01, 0x0E,
    0x02, 0x10, 0x01, 0x07, 0x08, 0x06, 0x03, 0x05, 0x02, 0x02, 0x02, 0x03, 0x04, 0x02, 0x01, 0x03, 0x02, 0x04, 0x01, 0x06,
    0x01, 0x05, 0x01, 0x02, 0x02, 0x03, 0x01, 0x02, 0x01, 0x04, 0x04, 0x05, 0x05, 0x06, 0x02, 0x05, 0x01, 0x07, 0x01, 0x06,
    0x07, 0x05, 0x01, 0x06, 0x03, 0x07, 0x01, 0x05, 0x02, 0x02, 0x02, 0x03, 0x03, 0x02, 0x03, 0x07, 0x01, 0x0E, 0x01, 0x10,
    0x01, 0x07, 0x2F, 0x00, 0x08, 0x07, 0x03, 0x02, 0x01, 0x03, 0x01, 0x07, 0x01, 0x05, 0x0B, 0x06, 0x01, 0x07, 0x01, 0x10,
    0x01, 0x0F, 0x01, 0x10, 0x01, 0x0F, 0x01, 0x07, 0x08, 0x06, 0x02, 0x05, 0x02, 0x02, 0x01, 0x03, 0x06, 0x02, 0x04, 0x03,
    0x01, 0x02, 0x01, 0x03, 0x01, 0x02, 0x01, 0x03, 0x0B, 0x06, 0x01, 0x07, 0x01, 0x10, 0x01, 0x07, 0x03, 0x06, 0x06, 0x05,
    0x01, 0x06, 0x02, 0x07, 0x01, 0x05, 0x02, 0x02, 0x03, 0x03, 0x01, 0x02, 0x01, 0x03, 0x02, 0x07, 0x01, 0x0E, 0x01, 0x10,
    0x01, 0x0E, 0x2E, 0x00, 0x01, 0x07, 0x01, 0x10, 0x04, 0x07, 0x01, 0x06, 0x02, 0x07, 0x03, 0x02, 0x01, 0x04, 0x01, 0x07,
    0x0B, 0x06, 0x01, 0x07, 0x01, 0x10, 0x01, 0x0F, 0x01, 0x10, 0x01, 0x0F, 0x01, 0x10, 0x01, 0x07, 0x01, 0x06, 0x01, 0x07,
    0x07, 0x06, 0x01, 0x05, 0x02, 0x02, 0x01, 0x03, 0x04, 0x02, 0x01, 0x03, 0x01, 0x02, 0x06, 0x03, 0x01, 0x02, 0x01, 0x06,
    0x0A, 0x07, 0x01, 0x06, 0x01, 0x07, 0x01, 0x10, 0x01, 0x07, 0x06, 0x06, 0x04, 0x05, 0x02, 0x06, 0x01, 0x07, 0x01, 0x03,
    0x01, 0x02, 0x03, 0x03, 0x02, 0x02, 0x03, 0x07, 0x01, 0x0F, 0x01, 0x10, 0x01, 0x07, 0x2C, 0x00, 0x06, 0x07, 0x03, 0x06,
    0x01, 0x07, 0x03, 0x02, 0x01, 0x04, 0x01, 0x07, 0x0A, 0x06, 0x01, 0x07, 0x05, 0x10, 0x01, 0x0F, 0x01, 0x10, 0x01, 0x07,
    0x01, 0x06, 0x01, 0x07, 0x02, 0x06, 0x01, 0x07, 0x03, 0x06, 0x01, 0x05, 0x02, 0x02, 0x01, 0x03, 0x05, 0x02, 0x06, 0x03,
    0x02, 0x02, 0x0C, 0x07, 0x02, 0x10, 0x03, 0x07, 0x06, 0x06, 0x04, 0x05, 0x01, 0x07, 0x01, 0x06, 0x01, 0x02, 0x03, 0x03,
    0x02, 0x02, 0x04, 0x07, 0x01, 0x10, 0x01, 0x0E, 0x2C, 0x00, 0x01, 0x07, 0x01, 0x10, 0x04, 0x07, 0x03, 0x06, 0x01, 0x07,
    0x01, 0x03, 0x02, 0x02, 0x01, 0x04, 0x01, 0x07, 0x08, 0x06, 0x01, 0x07, 0x01, 0x0E, 0x02, 0x10, 0x01, 0x0F, 0x06, 0x10,
    0x01, 0x07, 0x01, 0x06, 0x02, 0x07, 0x04, 0x06, 0x01, 0x05, 0x02, 0x02, 0x01, 0x03, 0x08, 0x02, 0x03, 0x03, 0x01, 0x02,
    0x01, 0x03, 0x0C, 0x07, 0x02, 0x10, 0x01, 0x0F, 0x06, 0x07, 0x03, 0x06, 0x03, 0x05, 0x01, 0x06, 0x01, 0x07, 0x02, 0x02,
    0x02, 0x03, 0x02, 0x02, 0x04, 0x07, 0x01, 0x0F, 0x01, 0x10, 0x01, 0x07, 0x2B, 0x00, 0x05, 0x07, 0x04, 0x06, 0x01, 0x07,
    0x01, 0x03, 0x02, 0x02, 0x01, 0x03, 0x01, 0x07, 0x05, 0x06, 0x02, 0x07, 0x01, 0x0E, 0x02, 0x10, 0x01, 0x0F, 0x02, 0x10,
    0x01, 0x0F, 0x03, 0x10, 0x01, 0x0F, 0x02, 0x10, 0x01, 0x07, 0x06, 0x06, 0x01, 0x05, 0x01, 0x02, 0x02, 0x03, 0x01, 0x02,
    0x01, 0x03, 0x04, 0x04, 0x01, 0x03, 0x02, 0x02, 0x02, 0x03, 0x01, 0x02, 0x01, 0x04, 0x0B, 0x07, 0x01, 0x10, 0x01, 0x0F,
    0x02, 0x10, 0x07, 0x07, 0x03, 0x06, 0x03, 0x05, 0x01, 0x07, 0x02, 0x02, 0x02, 0x03, 0x02, 0x02, 0x05, 0x07, 0x01, 0x10,
    0x01, 0x0E, 0x2A, 0x00, 0x01, 0x07, 0x01, 0x10, 0x03, 0x07, 0x05, 0x06, 0x01, 0x07, 0x01, 0x04, 0x02, 0x02, 0x01, 0x03,
    0x01, 0x07, 0x04, 0x06, 0x02, 0x07, 0x03, 0x10, 0x01, 0x0F, 0x03, 0x10, 0x05, 0x0F, 0x03, 0x10, 0x01, 0x0E, 0x01, 0x07,
    0x04, 0x06, 0x01, 0x04, 0x01, 0x02, 0x01, 0x03, 0x01, 0x02, 0x01, 0x03, 0x07, 0x05, 0x02, 0x02, 0x01, 0x03, 0x01, 0x02,
    0x01, 0x05, 0x0A, 0x07, 0x01, 0x10, 0x01, 0x0F, 0x03, 0x10, 0x01, 0x0F, 0x07, 0x07, 0x02, 0x06, 0x03, 0x05, 0x01, 0x06,
    0x01, 0x03, 0x01, 0x02, 0x02, 0x03, 0x02, 0x02, 0x05, 0x07, 0x01, 0x0F, 0x01, 0x10, 0x01, 0x07, 0x29, 0x00, 0x04, 0x07,
    0x06, 0x06, 0x01, 0x07, 0x01, 0x05, 0x02, 0x02, 0x01, 0x03, 0x01, 0x07, 0x06, 0x06, 0x02, 0x07, 0x02, 0x10, 0x01, 0x0F,
    0x08, 0x10, 0x02, 0x0F, 0x02, 0x10, 0x01, 0x0F, 0x01, 0x07, 0x02, 0x06, 0x01, 0x03, 0x03, 0x02, 0x03, 0x05, 0x01, 0x06,
    0x04, 0x05, 0x01, 0x04, 0x01, 0x02, 0x01, 0x03, 0x01, 0x02, 0x01, 0x05, 0x09, 0x07, 0x07, 0x10, 0x07, 0x07, 0x03, 0x06,
    0x02, 0x05, 0x01, 0x06, 0x02, 0x02, 0x01, 0x03, 0x01, 0x02, 0x01, 0x03, 0x07, 0x07, 0x01, 0x10, 0x01, 0x07, 0x28, 0x00,
    0x05, 0x07, 0x06, 0x06, 0x01, 0x07, 0x01, 0x06, 0x03, 0x02, 0x01, 0x07, 0x08, 0x06, 0x01, 0x07, 0x01, 0x0E, 0x01, 0x10,
    0x01, 0x0F, 0x09, 0x10, 0x04, 0x07, 0x02, 0x06, 0x04, 0x02, 0x01, 0x07, 0x06, 0x06, 0x01, 0x05, 0x01, 0x04, 0x03, 0x02,
    0x01, 0x05, 0x03, 0x07, 0x01, 0x06, 0x03, 0x07, 0x01, 0x0E, 0x07, 0x10, 0x01, 0x0F, 0x01, 0x10, 0x06, 0x07, 0x03, 0x06,
    0x02, 0x05, 0x01, 0x06, 0x04, 0x02, 0x08, 0x07, 0x02, 0x0F, 0x01, 0x07, 0x27, 0x00, 0x05, 0x07, 0x08, 0x06, 0x03, 0x02,
    0x01, 0x06, 0x01, 0x07, 0x09, 0x06, 0x01, 0x07, 0x01, 0x10, 0x01, 0x0F, 0x06, 0x10, 0x02, 0x07, 0x04, 0x06, 0x01, 0x07,
    0x01, 0x05, 0x03, 0x02, 0x01, 0x05, 0x02, 0x07, 0x01, 0x06, 0x03, 0x07, 0x02, 0x06, 0x01, 0x05, 0x03, 0x02, 0x01, 0x04,
    0x02, 0x07, 0x01, 0x06, 0x01, 0x07, 0x01, 0x0E, 0x01, 0x0F, 0x08, 0x10, 0x01, 0x0F, 0x03, 0x10, 0x06, 0x07, 0x03, 0x06,
    0x01, 0x05, 0x01, 0x06, 0x01, 0x02, 0x01, 0x03, 0x01, 0x02, 0x01, 0x04, 0x09, 0x07, 0x01, 0x10, 0x01, 0x07, 0x27, 0x00,
    0x04, 0x07, 0x08, 0x06, 0x01, 0x07, 0x03, 0x02, 0x01, 0x05, 0x01, 0x07, 0x09, 0x06, 0x01, 0x07, 0x01, 0x0F, 0x03, 0x10,
    0x01, 0x0F, 0x01, 0x10, 0x01, 0x0F, 0x01, 0x07, 0x02, 0x06, 0x01, 0x07, 0x03, 0x06, 0x01, 0x07, 0x01, 0x03, 0x03, 0x02,
    0x08, 0x07, 0x01, 0x06, 0x01, 0x05, 0x03, 0x02, 0x01, 0x04, 0x04, 0x07, 0x01, 0x0F, 0x02, 0x10, 0x01, 0x0F, 0x09, 0x10,
    0x01, 0x0F, 0x01, 0x10, 0x01, 0x0F, 0x04, 0x07, 0x03, 0x06, 0x02, 0x05, 0x01, 0x02, 0x01, 0x03, 0x01, 0x02, 0x01, 0x06,
    0x09, 0x07, 0x01, 0x10, 0x01, 0x0E, 0x27, 0x00, 0x03, 0x07, 0x09, 0x06, 0x01, 0x07, 0x01, 0x04, 0x01, 0x02, 0x02, 0x03,
    0x01, 0x07, 0x0A, 0x06, 0x01, 0x07, 0x01, 0x10, 0x01, 0x0F, 0x02, 0x10, 0x01, 0x0F, 0x01, 0x07, 0x01, 0x06, 0x02, 0x07,
    0x03, 0x06, 0x01, 0x07, 0x01, 0x06, 0x03, 0x02, 0x01, 0x03, 0x08, 0x07, 0x01, 0x06, 0x01, 0x05, 0x01, 0x03, 0x02, 0x02,
    0x01, 0x03, 0x06, 0x07, 0x01, 0x0F, 0x01, 0x10, 0x01, 0x0F, 0x02, 0x10, 0x02, 0x0F, 0x02, 0x10, 0x01, 0x0F, 0x02, 0x10,
    0x01, 0x0F, 0x03, 0x10, 0x03, 0x07, 0x03, 0x06, 0x01, 0x05, 0x03, 0x02, 0x0A, 0x07, 0x01, 0x0E, 0x01, 0x10, 0x01, 0x07,
    0x26, 0x00, 0x02, 0x07, 0x0A, 0x06, 0x01, 0x07, 0x01, 0x06, 0x01, 0x02, 0x01, 0x03, 0x01, 0x02, 0x01, 0x06, 0x01, 0x07,
    0x09, 0x06, 0x01, 0x07, 0x01, 0x0E, 0x03, 0x10, 0x01, 0x07, 0x01, 0x06, 0x02, 0x07, 0x04, 0x06, 0x01, 0x07, 0x01, 0x04,
    0x03, 0x02, 0x01, 0x06, 0x08, 0x07, 0x02, 0x06, 0x01, 0x04, 0x03, 0x02, 0x08, 0x07, 0x01, 0x10, 0x01, 0x0F, 0x05, 0x10,
    0x01, 0x0F, 0x02, 0x10, 0x01, 0x0F, 0x01, 0x0E, 0x05, 0x07, 0x03, 0x06, 0x01, 0x03, 0x02, 0x02, 0x01, 0x03, 0x0B, 0x07,
    0x01, 0x10, 0x01, 0x07, 0x26, 0x00, 0x02, 0x07, 0x0B, 0x06, 0x01, 0x07, 0x02, 0x02, 0x01, 0x04, 0x01, 0x03, 0x01, 0x07,
    0x0A, 0x06, 0x01, 0x07, 0x02, 0x10, 0x01, 0x07, 0x01, 0x06, 0x01, 0x07, 0x05, 0x06, 0x01, 0x07, 0x01, 0x06, 0x03, 0x02,
    0x01, 0x03, 0x0A, 0x07, 0x01, 0x06, 0x01, 0x05, 0x03, 0x02, 0x01, 0x06, 0x08, 0x07, 0x08, 0x10, 0x08, 0x07, 0x03, 0x06,
    0x01, 0x03, 0x02, 0x02, 0x01, 0x05, 0x0B, 0x07, 0x01, 0x10, 0x01, 0x0E, 0x26, 0x00, 0x02, 0x07, 0x0B, 0x06, 0x01, 0x07,
    0x01, 0x05, 0x01, 0x02, 0x02, 0x03, 0x01, 0x04, 0x01, 0x07, 0x09, 0x06, 0x01, 0x07, 0x02, 0x10, 0x01, 0x07, 0x07, 0x06,
    0x01, 0x07, 0x01, 0x03, 0x03, 0x02, 0x01, 0x06, 0x0A, 0x07, 0x01, 0x06, 0x01, 0x05, 0x03, 0x02, 0x01, 0x05, 0x09, 0x07,
    0x05, 0x10, 0x01, 0x0F, 0x09, 0x07, 0x02, 0x06, 0x01, 0x05, 0x01, 0x02, 0x01, 0x03, 0x01, 0x02, 0x0D, 0x07, 0x01, 0x10,
    0x01, 0x07, 0x25, 0x00, 0x02, 0x07, 0x0C, 0x06, 0x01, 0x07, 0x01, 0x03, 0x01, 0x02, 0x02, 0x03, 0x01, 0x05, 0x02, 0x07,
    0x07, 0x06, 0x01, 0x07, 0x01, 0x0F, 0x01, 0x07, 0x06, 0x06, 0x02, 0x07, 0x01, 0x04, 0x03, 0x02, 0x01, 0x04, 0x0B, 0x07,
    0x01, 0x06, 0x01, 0x05, 0x01, 0x03, 0x02, 0x02, 0x01, 0x03, 0x09, 0x07, 0x05, 0x10, 0x0A, 0x07, 0x02, 0x06, 0x01, 0x04,
    0x03, 0x02, 0x0D, 0x07, 0x01, 0x10, 0x01, 0x07, 0x25, 0x00, 0x02, 0x07, 0x0D, 0x06, 0x01, 0x07, 0x02, 0x02, 0x01, 0x03,
    0x01, 0x02, 0x01, 0x04, 0x01, 0x06, 0x02, 0x07, 0x06, 0x06, 0x01, 0x0F, 0x01, 0x07, 0x05, 0x06, 0x02, 0x07, 0x01, 0x04,
    0x04, 0x02, 0x0D, 0x07, 0x01, 0x06, 0x01, 0x05, 0x03, 0x02, 0x01, 0x06, 0x01, 0x07, 0x01, 0x06, 0x07, 0x07, 0x01, 0x10,
    0x01, 0x0F, 0x01, 0x10, 0x0A, 0x07, 0x03, 0x06, 0x03, 0x02, 0x01, 0x05, 0x0D, 0x07, 0x01, 0x10, 0x01, 0x07, 0x26, 0x00,
    0x01, 0x07, 0x0F, 0x06, 0x05, 0x02, 0x01, 0x04, 0x01, 0x06, 0x0D, 0x07, 0x01, 0x06, 0x01, 0x03, 0x04, 0x02, 0x01, 0x06,
    0x01, 0x07, 0x01, 0x06, 0x0B, 0x07, 0x01, 0x06, 0x01, 0x05, 0x03, 0x02, 0x01, 0x03, 0x07, 0x07, 0x01, 0x06, 0x01, 0x07,
    0x02, 0x10, 0x01, 0x0E, 0x0A, 0x07, 0x01, 0x06, 0x01, 0x07, 0x01, 0x04, 0x03, 0x02, 0x0E, 0x07, 0x01, 0x0E, 0x01, 0x07,
    0x26, 0x00, 0x02, 0x07, 0x0C, 0x06, 0x01, 0x05, 0x02, 0x06, 0x01, 0x03, 0x06, 0x02, 0x01, 0x03, 0x01, 0x04, 0x02, 0x05,
    0x05, 0x06, 0x01, 0x05, 0x01, 0x04, 0x01, 0x03, 0x05, 0x02, 0x01, 0x05, 0x0E, 0x07, 0x02, 0x06, 0x01, 0x04, 0x03, 0x02,
    0x01, 0x05, 0x08, 0x07, 0x02, 0x10, 0x0C, 0x07, 0x01, 0x06, 0x03, 0x02, 0x01, 0x04, 0x10, 0x07, 0x26, 0x00, 0x02, 0x07,
    0x0D, 0x06, 0x01, 0x05, 0x01, 0x06, 0x01, 0x07, 0x01, 0x05, 0x15, 0x02, 0x01, 0x06, 0x0F, 0x07, 0x02, 0x06, 0x01, 0x05,
    0x03, 0x02, 0x01, 0x03, 0x01, 0x05, 0x02, 0x07, 0x01, 0x06, 0x04, 0x07, 0x01, 0x0E, 0x01, 0x0F, 0x08, 0x07, 0x02, 0x06,
    0x02, 0x07, 0x04, 0x02, 0x11, 0x07, 0x27, 0x00, 0x02, 0x07, 0x0D, 0x06, 0x01, 0x05, 0x03, 0x06, 0x01, 0x05, 0x01, 0x03,
    0x10, 0x02, 0x01, 0x04, 0x02, 0x06, 0x0F, 0x07, 0x02, 0x06, 0x02, 0x05, 0x02, 0x02, 0x02, 0x03, 0x01, 0x04, 0x04, 0x07,
    0x01, 0x06, 0x09, 0x07, 0x01, 0x06, 0x04, 0x07, 0x01, 0x03, 0x01, 0x02, 0x01, 0x03, 0x01, 0x02, 0x01, 0x05, 0x11, 0x07,
    0x27, 0x00, 0x02, 0x07, 0x0E, 0x06, 0x02, 0x05, 0x04, 0x06, 0x01, 0x05, 0x01, 0x04, 0x01, 0x03, 0x08, 0x02, 0x02, 0x03,
    0x01, 0x04, 0x01, 0x05, 0x02, 0x06, 0x02, 0x07, 0x01, 0x06, 0x01, 0x05, 0x05, 0x07, 0x01, 0x03, 0x01, 0x02, 0x01, 0x05,
    0x06, 0x07, 0x01, 0x06, 0x01, 0x05, 0x01, 0x04, 0x03, 0x02, 0x02, 0x03, 0x01, 0x05, 0x0F, 0x07, 0x01, 0x05, 0x02, 0x02,
    0x01, 0x03, 0x01, 0x02, 0x01, 0x04, 0x12, 0x07, 0x28, 0x00, 0x02, 0x07, 0x0E, 0x06, 0x04, 0x05, 0x06, 0x06, 0x07, 0x05,
    0x06, 0x06, 0x01, 0x07, 0x01, 0x06, 0x02, 0x02, 0x02, 0x03, 0x05, 0x02, 0x01, 0x03, 0x01, 0x06, 0x03, 0x07, 0x02, 0x06,
    0x03, 0x05, 0x03, 0x02, 0x03, 0x03, 0x01, 0x04, 0x02, 0x05, 0x01, 0x06, 0x06, 0x07, 0x02, 0x06, 0x01, 0x04, 0x01, 0x03,
    0x01, 0x02, 0x01, 0x03, 0x02, 0x02, 0x01, 0x03, 0x13, 0x07, 0x28, 0x00, 0x02, 0x07, 0x10, 0x06, 0x0E, 0x05, 0x07, 0x06,
    0x01, 0x07, 0x01, 0x06, 0x0F, 0x02, 0x01, 0x07, 0x01, 0x06, 0x03, 0x05, 0x01, 0x03, 0x05, 0x02, 0x0A, 0x03, 0x02, 0x02,
    0x01, 0x03, 0x03, 0x02, 0x01, 0x04, 0x0E, 0x07, 0x03, 0x06, 0x03, 0x07, 0x29, 0x00, 0x02, 0x07, 0x13, 0x06, 0x07, 0x05,
    0x0A, 0x06, 0x01, 0x07, 0x01, 0x06, 0x0E, 0x02, 0x01, 0x03, 0x01, 0x07, 0x02, 0x06, 0x02, 0x05, 0x01, 0x06, 0x01, 0x05,
    0x01, 0x03, 0x09, 0x02, 0x01, 0x03, 0x07, 0x02, 0x01, 0x03, 0x01, 0x06, 0x0D, 0x07, 0x06, 0x06, 0x02, 0x07, 0x1C, 0x00,
    0x04, 0x07, 0x0A, 0x00, 0x02, 0x07, 0x23, 0x06, 0x02, 0x07, 0x0E, 0x02, 0x01, 0x04, 0x01, 0x07, 0x03, 0x06, 0x03, 0x05,
    0x01, 0x06, 0x02, 0x05, 0x01, 0x04, 0x01, 0x03, 0x0B, 0x02, 0x01, 0x04, 0x01, 0x05, 0x05, 0x06, 0x08, 0x07, 0x07, 0x06,
    0x02, 0x07, 0x1C, 0x00, 0x01, 0x07, 0x01, 0x0E, 0x02, 0x07, 0x01, 0x10, 0x01, 0x07, 0x0A, 0x00, 0x02, 0x07, 0x05, 0x06,
    0x01, 0x05, 0x1C, 0x06, 0x02, 0x07, 0x0E, 0x02, 0x01, 0x05, 0x01, 0x07, 0x05, 0x06, 0x04, 0x05, 0x02, 0x06, 0x09, 0x05,
    0x0A, 0x06, 0x04, 0x07, 0x0A, 0x06, 0x02, 0x07, 0x1B, 0x00, 0x08, 0x07, 0x0A, 0x00, 0x02, 0x07, 0x03, 0x06, 0x03, 0x05,
    0x1B, 0x06, 0x02, 0x07, 0x05, 0x02, 0x03, 0x03, 0x06, 0x02, 0x02, 0x07, 0x07, 0x06, 0x08, 0x05, 0x01, 0x06, 0x06, 0x05,
    0x16, 0x06, 0x02, 0x07, 0x1B, 0x00, 0x01, 0x07, 0x01, 0x06, 0x0A, 0x07, 0x07, 0x00, 0x02, 0x07, 0x01, 0x06, 0x07, 0x05,
    0x19, 0x06, 0x01, 0x07, 0x01, 0x03, 0x01, 0x02, 0x01, 0x03, 0x01, 0x04, 0x05, 0x05, 0x01, 0x04, 0x01, 0x03, 0x03, 0x02,
    0x02, 0x07, 0x0B, 0x06, 0x08, 0x05, 0x18, 0x06, 0x02, 0x07, 0x1C, 0x00, 0x03, 0x06, 0x06, 0x07, 0x01, 0x0E, 0x03, 0x07,
    0x07, 0x00, 0x02, 0x07, 0x01, 0x06, 0x06, 0x05, 0x19, 0x06, 0x01, 0x07, 0x01, 0x06, 0x01, 0x02, 0x03, 0x05, 0x01, 0x06,
    0x05, 0x05, 0x01, 0x04, 0x01, 0x02, 0x01, 0x05, 0x01, 0x07, 0x2B, 0x06, 0x02, 0x07, 0x1D, 0x00, 0x05, 0x06, 0x01, 0x07,
    0x02, 0x06, 0x09, 0x07, 0x05, 0x00, 0x02, 0x07, 0x01, 0x06, 0x06, 0x05, 0x18, 0x06, 0x01, 0x07, 0x01, 0x03, 0x01, 0x05,
    0x01, 0x06, 0x01, 0x05, 0x02, 0x06, 0x01, 0x05, 0x03, 0x06, 0x01, 0x04, 0x01, 0x02, 0x02, 0x07, 0x2B, 0x06, 0x02, 0x07,
    0x1D, 0x00, 0x06, 0x06, 0x01, 0x05, 0x01, 0x06, 0x07, 0x07, 0x02, 0x0E, 0x02, 0x07, 0x04, 0x00, 0x01, 0x07, 0x02, 0x06,
    0x09, 0x05, 0x14, 0x06, 0x02, 0x07, 0x01, 0x04, 0x06, 0x06, 0x01, 0x07, 0x01, 0x06, 0x01, 0x03, 0x01, 0x05, 0x01, 0x07,
    0x2B, 0x06, 0x02, 0x07, 0x1D, 0x00, 0x02, 0x07, 0x02, 0x05, 0x03, 0x06, 0x01, 0x05, 0x01, 0x06, 0x02, 0x07, 0x01, 0x0E,
    0x03, 0x07, 0x01, 0x06, 0x05, 0x07, 0x05, 0x00, 0x01, 0x07, 0x02, 0x06, 0x09, 0x05, 0x13, 0x06, 0x01, 0x07, 0x01, 0x06,
    0x01, 0x04, 0x01, 0x05, 0x05, 0x06, 0x01, 0x04, 0x01, 0x05, 0x01, 0x07, 0x2B, 0x06, 0x02, 0x07, 0x1E, 0x00, 0x07, 0x07,
    0x01, 0x05, 0x01, 0x06, 0x06, 0x07, 0x01, 0x06, 0x06, 0x07, 0x05, 0x00, 0x01, 0x07, 0x03, 0x06, 0x09, 0x05, 0x12, 0x06,
    0x02, 0x07, 0x06, 0x05, 0x01, 0x06, 0x01, 0x07, 0x2B, 0x06, 0x02, 0x07, 0x1E, 0x00, 0x01, 0x07, 0x01, 0x10, 0x07, 0x07,
    0x01, 0x05, 0x01, 0x06, 0x04, 0x07, 0x03, 0x06, 0x05, 0x07, 0x07, 0x00, 0x01, 0x07, 0x02, 0x06, 0x0A, 0x05, 0x11, 0x06,
    0x03, 0x07, 0x02, 0x06, 0x03, 0x07, 0x2B, 0x06, 0x02, 0x07, 0x1F, 0x00, 0x02, 0x07, 0x01, 0x06, 0x07, 0x07, 0x01, 0x05,
    0x02, 0x07, 0x05, 0x06, 0x05, 0x07, 0x01, 0x06, 0x09, 0x00, 0x02, 0x06, 0x05, 0x05, 0x01, 0x06, 0x01, 0x05, 0x02, 0x06,
    0x01, 0x05, 0x0F, 0x06, 0x01, 0x05, 0x02, 0x06, 0x02, 0x07, 0x2C, 0x06, 0x03, 0x07, 0x1F, 0x00, 0x02, 0x07, 0x03, 0x06,
    0x06, 0x07, 0x04, 0x05, 0x01, 0x06, 0x01, 0x07, 0x02, 0x06, 0x05, 0x07, 0x01, 0x06, 0x02, 0x05, 0x0A, 0x00, 0x01, 0x05,
    0x03, 0x04, 0x04, 0x05, 0x12, 0x06, 0x03, 0x05, 0x2A, 0x06, 0x03, 0x07, 0x21, 0x00, 0x02, 0x07, 0x04, 0x06, 0x05, 0x07,
    0x01, 0x06, 0x01, 0x03, 0x01, 0x05, 0x01, 0x06, 0x02, 0x07, 0x02, 0x06, 0x05, 0x07, 0x02, 0x05, 0x01, 0x06, 0x02, 0x05,
    0x01, 0x06, 0x07, 0x00, 0x01, 0x06, 0x02, 0x05, 0x03, 0x04, 0x01, 0x03, 0x03, 0x04, 0x03, 0x05, 0x38, 0x06, 0x03, 0x07,
    0x23, 0x00, 0x02, 0x07, 0x01, 0x06, 0x01, 0x07, 0x01, 0x06, 0x02, 0x05, 0x01, 0x06, 0x03, 0x07, 0x01, 0x06, 0x01, 0x05,
    0x04, 0x07, 0x01, 0x05, 0x02, 0x07, 0x01, 0x0E, 0x03, 0x07, 0x01, 0x06, 0x08, 0x05, 0x03, 0x00, 0x02, 0x07, 0x04, 0x05,
    0x01, 0x06, 0x02, 0x05, 0x02, 0x04, 0x04, 0x03, 0x02, 0x04, 0x01, 0x05, 0x31, 0x06, 0x01, 0x07, 0x01, 0x06, 0x02, 0x07,
    0x25, 0x00, 0x02, 0x07, 0x01, 0x06, 0x04, 0x07, 0x01, 0x06, 0x01, 0x05, 0x02, 0x06, 0x01, 0x05, 0x02, 0x06, 0x02, 0x07,
    0x01, 0x06, 0x01, 0x05, 0x06, 0x07, 0x01, 0x06, 0x07, 0x05, 0x04, 0x04, 0x01, 0x06, 0x01, 0x07, 0x0B, 0x06, 0x02, 0x05,
    0x01, 0x04, 0x02, 0x03, 0x01, 0x02, 0x01, 0x03, 0x01, 0x04, 0x02, 0x05, 0x01, 0x06, 0x01, 0x05, 0x02, 0x06, 0x06, 0x05,
    0x19, 0x06, 0x02, 0x05, 0x03, 0x06, 0x06, 0x07, 0x27, 0x00, 0x01, 0x07, 0x03, 0x06, 0x05, 0x07, 0x02, 0x05, 0x01, 0x07,
    0x04, 0x06, 0x01, 0x05, 0x01, 0x06, 0x06, 0x07, 0x01, 0x06, 0x01, 0x05, 0x01, 0x06, 0x06, 0x05, 0x03, 0x04, 0x01, 0x03,
    0x01, 0x04, 0x08, 0x06, 0x07, 0x07, 0x02, 0x06, 0x01, 0x04, 0x01, 0x03, 0x02, 0x02, 0x01, 0x04, 0x0A, 0x05, 0x04, 0x06,
    0x0A, 0x05, 0x0E, 0x06, 0x04, 0x07, 0x2A, 0x00, 0x01, 0x07, 0x03, 0x06, 0x05, 0x07, 0x02, 0x06, 0x02, 0x07, 0x03, 0x06,
    0x01, 0x05, 0x07, 0x07, 0x03, 0x06, 0x08, 0x05, 0x02, 0x04, 0x01, 0x02, 0x01, 0x04, 0x03, 0x06, 0x10, 0x07, 0x01, 0x04,
    0x01, 0x02, 0x01, 0x03, 0x04, 0x04, 0x09, 0x05, 0x02, 0x06, 0x03, 0x05, 0x05, 0x04, 0x02, 0x03, 0x06, 0x04, 0x02, 0x05,
    0x03, 0x06, 0x2F, 0x00, 0x02, 0x07, 0x04, 0x06, 0x03, 0x07, 0x01, 0x06, 0x05, 0x07, 0x01, 0x05, 0x01, 0x06, 0x06, 0x07,
    0x01, 0x06, 0x01, 0x07, 0x04, 0x06, 0x08, 0x05, 0x01, 0x04, 0x01, 0x02, 0x01, 0x05, 0x04, 0x06, 0x10, 0x07, 0x02, 0x04,
    0x05, 0x05, 0x03, 0x04, 0x01, 0x05, 0x01, 0x06, 0x0A, 0x07, 0x05, 0x06, 0x06, 0x05, 0x02, 0x06, 0x31, 0x00, 0x02, 0x07,
    0x05, 0x06, 0x01, 0x07, 0x02, 0x06, 0x04, 0x07, 0x02, 0x06, 0x07, 0x07, 0x04, 0x06, 0x01, 0x05, 0x05, 0x06, 0x05, 0x05,
    0x01, 0x04, 0x01, 0x02, 0x01, 0x05, 0x03, 0x06, 0x01, 0x07, 0x01, 0x06, 0x0F, 0x07, 0x01, 0x06, 0x01, 0x05, 0x04, 0x06,
    0x01, 0x05, 0x01, 0x06, 0x03, 0x07, 0x01, 0x0E, 0x0F, 0x07, 0x06, 0x06, 0x01, 0x07, 0x32, 0x00, 0x01, 0x07, 0x08, 0x06,
    0x03, 0x07, 0x01, 0x06, 0x01, 0x05, 0x07, 0x07, 0x0C, 0x06, 0x01, 0x05, 0x01, 0x06, 0x03, 0x05, 0x01, 0x03, 0x01, 0x02,
    0x01, 0x04, 0x01, 0x06, 0x01, 0x07, 0x03, 0x06, 0x0A, 0x07, 0x02, 0x0E, 0x03, 0x07, 0x04, 0x06, 0x01, 0x05, 0x05, 0x07,
    0x04, 0x0E, 0x0C, 0x07, 0x05, 0x06, 0x02, 0x07, 0x32, 0x00, 0x04, 0x06, 0x03, 0x05, 0x01, 0x06, 0x01, 0x07, 0x03, 0x06,
    0x01, 0x05, 0x01, 0x06, 0x07, 0x07, 0x02, 0x06, 0x01, 0x05, 0x01, 0x06, 0x02, 0x05, 0x09, 0x06, 0x03, 0x05, 0x03, 0x03,
    0x01, 0x05, 0x01, 0x06, 0x01, 0x07, 0x04, 0x06, 0x09, 0x07, 0x01, 0x0E, 0x03, 0x07, 0x03, 0x06, 0x05, 0x07, 0x02, 0x0E,
    0x01, 0x0F, 0x01, 0x0E, 0x01, 0x07, 0x01, 0x0E, 0x0E, 0x07, 0x02, 0x06, 0x02, 0x07, 0x33, 0x00, 0x01, 0x07, 0x03, 0x06,
    0x01, 0x05, 0x05, 0x06, 0x01, 0x05, 0x01, 0x06, 0x08, 0x07, 0x01, 0x05, 0x01, 0x06, 0x03, 0x05, 0x0B, 0x06, 0x02, 0x05,
    0x03, 0x04, 0x02, 0x03, 0x01, 0x05, 0x02, 0x06, 0x02, 0x07, 0x01, 0x06, 0x02, 0x07, 0x01, 0x06, 0x05, 0x07, 0x03, 0x0E,
    0x02, 0x07, 0x02, 0x06, 0x05, 0x07, 0x02, 0x0E, 0x14, 0x07, 0x01, 0x06, 0x34, 0x00, 0x01, 0x07, 0x01, 0x06, 0x01, 0x05,
    0x05, 0x06, 0x02, 0x05, 0x09, 0x07, 0x04, 0x05, 0x01, 0x06, 0x03, 0x05, 0x09, 0x06, 0x04, 0x05, 0x03, 0x04, 0x03, 0x03,
    0x01, 0x05, 0x02, 0x06, 0x01, 0x07, 0x02, 0x06, 0x06, 0x07, 0x02, 0x0E, 0x01, 0x0F, 0x01, 0x07, 0x01, 0x05, 0x19, 0x07,
    0x02, 0x06, 0x02, 0x05, 0x34, 0x00, 0x02, 0x07, 0x03, 0x05, 0x03, 0x04, 0x01, 0x05, 0x09, 0x07, 0x01, 0x06, 0x08, 0x05,
    0x09, 0x06, 0x08, 0x05, 0x01, 0x04, 0x03, 0x03, 0x01, 0x04, 0x01, 0x05, 0x01, 0x06, 0x03, 0x07, 0x01, 0x06, 0x05, 0x07,
    0x01, 0x0F, 0x01, 0x07, 0x01, 0x06, 0x14, 0x07, 0x03, 0x06, 0x01, 0x05, 0x04, 0x04, 0x01, 0x06, 0x02, 0x07, 0x32, 0x00,
    0x02, 0x07, 0x02, 0x06, 0x03, 0x05, 0x0A, 0x07, 0x01, 0x06, 0x01, 0x05, 0x01, 0x06, 0x07, 0x05, 0x08, 0x06, 0x0C, 0x05,
    0x01, 0x04, 0x03, 0x03, 0x01, 0x04, 0x01, 0x05, 0x01, 0x06, 0x06, 0x07, 0x01, 0x0E, 0x09, 0x07, 0x01, 0x06, 0x06, 0x07,
    0x03, 0x06, 0x01, 0x05, 0x07, 0x04, 0x04, 0x05, 0x01, 0x06, 0x02, 0x07, 0x31, 0x00, 0x02, 0x07, 0x03, 0x06, 0x0A, 0x07,
    0x01, 0x06, 0x01, 0x07, 0x0B, 0x05, 0x06, 0x06, 0x02, 0x05, 0x01, 0x06, 0x08, 0x05, 0x01, 0x06, 0x04, 0x05, 0x01, 0x04,
    0x01, 0x03, 0x01, 0x02, 0x01, 0x03, 0x01, 0x06, 0x04, 0x07, 0x01, 0x0E, 0x01, 0x0F, 0x0A, 0x07, 0x02, 0x06, 0x01, 0x05,
    0x02, 0x04, 0x04, 0x03, 0x02, 0x04, 0x03, 0x05, 0x03, 0x06, 0x01, 0x05, 0x01, 0x06, 0x03, 0x05, 0x01, 0x06, 0x02, 0x07,
    0x31, 0x00, 0x02, 0x07, 0x02, 0x06, 0x03, 0x07, 0x01, 0x06, 0x04, 0x07, 0x01, 0x06, 0x02, 0x07, 0x02, 0x05, 0x01, 0x06,
    0x11, 0x05, 0x01, 0x06, 0x09, 0x05, 0x06, 0x06, 0x01, 0x05, 0x01, 0x04, 0x01, 0x03, 0x01, 0x05, 0x04, 0x07, 0x01, 0x10,
    0x01, 0x07, 0x01, 0x06, 0x06, 0x07, 0x01, 0x05, 0x01, 0x04, 0x03, 0x03, 0x01, 0x04, 0x02, 0x05, 0x0A, 0x06, 0x02, 0x05,
    0x04, 0x06, 0x01, 0x05, 0x01, 0x06, 0x02, 0x07, 0x31, 0x00, 0x02, 0x07, 0x0A, 0x06, 0x01, 0x07, 0x16, 0x05, 0x01, 0x04,
    0x07, 0x05, 0x05, 0x06, 0x03, 0x05, 0x01, 0x06, 0x01, 0x05, 0x01, 0x03, 0x01, 0x06, 0x03, 0x07, 0x01, 0x0F, 0x04, 0x07,
    0x01, 0x0E, 0x01, 0x07, 0x01, 0x06, 0x01, 0x03, 0x01, 0x04, 0x01, 0x05, 0x03, 0x06, 0x01, 0x07, 0x15, 0x06, 0x02, 0x07,
    0x30, 0x00, 0x03, 0x07, 0x09, 0x06, 0x03, 0x05, 0x01, 0x04, 0x01, 0x05, 0x01, 0x04, 0x11, 0x05, 0x01, 0x04, 0x06, 0x05,
    0x05, 0x06, 0x01, 0x05, 0x01, 0x04, 0x01, 0x05, 0x01, 0x06, 0x01, 0x05, 0x01, 0x06, 0x01, 0x04, 0x01, 0x05, 0x02, 0x07,
    0x01, 0x0F, 0x01, 0x0E, 0x06, 0x07, 0x02, 0x05, 0x02, 0x07, 0x10, 0x06, 0x01, 0x05, 0x08, 0x06, 0x03, 0x07, 0x31, 0x00,
    0x07, 0x07, 0x02, 0x06, 0x17, 0x05, 0x01, 0x04, 0x07, 0x05, 0x04, 0x06, 0x02, 0x05, 0x01, 0x06, 0x01, 0x07, 0x01, 0x10,
    0x01, 0x06, 0x02, 0x04, 0x01, 0x05, 0x03, 0x07, 0x01, 0x05, 0x01, 0x04, 0x01, 0x05, 0x04, 0x07, 0x01, 0x05, 0x01, 0x06,
    0x01, 0x05, 0x01, 0x04, 0x02, 0x05, 0x0D, 0x06, 0x02, 0x05, 0x09, 0x06, 0x03, 0x07, 0x31, 0x00, 0x06, 0x07, 0x01, 0x06,
    0x18, 0x05, 0x01, 0x04, 0x08, 0x05, 0x03, 0x06, 0x03, 0x04, 0x02, 0x07, 0x01, 0x05, 0x06, 0x06, 0x01, 0x04, 0x02, 0x07,
    0x01, 0x06, 0x02, 0x07, 0x01, 0x06, 0x04, 0x05, 0x02, 0x07, 0x0D, 0x06, 0x02, 0x05, 0x0A, 0x06, 0x02, 0x07, 0x01, 0x06,
    0x37, 0x00, 0x01, 0x06, 0x05, 0x05, 0x01, 0x04, 0x10, 0x05, 0x02, 0x04, 0x08, 0x05, 0x02, 0x06, 0x01, 0x05, 0x01, 0x03,
    0x04, 0x05, 0x01, 0x04, 0x01, 0x05, 0x04, 0x04, 0x01, 0x05, 0x01, 0x04, 0x03, 0x05, 0x02, 0x06, 0x03, 0x07, 0x01, 0x06,
    0x01, 0x05, 0x02, 0x07, 0x01, 0x05, 0x0B, 0x06, 0x03, 0x05, 0x0B, 0x06, 0x03, 0x07, 0x38, 0x00, 0x03, 0x06, 0x06, 0x05,
    0x02, 0x04, 0x04, 0x05, 0x06, 0x04, 0x01, 0x03, 0x01, 0x04, 0x06, 0x05, 0x04, 0x06, 0x01, 0x05, 0x02, 0x04, 0x02, 0x06,
    0x01, 0x05, 0x01, 0x03, 0x02, 0x02, 0x01, 0x04, 0x01, 0x06, 0x02, 0x05, 0x05, 0x04, 0x01, 0x05, 0x01, 0x04, 0x02, 0x03,
    0x02, 0x04, 0x02, 0x05, 0x01, 0x04, 0x0B, 0x06, 0x03, 0x05, 0x0C, 0x06, 0x02, 0x07, 0x3B, 0x00, 0x03, 0x06, 0x07, 0x05,
    0x0A, 0x04, 0x08, 0x05, 0x02, 0x06, 0x01, 0x05, 0x01, 0x04, 0x04, 0x03, 0x01, 0x04, 0x01, 0x05, 0x01, 0x03, 0x01, 0x05,
    0x03, 0x07, 0x01, 0x05, 0x01, 0x04, 0x04, 0x07, 0x01, 0x06, 0x02, 0x02, 0x01, 0x03, 0x02, 0x06, 0x01, 0x05, 0x01, 0x04,
    0x0B, 0x06, 0x03, 0x05, 0x01, 0x06, 0x01, 0x05, 0x0A, 0x06, 0x01, 0x05, 0x02, 0x07, 0x3E, 0x00, 0x04, 0x06, 0x07, 0x05,
    0x02, 0x04, 0x01, 0x03, 0x02, 0x04, 0x08, 0x05, 0x02, 0x06, 0x05, 0x05, 0x03, 0x06, 0x01, 0x05, 0x01, 0x06, 0x04, 0x07,
    0x01, 0x06, 0x03, 0x07, 0x01, 0x0E, 0x01, 0x07, 0x02, 0x05, 0x04, 0x03, 0x0D, 0x06, 0x01, 0x05, 0x01, 0x04, 0x03, 0x05,
    0x0B, 0x06, 0x02, 0x07, 0x43, 0x00, 0x03, 0x06, 0x03, 0x05, 0x03, 0x04, 0x07, 0x05, 0x0C, 0x06, 0x01, 0x04, 0x01, 0x06,
    0x08, 0x07, 0x01, 0x0F, 0x01, 0x07, 0x01, 0x05, 0x01, 0x06, 0x01, 0x05, 0x02, 0x04, 0x01, 0x05, 0x01, 0x07, 0x0C, 0x06,
    0x01, 0x05, 0x01, 0x04, 0x03, 0x05, 0x08, 0x06, 0x01, 0x07, 0x03, 0x06, 0x02, 0x07, 0x49, 0x00, 0x01, 0x05, 0x01, 0x04,
    0x07, 0x05, 0x0C, 0x06, 0x01, 0x04, 0x01, 0x06, 0x02, 0x07, 0x01, 0x0E, 0x01, 0x07, 0x01, 0x06, 0x01, 0x0E, 0x02, 0x07,
    0x01, 0x0F, 0x01, 0x07, 0x01, 0x05, 0x11, 0x06, 0x02, 0x05, 0x01, 0x04, 0x04, 0x05, 0x06, 0x06, 0x01, 0x07, 0x01, 0x06,
    0x01, 0x05, 0x03, 0x06, 0x02, 0x07, 0x47, 0x00, 0x02, 0x06, 0x09, 0x05, 0x06, 0x06, 0x02, 0x05, 0x03, 0x06, 0x01, 0x04,
    0x01, 0x06, 0x02, 0x07, 0x01, 0x0F, 0x01, 0x07, 0x01, 0x06, 0x01, 0x07, 0x03, 0x0E, 0x01, 0x06, 0x01, 0x05, 0x12, 0x06,
    0x01, 0x05, 0x01, 0x03, 0x01, 0x04, 0x04, 0x05, 0x05, 0x06, 0x01, 0x07, 0x04, 0x06, 0x01, 0x05, 0x01, 0x06, 0x02, 0x07,
    0x46, 0x00, 0x01, 0x07, 0x01, 0x06, 0x08, 0x05, 0x06, 0x06, 0x02, 0x04, 0x02, 0x05, 0x02, 0x06, 0x01, 0x04, 0x03, 0x07,
    0x01, 0x0E, 0x01, 0x07, 0x01, 0x06, 0x03, 0x07, 0x01, 0x0E, 0x01, 0x06, 0x01, 0x05, 0x12, 0x06, 0x01, 0x05, 0x01, 0x03,
    0x01, 0x04, 0x04, 0x05, 0x04, 0x06, 0x02, 0x07, 0x01, 0x06, 0x01, 0x07, 0x01, 0x06, 0x01, 0x05, 0x03, 0x06, 0x02, 0x07,
    0x45, 0x00, 0x02, 0x06, 0x09, 0x05, 0x01, 0x06, 0x02, 0x05, 0x01, 0x06, 0x01, 0x04, 0x01, 0x05, 0x01, 0x07, 0x01, 0x0F,
    0x01, 0x07, 0x01, 0x04, 0x01, 0x05, 0x01, 0x04, 0x04, 0x07, 0x02, 0x05, 0x03, 0x07, 0x01, 0x0E, 0x01, 0x06, 0x03, 0x05,
    0x01, 0x04, 0x02, 0x05, 0x0C, 0x06, 0x01, 0x05, 0x01, 0x06, 0x01, 0x03, 0x01, 0x04, 0x05, 0x05, 0x01, 0x06, 0x01, 0x05,
    0x01, 0x06, 0x01, 0x07, 0x01, 0x05, 0x01, 0x06, 0x01, 0x05, 0x02, 0x06, 0x02, 0x05, 0x01, 0x06, 0x01, 0x10, 0x03, 0x07,
    0x43, 0x00, 0x02, 0x06, 0x0B, 0x05, 0x01, 0x06, 0x03, 0x05, 0x01, 0x06, 0x01, 0x07, 0x01, 0x06, 0x01, 0x05, 0x02, 0x06,
    0x01, 0x05, 0x01, 0x06, 0x01, 0x07, 0x02, 0x05, 0x01, 0x07, 0x03, 0x06, 0x01, 0x07, 0x01, 0x06, 0x01, 0x05, 0x02, 0x04,
    0x01, 0x06, 0x01, 0x0F, 0x01, 0x07, 0x0C, 0x06, 0x01, 0x05, 0x01, 0x06, 0x01, 0x04, 0x01, 0x03, 0x01, 0x04, 0x05, 0x05,
    0x01, 0x06, 0x01, 0x07, 0x02, 0x05, 0x01, 0x07, 0x01, 0x06, 0x02, 0x07, 0x02, 0x05, 0x02, 0x06, 0x01, 0x07, 0x02, 0x10,
    0x01, 0x07, 0x42, 0x00, 0x01, 0x06, 0x09, 0x05, 0x02, 0x06, 0x01, 0x05, 0x01, 0x06, 0x01, 0x04, 0x02, 0x05, 0x01, 0x04,
    0x02, 0x05, 0x01, 0x04, 0x01, 0x05, 0x01, 0x06, 0x01, 0x05, 0x01, 0x04, 0x01, 0x06, 0x01, 0x05, 0x01, 0x04, 0x01, 0x05,
    0x01, 0x04, 0x01, 0x06, 0x01, 0x07, 0x01, 0x06, 0x03, 0x07, 0x02, 0x05, 0x02, 0x07, 0x01, 0x05, 0x0D, 0x06, 0x01, 0x05,
    0x01, 0x03, 0x01, 0x04, 0x05, 0x05, 0x01, 0x06, 0x01, 0x05, 0x01, 0x06, 0x01, 0x05, 0x01, 0x06, 0x01, 0x07, 0x01, 0x06,
    0x01, 0x05, 0x02, 0x07, 0x01, 0x05, 0x01, 0x06, 0x01, 0x07, 0x01, 0x0E, 0x01, 0x0F, 0x01, 0x10, 0x01, 0x07, 0x40, 0x00,
    0x01, 0x07, 0x01, 0x06, 0x09, 0x05, 0x03, 0x06, 0x01, 0x05, 0x02, 0x04, 0x03, 0x06, 0x01, 0x04, 0x02, 0x02, 0x01, 0x03,
    0x03, 0x05, 0x01, 0x04, 0x01, 0x05, 0x06, 0x04, 0x02, 0x03, 0x01, 0x05, 0x01, 0x04, 0x03, 0x05, 0x0E, 0x06, 0x01, 0x03,
    0x02, 0x04, 0x03, 0x05, 0x01, 0x06, 0x01, 0x05, 0x02, 0x06, 0x01, 0x05, 0x01, 0x07, 0x01, 0x06, 0x01, 0x05, 0x01, 0x07,
    0x01, 0x0E, 0x02, 0x06, 0x02, 0x07, 0x03, 0x0E, 0x01, 0x10, 0x01, 0x07, 0x3F, 0x00, 0x01, 0x07, 0x01, 0x06, 0x0A, 0x05,
    0x02, 0x06, 0x02, 0x05, 0x01, 0x04, 0x01, 0x03, 0x01, 0x04, 0x02, 0x03, 0x01, 0x05, 0x01, 0x04, 0x01, 0x03, 0x03, 0x07,
    0x01, 0x06, 0x01, 0x04, 0x01, 0x05, 0x04, 0x07, 0x01, 0x04, 0x02, 0x02, 0x01, 0x05, 0x01, 0x07, 0x01, 0x06, 0x02, 0x05,
    0x0C, 0x06, 0x01, 0x05, 0x01, 0x06, 0x01, 0x04, 0x01, 0x03, 0x01, 0x04, 0x06, 0x05, 0x02, 0x06, 0x01, 0x05, 0x01, 0x06,
    0x01, 0x0F, 0x01, 0x10, 0x01, 0x07, 0x01, 0x06, 0x03, 0x07, 0x02, 0x0E, 0x01, 0x07, 0x01, 0x10, 0x01, 0x07, 0x3F, 0x00,
    0x02, 0x06, 0x0F, 0x05, 0x03, 0x04, 0x02, 0x06, 0x01, 0x05, 0x01, 0x04, 0x05, 0x07, 0x01, 0x06, 0x02, 0x07, 0x01, 0x0E,
    0x01, 0x07, 0x01, 0x06, 0x01, 0x05, 0x01, 0x04, 0x01, 0x02, 0x02, 0x03, 0x01, 0x04, 0x0D, 0x06, 0x01, 0x05, 0x01, 0x06,
    0x01, 0x05, 0x01, 0x02, 0x02, 0x04, 0x02, 0x05, 0x01, 0x04, 0x02, 0x05, 0x01, 0x06, 0x01, 0x05, 0x01, 0x06, 0x02, 0x07,
    0x01, 0x06, 0x01, 0x07, 0x01, 0x0E, 0x02, 0x07, 0x01, 0x0E, 0x03, 0x07, 0x01, 0x0E, 0x01, 0x07, 0x3F, 0x00, 0x02, 0x06,
    0x10, 0x05, 0x04, 0x06, 0x02, 0x05, 0x03, 0x07, 0x01, 0x0E, 0x04, 0x07, 0x01, 0x0E, 0x01, 0x07, 0x01, 0x05, 0x02, 0x06,
    0x02, 0x04, 0x01, 0x05, 0x0E, 0x06, 0x02, 0x05, 0x01, 0x06, 0x01, 0x02, 0x01, 0x03, 0x06, 0x05, 0x01, 0x04, 0x01, 0x06,
    0x01, 0x07, 0x01, 0x06, 0x01, 0x05, 0x01, 0x07, 0x01, 0x0E, 0x02, 0x07, 0x01, 0x0E, 0x04, 0x07, 0x01, 0x0E, 0x01, 0x07,
    0x3E, 0x00, 0x01, 0x07, 0x01, 0x06, 0x0C, 0x05, 0x01, 0x06, 0x03, 0x05, 0x03, 0x06, 0x01, 0x05, 0x01, 0x06, 0x01, 0x05,
    0x01, 0x04, 0x08, 0x07, 0x01, 0x0E, 0x01, 0x07, 0x01, 0x06, 0x01, 0x05, 0x13, 0x06, 0x01, 0x05, 0x01, 0x06, 0x02, 0x03,
    0x02, 0x04, 0x02, 0x05, 0x01, 0x04, 0x01, 0x05, 0x02, 0x06, 0x01, 0x05, 0x01, 0x06, 0x0A, 0x07, 0x01, 0x0E, 0x01, 0x07,
    0x3E, 0x00, 0x01, 0x07, 0x01, 0x06, 0x0D, 0x05, 0x04, 0x06, 0x02, 0x05, 0x02, 0x06, 0x01, 0x05, 0x01, 0x04, 0x03, 0x07,
    0x01, 0x0E, 0x01, 0x07, 0x01, 0x06, 0x04, 0x07, 0x01, 0x06, 0x01, 0x05, 0x15, 0x06, 0x01, 0x04, 0x01, 0x02, 0x04, 0x04,
    0x02, 0x06, 0x02, 0x05, 0x01, 0x06, 0x0C, 0x07, 0x3F, 0x00, 0x02, 0x06, 0x0A, 0x05, 0x02, 0x06, 0x01, 0x05, 0x02, 0x06,
    0x01, 0x05, 0x02, 0x04, 0x02, 0x05, 0x01, 0x06, 0x01, 0x04, 0x01, 0x05, 0x03, 0x07, 0x01, 0x10, 0x06, 0x07, 0x01, 0x06,
    0x01, 0x05, 0x02, 0x06, 0x02, 0x05, 0x0F, 0x06, 0x01, 0x05, 0x01, 0x06, 0x01, 0x05, 0x01, 0x02, 0x01, 0x03, 0x02, 0x04,
    0x04, 0x05, 0x0B, 0x07, 0x01, 0x06, 0x02, 0x07, 0x3E, 0x00, 0x03, 0x06, 0x0C, 0x05, 0x02, 0x06, 0x01, 0x05, 0x01, 0x06,
    0x01, 0x05, 0x02, 0x07, 0x02, 0x05, 0x01, 0x04, 0x01, 0x05, 0x01, 0x07, 0x01, 0x06, 0x02, 0x07, 0x02, 0x05, 0x04, 0x07,
    0x03, 0x05, 0x01, 0x04, 0x01, 0x05, 0x11, 0x06, 0x01, 0x05, 0x01, 0x06, 0x01, 0x03, 0x01, 0x02, 0x01, 0x04, 0x01, 0x05,
    0x02, 0x04, 0x01, 0x06, 0x0B, 0x07, 0x02, 0x06, 0x01, 0x07, 0x01, 0x10, 0x01, 0x07, 0x3D, 0x00, 0x01, 0x07, 0x01, 0x06,
    0x0D, 0x05, 0x01, 0x06, 0x03, 0x05, 0x01, 0x04, 0x02, 0x07, 0x02, 0x05, 0x01, 0x06, 0x01, 0x05, 0x02, 0x06, 0x01, 0x07,
    0x01, 0x04, 0x01, 0x06, 0x01, 0x07, 0x01, 0x06, 0x01, 0x07, 0x01, 0x06, 0x01, 0x07, 0x01, 0x06, 0x03, 0x05, 0x01, 0x07,
    0x01, 0x10, 0x01, 0x07, 0x01, 0x05, 0x0E, 0x06, 0x01, 0x05, 0x01, 0x06, 0x01, 0x05, 0x01, 0x02, 0x02, 0x03, 0x01, 0x04,
    0x02, 0x07, 0x01, 0x06, 0x09, 0x07, 0x01, 0x05, 0x01, 0x06, 0x02, 0x07, 0x02, 0x0E, 0x3D, 0x00, 0x01, 0x07, 0x01, 0x06,
    0x0B, 0x05, 0x01, 0x06, 0x01, 0x05, 0x01, 0x06, 0x01, 0x05, 0x01, 0x04, 0x01, 0x05, 0x01, 0x04, 0x09, 0x05, 0x01, 0x04,
    0x03, 0x05, 0x03, 0x06, 0x02, 0x07, 0x01, 0x06, 0x01, 0x04, 0x01, 0x05, 0x01, 0x07, 0x02, 0x05, 0x0E, 0x06, 0x01, 0x05,
    0x01, 0x06, 0x01, 0x05, 0x01, 0x02, 0x01, 0x03, 0x01, 0x05, 0x01, 0x06, 0x01, 0x07, 0x01, 0x06, 0x08, 0x07, 0x01, 0x06,
    0x01, 0x05, 0x01, 0x06, 0x04, 0x07, 0x01, 0x10, 0x01, 0x07, 0x3C, 0x00, 0x02, 0x06, 0x0F, 0x05, 0x01, 0x04, 0x01, 0x05,
    0x01, 0x07, 0x02, 0x06, 0x01, 0x03, 0x02, 0x02, 0x04, 0x05, 0x01, 0x04, 0x01, 0x05, 0x05, 0x04, 0x03, 0x03, 0x01, 0x06,
    0x01, 0x04, 0x03, 0x05, 0x0F, 0x06, 0x02, 0x05, 0x01, 0x04, 0x01, 0x05, 0x04, 0x06, 0x07, 0x07, 0x01, 0x05, 0x01, 0x06,
    0x07, 0x07, 0x01, 0x10, 0x01, 0x07, 0x3B, 0x00, 0x02, 0x06, 0x0A, 0x05, 0x01, 0x06, 0x04, 0x05, 0x01, 0x04, 0x01, 0x03,
    0x06, 0x04, 0x04, 0x07, 0x01, 0x05, 0x01, 0x04, 0x01, 0x05, 0x04, 0x07, 0x01, 0x05, 0x02, 0x02, 0x01, 0x06, 0x01, 0x07,
    0x01, 0x06, 0x01, 0x05, 0x10, 0x06, 0x01, 0x05, 0x01, 0x06, 0x01, 0x03, 0x01, 0x04, 0x06, 0x06, 0x01, 0x07, 0x01, 0x06,
    0x01, 0x07, 0x01, 0x06, 0x02, 0x05, 0x08, 0x07, 0x01, 0x0F, 0x01, 0x07, 0x3A, 0x00, 0x01, 0x07, 0x01, 0x06, 0x11, 0x05,
    0x03, 0x04, 0x01, 0x05, 0x01, 0x06, 0x01, 0x04, 0x01, 0x05, 0x05, 0x07, 0x01, 0x06, 0x06, 0x07, 0x02, 0x04, 0x03, 0x03,
    0x01, 0x05, 0x10, 0x06, 0x01, 0x05, 0x01, 0x06, 0x01, 0x04, 0x01, 0x03, 0x01, 0x05, 0x06, 0x06, 0x01, 0x07, 0x01, 0x06,
    0x01, 0x04, 0x01, 0x06, 0x0A, 0x07, 0x01, 0x10, 0x01, 0x07, 0x39, 0x00, 0x01, 0x07, 0x01, 0x06, 0x13, 0x05, 0x02, 0x06,
    0x01, 0x05, 0x01, 0x04, 0x06, 0x07, 0x01, 0x06, 0x06, 0x07, 0x01, 0x06, 0x04, 0x05, 0x11, 0x06, 0x01, 0x05, 0x01, 0x06,
    0x01, 0x05, 0x01, 0x03, 0x02, 0x05, 0x05, 0x06, 0x01, 0x05, 0x01, 0x04, 0x01, 0x06, 0x0B, 0x07, 0x01, 0x0E, 0x01, 0x07,
    0x39, 0x00, 0x02, 0x06, 0x13, 0x05, 0x02, 0x06, 0x01, 0x05, 0x01, 0x06, 0x06, 0x07, 0x01, 0x05, 0x01, 0x06, 0x04, 0x07,
    0x01, 0x0F, 0x01, 0x07, 0x01, 0x05, 0x14, 0x06, 0x03, 0x05, 0x01, 0x04, 0x01, 0x05, 0x03, 0x06, 0x01, 0x07, 0x01, 0x06,
    0x01, 0x05, 0x01, 0x04, 0x01, 0x06, 0x0E, 0x07, 0x39, 0x00, 0x02, 0x06, 0x16, 0x05, 0x07, 0x07, 0x02, 0x06, 0x06, 0x07,
    0x01, 0x06, 0x01, 0x05, 0x14, 0x06, 0x01, 0x05, 0x01, 0x06, 0x01, 0x05, 0x01, 0x00, 0x01, 0x07, 0x01, 0x06, 0x01, 0x07,
    0x01, 0x06, 0x03, 0x05, 0x02, 0x06, 0x05, 0x07, 0x02, 0x06, 0x07, 0x07, 0x37, 0x00, 0x01, 0x07, 0x01, 0x06, 0x13, 0x05,
    0x01, 0x06, 0x02, 0x05, 0x08, 0x07, 0x01, 0x05, 0x01, 0x06, 0x07, 0x07, 0x01, 0x05, 0x14, 0x06, 0x01, 0x05, 0x03, 0x06,
    0x05, 0x00, 0x04, 0x06, 0x05, 0x07, 0x03, 0x06, 0x06, 0x07, 0x36, 0x00, 0x02, 0x07, 0x0D, 0x05, 0x03, 0x06, 0x06, 0x05,
    0x09, 0x07, 0x01, 0x03, 0x01, 0x06, 0x05, 0x07, 0x02, 0x0E, 0x01, 0x07, 0x01, 0x05, 0x15, 0x06, 0x01, 0x05, 0x01, 0x06,
    0x01, 0x07, 0x05, 0x00, 0x04, 0x06, 0x04, 0x07, 0x01, 0x05, 0x02, 0x06, 0x06, 0x07, 0x35, 0x00, 0x01, 0x07, 0x01, 0x10,
    0x01, 0x06, 0x0D, 0x05, 0x02, 0x06, 0x01, 0x05, 0x01, 0x06, 0x04, 0x05, 0x09, 0x07, 0x01, 0x06, 0x01, 0x03, 0x01, 0x06,
    0x07, 0x07, 0x01, 0x0E, 0x01, 0x07, 0x02, 0x05, 0x10, 0x06, 0x03, 0x05, 0x01, 0x06, 0x03, 0x07, 0x04, 0x00, 0x01, 0x06,
    0x01, 0x07, 0x04, 0x06, 0x01, 0x07, 0x01, 0x06, 0x01, 0x05, 0x03, 0x06, 0x05, 0x07, 0x34, 0x00, 0x05, 0x07, 0x01, 0x06,
    0x11, 0x05, 0x01, 0x06, 0x0A, 0x07, 0x01, 0x05, 0x01, 0x04, 0x03, 0x06, 0x04, 0x07, 0x01, 0x0E, 0x01, 0x07, 0x01, 0x0F,
    0x01, 0x07, 0x01, 0x06, 0x02, 0x05, 0x0B, 0x06, 0x04, 0x05, 0x01, 0x06, 0x05, 0x07, 0x05, 0x00, 0x05, 0x07, 0x01, 0x06,
    0x02, 0x04, 0x01, 0x05, 0x03, 0x06, 0x01, 0x07, 0x01, 0x06, 0x02, 0x07, 0x34, 0x00, 0x01, 0x07, 0x01, 0x0E, 0x07, 0x07,
    0x01, 0x06, 0x0A, 0x05, 0x01, 0x06, 0x0D, 0x07, 0x02, 0x05, 0x01, 0x04, 0x01, 0x06, 0x08, 0x07, 0x02, 0x0E, 0x01, 0x07,
    0x02, 0x06, 0x09, 0x05, 0x03, 0x06, 0x09, 0x07, 0x05, 0x00, 0x03, 0x07, 0x01, 0x06, 0x04, 0x05, 0x04, 0x06, 0x02, 0x07,
    0x35, 0x00, 0x21, 0x07, 0x02, 0x06, 0x01, 0x05, 0x01, 0x04, 0x01, 0x06, 0x01, 0x07, 0x01, 0x06, 0x08, 0x07, 0x01, 0x0F,
    0x01, 0x0E, 0x04, 0x07, 0x01, 0x06, 0x07, 0x07, 0x02, 0x0E, 0x08, 0x07, 0x09, 0x00, 0x02, 0x06, 0x01, 0x05, 0x05, 0x06,
    0x02, 0x07, 0x35, 0x00, 0x20, 0x07, 0x04, 0x06, 0x02, 0x05, 0x02, 0x06, 0x0B, 0x07, 0x08, 0x0E, 0x0D, 0x07, 0x0A, 0x00,
    0x06, 0x06, 0x02, 0x07, 0x36, 0x00, 0x02, 0x07, 0x01, 0x06, 0x1C, 0x07, 0x01, 0x06, 0x01, 0x05, 0x03, 0x06, 0x03, 0x05,
    0x01, 0x07, 0x01, 0x06, 0x0E, 0x07, 0x01, 0x0E, 0x10, 0x07, 0x0B, 0x00, 0x06, 0x07, 0x37, 0x00, 0x02, 0x07, 0x03, 0x06,
    0x01, 0x07, 0x01, 0x06, 0x17, 0x07, 0x01, 0x06, 0x01, 0x05, 0x05, 0x06, 0x03, 0x05, 0x01, 0x07, 0x01, 0x06, 0x09, 0x07,
    0x01, 0x0E, 0x04, 0x07, 0x01, 0x0E, 0x0E, 0x07, 0x4A, 0x00, 0x02, 0x07, 0x05, 0x06, 0x13, 0x07, 0x01, 0x06, 0x01, 0x07,
    0x01, 0x06, 0x01, 0x05, 0x07, 0x06, 0x03, 0x05, 0x03, 0x06, 0x1B, 0x07, 0x4A, 0x00, 0x03, 0x07, 0x0B, 0x06, 0x07, 0x07,
    0x01, 0x06, 0x01, 0x07, 0x02, 0x06, 0x02, 0x07, 0x01, 0x06, 0x02, 0x05, 0x07, 0x06, 0x04, 0x05, 0x05, 0x06, 0x17, 0x07,
    0x4C, 0x00, 0x04, 0x07, 0x08, 0x06, 0x01, 0x07, 0x0C, 0x06, 0x03, 0x05, 0x09, 0x06, 0x04, 0x05, 0x06, 0x06, 0x14, 0x07,
    0x4F, 0x00, 0x03, 0x07, 0x12, 0x06, 0x03, 0x05, 0x0D, 0x06, 0x04, 0x05, 0x0F, 0x06, 0x01, 0x07, 0x01, 0x06, 0x01, 0x07,
    0x03, 0x06, 0x01, 0x07, 0x54, 0x00, 0x0F, 0x06, 0x05, 0x05, 0x10, 0x06, 0x05, 0x05, 0x0F, 0x06, 0x01, 0x05, 0x02, 0x06,
    0x55, 0x00, 0x01, 0x07, 0x01, 0x06, 0x0F, 0x05, 0x14, 0x06, 0x14, 0x05, 0x01, 0x06, 0x01, 0x07, 0x55, 0x00, 0x02, 0x07,
    0x0D, 0x05, 0x18, 0x06, 0x0E, 0x05, 0x04, 0x06, 0x02, 0x07, 0x55, 0x00, 0x02, 0x07, 0x03, 0x06, 0x0A, 0x05, 0x18, 0x06,
    0x0B, 0x05, 0x07, 0x06, 0x02, 0x07, 0x55, 0x00, 0x02, 0x07, 0x03, 0x06, 0x0B, 0x05, 0x01, 0x06, 0x01, 0x05, 0x0D, 0x06,
    0x01, 0x05, 0x04, 0x06, 0x0B, 0x05, 0x0A, 0x06, 0x02, 0x07, 0x55, 0x00, 0x02, 0x07, 0x0C, 0x06, 0x08, 0x05, 0x0D, 0x06,
    0x08, 0x05, 0x0E, 0x06, 0x02, 0x07, 0x55, 0x00, 0x02, 0x07, 0x0F, 0x06, 0x08, 0x05, 0x02, 0x06, 0x04, 0x07, 0x04, 0x06,
    0x07, 0x05, 0x0F, 0x06, 0x02, 0x07, 0x56, 0x00, 0x01, 0x07, 0x10, 0x06, 0x05, 0x05, 0x01, 0x04, 0x01, 0x05, 0x09, 0x00,
    0x01, 0x06, 0x06, 0x05, 0x0C, 0x06, 0x06, 0x07, 0x56, 0x00, 0x01, 0x07, 0x11, 0x06, 0x05, 0x05, 0x01, 0x06, 0x09, 0x00,
    0x02, 0x06, 0x04, 0x05, 0x0B, 0x06, 0x05, 0x07, 0x01, 0x06, 0x02, 0x07, 0x56, 0x00, 0x01, 0x07, 0x12, 0x06, 0x04, 0x05,
    0x01, 0x06, 0x0A, 0x00, 0x01, 0x06, 0x04, 0x05, 0x0A, 0x06, 0x06, 0x07, 0x01, 0x06, 0x02, 0x07, 0x56, 0x00, 0x02, 0x07,
    0x12, 0x06, 0x02, 0x05, 0x01, 0x06, 0x01, 0x07, 0x0A, 0x00, 0x01, 0x06, 0x03, 0x05, 0x0A, 0x06, 0x07, 0x07, 0x01, 0x06,
    0x02, 0x07, 0x56, 0x00, 0x02, 0x07, 0x12, 0x06, 0x02, 0x05, 0x01, 0x06, 0x01, 0x07, 0x0A, 0x00, 0x02, 0x06, 0x02, 0x05,
    0x0A, 0x06, 0x07, 0x07, 0x01, 0x06, 0x02, 0x07, 0x56, 0x00, 0x02, 0x07, 0x13, 0x06, 0x01, 0x05, 0x01, 0x06, 0x01, 0x07,
    0x0A, 0x00, 0x01, 0x07, 0x01, 0x06, 0x02, 0x05, 0x0B, 0x06, 0x06, 0x07, 0x01, 0x06, 0x02, 0x07, 0x56, 0x00, 0x02, 0x07,
    0x13, 0x06, 0x01, 0x05, 0x01, 0x06, 0x01, 0x07, 0x0A, 0x00, 0x01, 0x07, 0x01, 0x06, 0x02, 0x05, 0x0B, 0x06, 0x05, 0x07,
    0x02, 0x06, 0x02, 0x07, 0x56, 0x00, 0x02, 0x07, 0x13, 0x06, 0x01, 0x05, 0x01, 0x06, 0x01, 0x07, 0x0A, 0x00, 0x01, 0x07,
    0x01, 0x06, 0x02, 0x05, 0x0D, 0x06, 0x03, 0x07, 0x02, 0x06, 0x02, 0x07, 0x56, 0x00, 0x02, 0x07, 0x13, 0x06, 0x01, 0x05,
    0x01, 0x06, 0x01, 0x07, 0x0A, 0x00, 0x01, 0x07, 0x01, 0x06, 0x02, 0x05, 0x07, 0x06, 0x0D, 0x07, 0x56, 0x00, 0x03, 0x07,
    0x07, 0x06, 0x06, 0x07, 0x05, 0x06, 0x01, 0x05, 0x01, 0x06, 0x01, 0x07, 0x0B, 0x00, 0x01, 0x06, 0x02, 0x05, 0x05, 0x06,
    0x0D, 0x07, 0x01, 0x10, 0x01, 0x07, 0x56, 0x00, 0x05, 0x07, 0x02, 0x06, 0x01, 0x07, 0x03, 0x06, 0x06, 0x07, 0x06, 0x06,
    0x01, 0x07, 0x0B, 0x00, 0x06, 0x06, 0x10, 0x07, 0x01, 0x10, 0x01, 0x07, 0x54, 0x00, 0x12, 0x07, 0x05, 0x06, 0x02, 0x07,
    0x0B, 0x00, 0x02, 0x06, 0x01, 0x05, 0x05, 0x06, 0x0E, 0x07, 0x01, 0x0F, 0x01, 0x0E, 0x54, 0x00, 0x13, 0x07, 0x02, 0x06,
    0x01, 0x07, 0x01, 0x06, 0x02, 0x07, 0x0B, 0x00, 0x07, 0x06, 0x10, 0x07, 0x01, 0x10, 0x01, 0x07, 0x52, 0x00, 0x01, 0x07,
    0x01, 0x0E, 0x13, 0x07, 0x01, 0x06, 0x01, 0x07, 0x01, 0x06, 0x02, 0x07, 0x0B, 0x00, 0x06, 0x06, 0x05, 0x07, 0x01, 0x06,
    0x0D, 0x07, 0x52, 0x00, 0x02, 0x07, 0x01, 0x06, 0x02, 0x07, 0x01, 0x06, 0x08, 0x07, 0x01, 0x06, 0x07, 0x07, 0x02, 0x06,
    0x02, 0x07, 0x0B, 0x00, 0x06, 0x06, 0x05, 0x07, 0x01, 0x06, 0x0C, 0x07, 0x01, 0x0E, 0x01, 0x07, 0x51, 0x00, 0x02, 0x07,
    0x01, 0x06, 0x02, 0x07, 0x01, 0x06, 0x08, 0x07, 0x01, 0x06, 0x06, 0x07, 0x03, 0x06, 0x02, 0x07, 0x0B, 0x00, 0x07, 0x06,
    0x04, 0x07, 0x01, 0x06, 0x08, 0x07, 0x01, 0x06, 0x05, 0x07, 0x51, 0x00, 0x01, 0x07, 0x02, 0x06, 0x01, 0x07, 0x03, 0x06,
    0x07, 0x07, 0x01, 0x06, 0x06, 0x07, 0x03, 0x06, 0x02, 0x07, 0x0B, 0x00, 0x07, 0x06, 0x04, 0x07, 0x01, 0x05, 0x01, 0x06,
    0x07, 0x07, 0x01, 0x06, 0x05, 0x07, 0x51, 0x00, 0x01, 0x07, 0x02, 0x06, 0x01, 0x07, 0x04, 0x06, 0x06, 0x07, 0x02, 0x06,
    0x05, 0x07, 0x04, 0x06, 0x01, 0x07, 0x0B, 0x00, 0x08, 0x06, 0x03, 0x07, 0x01, 0x05, 0x01, 0x06, 0x07, 0x07, 0x01, 0x06,
    0x05, 0x07, 0x51, 0x00, 0x02, 0x07, 0x01, 0x06, 0x01, 0x07, 0x06, 0x06, 0x04, 0x07, 0x01, 0x06, 0x05, 0x07, 0x03, 0x06,
    0x01, 0x07, 0x01, 0x06, 0x0C, 0x00, 0x09, 0x06, 0x02, 0x07, 0x01, 0x05, 0x02, 0x06, 0x06, 0x07, 0x02, 0x06, 0x04, 0x07,
    0x51, 0x00, 0x02, 0x07, 0x03, 0x06, 0x01, 0x05, 0x06, 0x06, 0x02, 0x07, 0x01, 0x05, 0x01, 0x06, 0x02, 0x07, 0x03, 0x06,
    0x02, 0x07, 0x01, 0x06, 0x0E, 0x00, 0x08, 0x06, 0x02, 0x07, 0x01, 0x05, 0x05, 0x06, 0x03, 0x07, 0x03, 0x06, 0x02, 0x07,
    0x53, 0x00, 0x03, 0x07, 0x01, 0x06, 0x01, 0x05, 0x01, 0x07, 0x05, 0x06, 0x02, 0x07, 0x01, 0x05, 0x01, 0x06, 0x01, 0x07,
    0x01, 0x06, 0x03, 0x07, 0x02, 0x06, 0x10, 0x00, 0x01, 0x05, 0x02, 0x06, 0x01, 0x07, 0x03, 0x06, 0x02, 0x07, 0x06, 0x06,
    0x03, 0x07, 0x01, 0x06, 0x03, 0x07, 0x56, 0x00, 0x02, 0x06, 0x01, 0x03, 0x06, 0x06, 0x01, 0x07, 0x01, 0x06, 0x01, 0x04,
    0x04, 0x06, 0x01, 0x07, 0x01, 0x06, 0x14, 0x00, 0x01, 0x05, 0x01, 0x06, 0x01, 0x07, 0x04, 0x06, 0x01, 0x04, 0x06, 0x06,
    0x01, 0x07, 0x02, 0x05, 0x02, 0x06, 0x5C, 0x00, 0x05, 0x06, 0x25, 0x00, 0x04, 0x06, 0xFF, 0x00, 0xFF, 0x00, 0xFF, 0x00,
    0xFF, 0x00, 0xFF, 0x00, 0xCB, 0x00,
};

static const uint8_t *const momo_sprites[MOMO_SPRITE_COUNT] = {
    momo_sprite_0, momo_sprite_1, momo_sprite_2, momo_sprite_3, momo_sprite_4, momo_sprite_5, momo_sprite_6, momo_sprite_7,
};
static const uint32_t momo_sprite_sizes[MOMO_SPRITE_COUNT] = {
    sizeof(momo_sprite_0), sizeof(momo_sprite_1), sizeof(momo_sprite_2), sizeof(momo_sprite_3), sizeof(momo_sprite_4), sizeof(momo_sprite_5), sizeof(momo_sprite_6), sizeof(momo_sprite_7),
};

#endif
